row,expense_id,amount
1,E00001,6738.86
2,E00002,1883.62
3,E00003,93703.17
4,E00004,1361.11
5,E00005,992.62
6,E00006,17236.57
7,E00007,7609.77
8,E00008,531.41
9,E00009,340.62
10,E00010,7442.41
11,E00011,236.25
12,E00012,178.71
13,E00013,2751.25
14,E00014,806.26
15,E00015,545.34
16,E00016,469.16
17,E00017,924.98
18,E00018,9695.06
19,E00019,3297.87
20,E00020,43385.74
21,E00021,53259.77
22,E00022,10902.95
23,E00023,38147.82
24,E00024,638.59
25,E00025,1515.42
26,E00026,87937.66
27,E00027,408.41
28,E00028,6070.86
29,E00029,10608.92
30,E00030,1692.96
31,E00031,454.84
32,E00032,2023.96
33,E00033,8669.34
34,E00034,9899.46
35,E00035,9670.51
36,E00036,30250.28
37,E00037,9921.49
38,E00038,89672.13
39,E00039,8338.78
40,E00040,930.35
41,E00041,219.65
42,E00042,431.6
43,E00043,837.33
44,E00044,51845.75
45,E00045,514.01
46,E00046,7722.34
47,E00047,1805.66
48,E00048,66633.07
49,E00049,725.01
50,E00050,68981.53
51,E00051,98172.03
52,E00052,635.47
53,E00053,67063.73
54,E00054,49081.62
55,E00055,22682.48
56,E00056,5162.77
57,E00057,55910.35
58,E00058,9717.57
59,E00059,13384.27
60,E00060,4766.96
61,E00061,2905.21
62,E00062,2679.7
63,E00063,504.93
64,E00064,7068.96
65,E00065,623.94
66,E00066,49938.59
67,E00067,383.35
68,E00068,36280.23
69,E00069,88175.78
70,E00070,975.19
71,E00071,8849.8
72,E00072,4674.57
73,E00073,8187.35
74,E00074,81703.04
75,E00075,58812.9
76,E00076,927.96
77,E00077,2043.65
78,E00078,744.68
79,E00079,48171.25
80,E00080,5202.09
81,E00081,42629.59
82,E00082,572.03
83,E00083,62882.6
84,E00084,8941.98
85,E00085,5658.71
86,E00086,51583.39
87,E00087,303.81
88,E00088,61975.25
89,E00089,622.19
90,E00090,666.67
91,E00091,2649.48
92,E00092,69150.45
93,E00093,443.65
94,E00094,6923.57
95,E00095,502.41
96,E00096,167.49
97,E00097,3717.17
98,E00098,3725.14
99,E00099,715.98
100,E00100,673.45
101,E00101,4990.03
102,E00102,5001.1
103,E00103,57415.02
104,E00104,6585.88
105,E00105,2001.53
106,E00106,8017.53
107,E00107,280.42
108,E00108,1406.53
109,E00109,4992.9
110,E00110,37808.4
111,E00111,522.27
112,E00112,7989.65
113,E00113,50313.97
114,E00114,99660.97
115,E00115,118.11
116,E00116,87178.81
117,E00117,201.75
118,E00118,2320.08
119,E00119,44745.34
120,E00120,448.93
121,E00121,4377.4
122,E00122,378.89
123,E00123,8382.42
124,E00124,780.53
125,E00125,1524.25
126,E00126,73452.09
127,E00127,360.43
128,E00128,38671.0
129,E00129,9427.05
130,E00130,32561.21
131,E00131,143.9
132,E00132,815.11
133,E00133,371.42
134,E00134,8106.32
135,E00135,741.97
136,E00136,684.88
137,E00137,19813.92
138,E00138,6434.61
139,E00139,967.2
140,E00140,35432.68
141,E00141,663.87
142,E00142,9355.52
143,E00143,9683.78
144,E00144,17718.97
145,E00145,515.66
146,E00146,28541.3
147,E00147,39815.81
148,E00148,756.83
149,E00149,31111.97
150,E00150,317.64
151,E00151,40820.26
152,E00152,832.67
153,E00153,877.25
154,E00154,96016.46
155,E00155,2210.25
156,E00156,4315.32
157,E00157,274.52
158,E00158,927.59
159,E00159,64056.31
160,E00160,9358.08
161,E00161,89882.33
162,E00162,746.69
163,E00163,5158.35
164,E00164,133.84
165,E00165,103.15
166,E00166,760.35
167,E00167,8079.46
168,E00168,924.22
169,E00169,3865.31
170,E00170,92507.35
171,E00171,4373.42
172,E00172,690.71
173,E00173,33793.25
174,E00174,106.71
175,E00175,9463.49
176,E00176,573.84
177,E00177,538.01
178,E00178,50071.59
179,E00179,438.37
180,E00180,16167.84
181,E00181,128.9
182,E00182,2575.71
183,E00183,4513.34
184,E00184,18116.9
185,E00185,784.17
186,E00186,767.0
187,E00187,48286.73
188,E00188,259.54
189,E00189,439.6
190,E00190,7087.14
191,E00191,919.34
192,E00192,32453.21
193,E00193,33687.74
194,E00194,99248.03
195,E00195,4452.76
196,E00196,80536.17
197,E00197,3825.45
198,E00198,29545.93
199,E00199,9693.84
200,E00200,86716.43
201,E00201,6874.33
202,E00202,67266.12
203,E00203,43140.55
204,E00204,128.25
205,E00205,79629.27
206,E00206,4009.41
207,E00207,5543.23
208,E00208,24116.18
209,E00209,6625.31
210,E00210,7564.98
211,E00211,8729.96
212,E00212,4410.07
213,E00213,7802.65
214,E00214,91021.86
215,E00215,881.69
216,E00216,92595.42
217,E00217,790.61
218,E00218,2963.42
219,E00219,3593.03
220,E00220,28721.09
221,E00221,109.66
222,E00222,7241.2
223,E00223,285.78
224,E00224,76026.5
225,E00225,158.22
226,E00226,9531.37
227,E00227,11704.03
228,E00228,74359.73
229,E00229,1694.68
230,E00230,77717.24
231,E00231,7656.42
232,E00232,3972.15
233,E00233,337.87
234,E00234,9047.11
235,E00235,49324.1
236,E00236,60829.42
237,E00237,763.22
238,E00238,1048.43
239,E00239,5489.09
240,E00240,946.14
241,E00241,18244.53
242,E00242,474.09
243,E00243,395.02
244,E00244,50955.91
245,E00245,64368.55
246,E00246,6097.79
247,E00247,701.74
248,E00248,955.62
249,E00249,912.34
250,E00250,23265.72
251,E00251,269.29
252,E00252,315.66
253,E00253,59922.36
254,E00254,481.73
255,E00255,10730.51
256,E00256,80334.41
257,E00257,726.23
258,E00258,88748.13
259,E00259,260.81
260,E00260,398.3
261,E00261,123.24
262,E00262,7637.32
263,E00263,702.36
264,E00264,42878.11
265,E00265,424.51
266,E00266,9450.42
267,E00267,510.84
268,E00268,856.71
269,E00269,35908.77
270,E00270,6491.39
271,E00271,59747.75
272,E00272,67102.39
273,E00273,8035.1
274,E00274,485.73
275,E00275,94015.82
276,E00276,788.22
277,E00277,275.83
278,E00278,6374.31
279,E00279,8547.26
280,E00280,444.82
281,E00281,43971.34
282,E00282,23053.35
283,E00283,801.33
284,E00284,70660.23
285,E00285,32533.26
286,E00286,712.91
287,E00287,27926.59
288,E00288,775.72
289,E00289,2868.22
290,E00290,19431.79
291,E00291,5352.5
292,E00292,790.89
293,E00293,9717.53
294,E00294,69087.45
295,E00295,737.69
296,E00296,84925.07
297,E00297,2349.05
298,E00298,51290.14
299,E00299,10353.62
300,E00300,39730.14
301,E00301,6201.71
302,E00302,9844.36
303,E00303,1743.59
304,E00304,604.03
305,E00305,35022.57
306,E00306,2070.63
307,E00307,54118.85
308,E00308,2699.78
309,E00309,925.23
310,E00310,374.36
311,E00311,50092.48
312,E00312,5259.07
313,E00313,99788.77
314,E00314,911.43
315,E00315,3380.78
316,E00316,27860.29
317,E00317,14553.74
318,E00318,871.93
319,E00319,8899.8
320,E00320,16764.69
321,E00321,830.03
322,E00322,8269.42
323,E00323,736.54
324,E00324,223.67
325,E00325,59118.81
326,E00326,420.08
327,E00327,1543.14
328,E00328,6146.11
329,E00329,5606.06
330,E00330,2009.06
331,E00331,771.9
332,E00332,341.74
333,E00333,24062.3
334,E00334,27021.42
335,E00335,718.42
336,E00336,6845.25
337,E00337,86086.57
338,E00338,524.73
339,E00339,90539.07
340,E00340,946.78
341,E00341,61008.01
342,E00342,7019.07
343,E00343,36445.91
344,E00344,161.08
345,E00345,682.07
346,E00346,79634.85
347,E00347,6170.17
348,E00348,9734.65
349,E00349,8545.46
350,E00350,272.7
351,E00351,389.63
352,E00352,466.3
353,E00353,707.24
354,E00354,39059.26
355,E00355,21429.44
356,E00356,30813.55
357,E00357,2491.31
358,E00358,51714.08
359,E00359,13845.55
360,E00360,9367.4
361,E00361,582.8
362,E00362,140.03
363,E00363,990.12
364,E00364,226.58
365,E00365,3299.02
366,E00366,9897.13
367,E00367,71817.73
368,E00368,43692.32
369,E00369,863.29
370,E00370,66750.66
371,E00371,346.66
372,E00372,23342.12
373,E00373,95792.15
374,E00374,906.75
375,E00375,2511.61
376,E00376,40189.01
377,E00377,3834.79
378,E00378,561.9
379,E00379,191.15
380,E00380,16063.86
381,E00381,30928.12
382,E00382,53836.94
383,E00383,10301.08
384,E00384,469.94
385,E00385,82801.85
386,E00386,241.01
387,E00387,7787.36
388,E00388,39741.07
389,E00389,674.56
390,E00390,8944.52
391,E00391,946.96
392,E00392,66164.32
393,E00393,182.0
394,E00394,777.12
395,E00395,752.65
396,E00396,358.65
397,E00397,956.36
398,E00398,517.55
399,E00399,73877.71
400,E00400,6783.93
401,E00401,5852.14
402,E00402,3047.85
403,E00403,4083.28
404,E00404,7199.01
405,E00405,7840.25
406,E00406,859.84
407,E00407,73734.49
408,E00408,188.47
409,E00409,382.36
410,E00410,415.63
411,E00411,125.69
412,E00412,4763.02
413,E00413,67801.3
414,E00414,465.17
415,E00415,276.09
416,E00416,64963.66
417,E00417,99441.19
418,E00418,771.7
419,E00419,94102.88
420,E00420,16889.17
421,E00421,92474.84
422,E00422,45863.81
423,E00423,517.77
424,E00424,763.09
425,E00425,449.28
426,E00426,32493.0
427,E00427,995.06
428,E00428,92679.66
429,E00429,986.21
430,E00430,81691.22
431,E00431,10433.27
432,E00432,29900.58
433,E00433,316.45
434,E00434,81592.48
435,E00435,835.85
436,E00436,926.2
437,E00437,3409.35
438,E00438,394.74
439,E00439,470.33
440,E00440,5331.21
441,E00441,505.66
442,E00442,7374.97
443,E00443,539.49
444,E00444,2708.96
445,E00445,88584.35
446,E00446,90534.59
447,E00447,5027.26
448,E00448,58168.32
449,E00449,66991.28
450,E00450,78174.67
451,E00451,909.56
452,E00452,85066.18
453,E00453,1052.46
454,E00454,47321.52
455,E00455,22732.68
456,E00456,8107.78
457,E00457,386.51
458,E00458,8565.22
459,E00459,2051.18
460,E00460,9653.24
461,E00461,55923.64
462,E00462,4724.31
463,E00463,255.91
464,E00464,8445.2
465,E00465,7684.63
466,E00466,19903.9
467,E00467,424.11
468,E00468,3443.55
469,E00469,1350.03
470,E00470,840.41
471,E00471,27235.48
472,E00472,1814.96
473,E00473,4255.46
474,E00474,67648.48
475,E00475,91085.08
476,E00476,532.89
477,E00477,884.93
478,E00478,5059.19
479,E00479,59180.83
480,E00480,988.62
481,E00481,1666.59
482,E00482,159.66
483,E00483,34370.99
484,E00484,5091.69
485,E00485,33349.2
486,E00486,1856.79
487,E00487,6853.03
488,E00488,74432.78
489,E00489,460.59
490,E00490,715.69
491,E00491,1465.03
492,E00492,57579.04
493,E00493,1096.13
494,E00494,26638.46
495,E00495,94803.91
496,E00496,4990.28
497,E00497,71190.42
498,E00498,3611.49
499,E00499,50867.66
500,E00500,9010.97
501,E00501,328.63
502,E00502,9404.32
503,E00503,6494.0
504,E00504,74806.76
505,E00505,1915.85
506,E00506,68006.2
507,E00507,43052.67
508,E00508,123.95
509,E00509,8011.03
510,E00510,81417.28
511,E00511,3757.82
512,E00512,144.51
513,E00513,109.45
514,E00514,66653.3
515,E00515,868.31
516,E00516,5285.93
517,E00517,9805.48
518,E00518,420.76
519,E00519,1478.29
520,E00520,6571.44
521,E00521,3794.78
522,E00522,499.33
523,E00523,8031.77
524,E00524,90623.87
525,E00525,93601.48
526,E00526,91105.91
527,E00527,96001.45
528,E00528,12067.77
529,E00529,5603.49
530,E00530,458.28
531,E00531,7128.18
532,E00532,3094.88
533,E00533,8598.22
534,E00534,39065.06
535,E00535,417.51
536,E00536,3119.29
537,E00537,932.95
538,E00538,6647.63
539,E00539,8672.49
540,E00540,9351.21
541,E00541,23050.26
542,E00542,7915.49
543,E00543,5758.06
544,E00544,5370.51
545,E00545,6566.7
546,E00546,66393.03
547,E00547,4566.12
548,E00548,759.54
549,E00549,37332.03
550,E00550,3436.76
551,E00551,954.78
552,E00552,475.78
553,E00553,95926.0
554,E00554,601.7
555,E00555,6340.48
556,E00556,89100.22
557,E00557,5473.55
558,E00558,15936.93
559,E00559,714.66
560,E00560,1573.17
561,E00561,3829.11
562,E00562,262.51
563,E00563,6803.19
564,E00564,2100.43
565,E00565,474.74
566,E00566,370.77
567,E00567,824.07
568,E00568,138.05
569,E00569,3887.32
570,E00570,22662.31
571,E00571,7217.34
572,E00572,8194.87
573,E00573,674.84
574,E00574,386.74
575,E00575,71139.21
576,E00576,1913.68
577,E00577,86167.1
578,E00578,85008.11
579,E00579,67602.19
580,E00580,945.17
581,E00581,93070.05
582,E00582,3809.78
583,E00583,666.2
584,E00584,9274.95
585,E00585,8715.05
586,E00586,6719.94
587,E00587,754.92
588,E00588,70495.99
589,E00589,211.07
590,E00590,240.93
591,E00591,2822.49
592,E00592,575.91
593,E00593,9622.58
594,E00594,67904.7
595,E00595,57544.81
596,E00596,13853.81
597,E00597,20628.62
598,E00598,8550.89
599,E00599,140.96
600,E00600,5165.75
601,E00601,43492.41
602,E00602,2640.6
603,E00603,135.61
604,E00604,833.11
605,E00605,98917.32
606,E00606,813.02
607,E00607,6653.61
608,E00608,937.69
609,E00609,41223.53
610,E00610,8653.66
611,E00611,1281.37
612,E00612,8439.86
613,E00613,95476.84
614,E00614,2410.74
615,E00615,562.0
616,E00616,17182.99
617,E00617,99660.43
618,E00618,3598.75
619,E00619,155.85
620,E00620,463.95
621,E00621,208.78
622,E00622,31683.16
623,E00623,906.57
624,E00624,207.47
625,E00625,3057.57
626,E00626,861.36
627,E00627,21334.24
628,E00628,911.16
629,E00629,988.55
630,E00630,6766.27
631,E00631,35768.21
632,E00632,303.51
633,E00633,712.13
634,E00634,428.09
635,E00635,859.53
636,E00636,781.49
637,E00637,606.12
638,E00638,220.63
639,E00639,643.01
640,E00640,33432.44
641,E00641,300.15
642,E00642,40113.2
643,E00643,2530.08
644,E00644,15987.32
645,E00645,50244.67
646,E00646,40355.2
647,E00647,2457.05
648,E00648,6514.6
649,E00649,607.26
650,E00650,210.19
651,E00651,814.88
652,E00652,9543.73
653,E00653,3500.85
654,E00654,693.34
655,E00655,772.63
656,E00656,2552.42
657,E00657,379.23
658,E00658,7225.87
659,E00659,922.16
660,E00660,9826.43
661,E00661,356.96
662,E00662,86384.15
663,E00663,4308.38
664,E00664,52635.19
665,E00665,7753.6
666,E00666,8496.73
667,E00667,5180.87
668,E00668,2622.58
669,E00669,1053.45
670,E00670,86099.72
671,E00671,3727.31
672,E00672,564.46
673,E00673,98994.18
674,E00674,1242.56
675,E00675,3485.54
676,E00676,168.22
677,E00677,1331.99
678,E00678,6248.2
679,E00679,7472.32
680,E00680,3112.24
681,E00681,914.01
682,E00682,273.52
683,E00683,72234.03
684,E00684,217.51
685,E00685,4998.15
686,E00686,765.55
687,E00687,89058.14
688,E00688,967.64
689,E00689,8563.26
690,E00690,1422.78
691,E00691,5360.29
692,E00692,641.61
693,E00693,618.49
694,E00694,2024.33
695,E00695,8448.65
696,E00696,99551.75
697,E00697,58127.07
698,E00698,6389.5
699,E00699,62377.19
700,E00700,2453.9
701,E00701,747.83
702,E00702,383.55
703,E00703,57103.74
704,E00704,64530.66
705,E00705,7243.48
706,E00706,5713.05
707,E00707,4069.48
708,E00708,409.21
709,E00709,388.08
710,E00710,36461.72
711,E00711,59314.7
712,E00712,2666.39
713,E00713,1030.23
714,E00714,819.24
715,E00715,719.77
716,E00716,1306.09
717,E00717,661.26
718,E00718,6584.97
719,E00719,99548.61
720,E00720,1513.29
721,E00721,538.8
722,E00722,741.78
723,E00723,5770.61
724,E00724,8737.12
725,E00725,8530.65
726,E00726,1186.36
727,E00727,686.12
728,E00728,86046.57
729,E00729,22616.22
730,E00730,9758.49
731,E00731,56107.21
732,E00732,42027.48
733,E00733,7901.98
734,E00734,377.35
735,E00735,1528.09
736,E00736,86204.2
737,E00737,248.89
738,E00738,261.13
739,E00739,6906.71
740,E00740,50193.1
741,E00741,79203.84
742,E00742,598.01
743,E00743,3834.98
744,E00744,948.5
745,E00745,568.36
746,E00746,2728.14
747,E00747,913.29
748,E00748,760.83
749,E00749,88252.88
750,E00750,198.87
751,E00751,30314.34
752,E00752,7681.43
753,E00753,70960.55
754,E00754,330.19
755,E00755,35899.49
756,E00756,3209.87
757,E00757,58624.29
758,E00758,51833.42
759,E00759,1642.0
760,E00760,6215.81
761,E00761,164.97
762,E00762,40575.49
763,E00763,48113.18
764,E00764,777.17
765,E00765,8172.41
766,E00766,50248.42
767,E00767,7782.39
768,E00768,2876.89
769,E00769,1043.43
770,E00770,8731.33
771,E00771,725.29
772,E00772,31317.79
773,E00773,995.03
774,E00774,96220.87
775,E00775,5154.93
776,E00776,30682.02
777,E00777,440.12
778,E00778,5125.58
779,E00779,3572.49
780,E00780,844.51
781,E00781,2718.23
782,E00782,3625.59
783,E00783,3576.75
784,E00784,48175.58
785,E00785,5478.39
786,E00786,50970.02
787,E00787,3974.04
788,E00788,23888.63
789,E00789,8263.45
790,E00790,1487.44
791,E00791,9810.56
792,E00792,2103.84
793,E00793,156.61
794,E00794,9740.4
795,E00795,6224.87
796,E00796,373.57
797,E00797,8388.51
798,E00798,486.08
799,E00799,62334.5
800,E00800,664.59
801,E00801,179.29
802,E00802,898.44
803,E00803,8618.88
804,E00804,958.61
805,E00805,85242.1
806,E00806,91574.92
807,E00807,39245.73
808,E00808,7853.98
809,E00809,8023.22
810,E00810,285.59
811,E00811,480.07
812,E00812,731.54
813,E00813,933.89
814,E00814,112.0
815,E00815,13609.65
816,E00816,795.58
817,E00817,741.21
818,E00818,51550.72
819,E00819,90081.07
820,E00820,88603.84
821,E00821,683.45
822,E00822,259.29
823,E00823,9591.17
824,E00824,614.43
825,E00825,1324.98
826,E00826,1763.11
827,E00827,93281.25
828,E00828,8519.39
829,E00829,2158.59
830,E00830,16020.03
831,E00831,8562.46
832,E00832,5310.24
833,E00833,66598.8
834,E00834,64537.63
835,E00835,96024.18
836,E00836,9496.93
837,E00837,6051.66
838,E00838,69052.81
839,E00839,1250.49
840,E00840,1370.15
841,E00841,163.8
842,E00842,8278.68
843,E00843,4167.72
844,E00844,772.16
845,E00845,71089.53
846,E00846,3316.29
847,E00847,7321.23
848,E00848,5081.88
849,E00849,67085.64
850,E00850,417.12
851,E00851,68604.7
852,E00852,4641.86
853,E00853,868.88
854,E00854,54011.68
855,E00855,928.58
856,E00856,709.62
857,E00857,135.53
858,E00858,1687.94
859,E00859,86195.78
860,E00860,472.09
861,E00861,911.89
862,E00862,480.98
863,E00863,533.64
864,E00864,853.23
865,E00865,49144.93
866,E00866,219.74
867,E00867,40907.32
868,E00868,6525.02
869,E00869,7475.58
870,E00870,3728.36
871,E00871,441.82
872,E00872,294.43
873,E00873,790.34
874,E00874,1218.02
875,E00875,28217.2
876,E00876,8178.83
877,E00877,51679.52
878,E00878,9831.67
879,E00879,29377.18
880,E00880,147.15
881,E00881,138.5
882,E00882,65928.96
883,E00883,788.38
884,E00884,1340.29
885,E00885,37123.1
886,E00886,137.59
887,E00887,8489.03
888,E00888,6035.69
889,E00889,46303.73
890,E00890,77680.87
891,E00891,3230.29
892,E00892,351.28
893,E00893,97800.16
894,E00894,197.18
895,E00895,586.07
896,E00896,3638.38
897,E00897,49048.19
898,E00898,5594.27
899,E00899,5910.56
900,E00900,5539.25
901,E00901,3590.02
902,E00902,1720.64
903,E00903,929.75
904,E00904,18852.25
905,E00905,4095.22
906,E00906,30439.47
907,E00907,6723.83
908,E00908,793.16
909,E00909,269.57
910,E00910,9961.35
911,E00911,301.23
912,E00912,48347.82
913,E00913,202.29
914,E00914,53450.9
915,E00915,81915.13
916,E00916,9973.53
917,E00917,65503.68
918,E00918,53489.73
919,E00919,78840.41
920,E00920,460.6
921,E00921,718.6
922,E00922,9101.7
923,E00923,340.95
924,E00924,842.4
925,E00925,7288.39
926,E00926,698.47
927,E00927,90107.81
928,E00928,650.82
929,E00929,9013.88
930,E00930,448.44
931,E00931,8671.71
932,E00932,97182.51
933,E00933,355.93
934,E00934,8418.95
935,E00935,6262.09
936,E00936,1299.08
937,E00937,632.53
938,E00938,3767.67
939,E00939,90361.16
940,E00940,7437.25
941,E00941,203.77
942,E00942,53032.87
943,E00943,54980.01
944,E00944,699.19
945,E00945,378.89
946,E00946,516.47
947,E00947,83776.98
948,E00948,4373.49
949,E00949,53664.72
950,E00950,252.43
951,E00951,796.05
952,E00952,48469.04
953,E00953,30980.96
954,E00954,879.43
955,E00955,740.54
956,E00956,75816.84
957,E00957,57287.21
958,E00958,4738.3
959,E00959,2168.14
960,E00960,772.97
961,E00961,9587.24
962,E00962,9474.27
963,E00963,172.49
964,E00964,44285.29
965,E00965,82778.74
966,E00966,7032.11
967,E00967,119.18
968,E00968,326.06
969,E00969,217.11
970,E00970,3148.03
971,E00971,21047.7
972,E00972,3874.51
973,E00973,290.18
974,E00974,19142.19
975,E00975,4258.27
976,E00976,45728.39
977,E00977,608.21
978,E00978,62851.07
979,E00979,9801.7
980,E00980,64408.11
981,E00981,5920.43
982,E00982,7151.1
983,E00983,5829.98
984,E00984,2665.26
985,E00985,876.76
986,E00986,5095.56
987,E00987,1293.01
988,E00988,59415.39
989,E00989,396.77
990,E00990,79610.0
991,E00991,649.27
992,E00992,994.94
993,E00993,13300.72
994,E00994,2029.53
995,E00995,94157.31
996,E00996,88811.7
997,E00997,48032.36
998,E00998,690.47
999,E00999,789.09
1000,E01000,65076.67
1001,E01001,3815.42
1002,E01002,20594.88
1003,E01003,224.61
1004,E01004,1855.41
1005,E01005,89576.64
1006,E01006,4194.36
1007,E01007,9533.71
1008,E01008,8126.64
1009,E01009,94637.68
1010,E01010,82018.45
1011,E01011,6059.09
1012,E01012,658.74
1013,E01013,5145.06
1014,E01014,4049.87
1015,E01015,373.72
1016,E01016,188.25
1017,E01017,65861.56
1018,E01018,121.22
1019,E01019,69586.08
1020,E01020,961.95
1021,E01021,583.96
1022,E01022,56655.55
1023,E01023,87197.66
1024,E01024,848.3
1025,E01025,183.48
1026,E01026,701.36
1027,E01027,2304.49
1028,E01028,1082.28
1029,E01029,53148.44
1030,E01030,9764.45
1031,E01031,35114.27
1032,E01032,8484.12
1033,E01033,1880.85
1034,E01034,8887.17
1035,E01035,298.67
1036,E01036,7237.6
1037,E01037,41104.85
1038,E01038,249.88
1039,E01039,60867.93
1040,E01040,59473.34
1041,E01041,50442.77
1042,E01042,9177.38
1043,E01043,7703.68
1044,E01044,475.7
1045,E01045,348.6
1046,E01046,559.01
1047,E01047,95035.19
1048,E01048,541.88
1049,E01049,5750.54
1050,E01050,48543.16
1051,E01051,2036.68
1052,E01052,883.54
1053,E01053,255.19
1054,E01054,873.17
1055,E01055,32469.76
1056,E01056,998.43
1057,E01057,1766.37
1058,E01058,7540.33
1059,E01059,6872.19
1060,E01060,1884.11
1061,E01061,3631.51
1062,E01062,53220.16
1063,E01063,24180.72
1064,E01064,646.97
1065,E01065,65898.71
1066,E01066,992.61
1067,E01067,84150.22
1068,E01068,9027.07
1069,E01069,9379.26
1070,E01070,562.65
1071,E01071,30766.09
1072,E01072,795.25
1073,E01073,4790.65
1074,E01074,8768.59
1075,E01075,40976.24
1076,E01076,15002.14
1077,E01077,68199.53
1078,E01078,718.8
1079,E01079,4265.97
1080,E01080,75044.04
1081,E01081,76385.57
1082,E01082,910.63
1083,E01083,36895.91
1084,E01084,24195.81
1085,E01085,911.01
1086,E01086,9039.51
1087,E01087,83866.2
1088,E01088,20573.99
1089,E01089,894.95
1090,E01090,418.42
1091,E01091,63954.15
1092,E01092,81744.04
1093,E01093,1293.03
1094,E01094,73221.17
1095,E01095,21831.89
1096,E01096,16673.5
1097,E01097,7922.97
1098,E01098,79474.76
1099,E01099,3505.54
1100,E01100,4740.88
1101,E01101,85857.84
1102,E01102,47459.44
1103,E01103,1575.68
1104,E01104,87302.1
1105,E01105,15962.36
1106,E01106,44439.82
1107,E01107,553.86
1108,E01108,330.63
1109,E01109,8988.42
1110,E01110,7289.25
1111,E01111,315.75
1112,E01112,750.25
1113,E01113,5116.78
1114,E01114,9209.9
1115,E01115,747.78
1116,E01116,5352.32
1117,E01117,632.49
1118,E01118,36194.26
1119,E01119,257.91
1120,E01120,904.91
1121,E01121,42844.71
1122,E01122,8676.61
1123,E01123,35239.59
1124,E01124,3395.03
1125,E01125,84886.54
1126,E01126,953.88
1127,E01127,485.84
1128,E01128,55106.68
1129,E01129,1644.35
1130,E01130,12714.34
1131,E01131,66837.75
1132,E01132,460.51
1133,E01133,649.31
1134,E01134,5997.5
1135,E01135,8260.26
1136,E01136,135.51
1137,E01137,473.6
1138,E01138,39345.34
1139,E01139,772.06
1140,E01140,95400.88
1141,E01141,7762.34
1142,E01142,43115.63
1143,E01143,70729.64
1144,E01144,360.17
1145,E01145,9775.74
1146,E01146,97913.8
1147,E01147,6544.71
1148,E01148,59102.26
1149,E01149,2878.9
1150,E01150,280.76
1151,E01151,3158.59
1152,E01152,4640.07
1153,E01153,862.52
1154,E01154,39196.87
1155,E01155,15653.21
1156,E01156,4477.5
1157,E01157,282.47
1158,E01158,18414.07
1159,E01159,86257.32
1160,E01160,554.88
1161,E01161,8911.77
1162,E01162,306.0
1163,E01163,1652.5
1164,E01164,9353.57
1165,E01165,278.99
1166,E01166,26315.95
1167,E01167,615.45
1168,E01168,81207.71
1169,E01169,75140.08
1170,E01170,6421.79
1171,E01171,942.55
1172,E01172,68394.51
1173,E01173,2923.97
1174,E01174,76294.07
1175,E01175,709.97
1176,E01176,189.45
1177,E01177,47888.86
1178,E01178,432.22
1179,E01179,57467.83
1180,E01180,6829.71
1181,E01181,770.11
1182,E01182,10683.01
1183,E01183,74348.18
1184,E01184,8032.59
1185,E01185,9210.06
1186,E01186,562.92
1187,E01187,2462.38
1188,E01188,502.05
1189,E01189,1645.42
1190,E01190,4633.72
1191,E01191,17839.99
1192,E01192,38336.49
1193,E01193,16216.11
1194,E01194,37890.13
1195,E01195,4449.68
1196,E01196,66851.15
1197,E01197,76335.76
1198,E01198,7883.92
1199,E01199,31058.0
1200,E01200,36804.06
1201,E01201,151.4
1202,E01202,89358.46
1203,E01203,5246.5
1204,E01204,25923.13
1205,E01205,1233.15
1206,E01206,48162.58
1207,E01207,543.83
1208,E01208,38697.54
1209,E01209,438.7
1210,E01210,25722.49
1211,E01211,3277.11
1212,E01212,55521.56
1213,E01213,451.69
1214,E01214,134.57
1215,E01215,494.03
1216,E01216,7698.09
1217,E01217,32891.79
1218,E01218,10949.36
1219,E01219,67683.13
1220,E01220,918.93
1221,E01221,60028.76
1222,E01222,63198.9
1223,E01223,955.92
1224,E01224,211.54
1225,E01225,967.79
1226,E01226,59316.76
1227,E01227,587.82
1228,E01228,3074.71
1229,E01229,304.78
1230,E01230,20703.81
1231,E01231,412.62
1232,E01232,2003.38
1233,E01233,698.6
1234,E01234,827.33
1235,E01235,877.71
1236,E01236,4378.67
1237,E01237,243.66
1238,E01238,9043.49
1239,E01239,991.04
1240,E01240,8176.97
1241,E01241,6110.69
1242,E01242,48418.25
1243,E01243,3131.54
1244,E01244,61900.53
1245,E01245,930.31
1246,E01246,179.86
1247,E01247,810.46
1248,E01248,3403.09
1249,E01249,1978.8
1250,E01250,36793.96
1251,E01251,181.75
1252,E01252,8035.03
1253,E01253,659.81
1254,E01254,616.44
1255,E01255,99624.66
1256,E01256,905.29
1257,E01257,14231.09
1258,E01258,670.76
1259,E01259,70861.22
1260,E01260,685.22
1261,E01261,85050.62
1262,E01262,11947.77
1263,E01263,8188.98
1264,E01264,7687.14
1265,E01265,826.56
1266,E01266,900.4
1267,E01267,875.08
1268,E01268,5607.88
1269,E01269,7553.05
1270,E01270,3448.95
1271,E01271,4957.45
1272,E01272,5092.87
1273,E01273,452.6
1274,E01274,824.6
1275,E01275,49588.52
1276,E01276,6180.7
1277,E01277,84656.24
1278,E01278,882.7
1279,E01279,7252.1
1280,E01280,2888.31
1281,E01281,67605.52
1282,E01282,69110.9
1283,E01283,7581.1
1284,E01284,824.43
1285,E01285,463.05
1286,E01286,762.6
1287,E01287,84323.56
1288,E01288,4784.97
1289,E01289,3319.85
1290,E01290,20188.37
1291,E01291,11113.71
1292,E01292,813.91
1293,E01293,7259.77
1294,E01294,9878.7
1295,E01295,5849.28
1296,E01296,837.82
1297,E01297,10004.4
1298,E01298,18581.99
1299,E01299,5163.07
1300,E01300,4708.74
1301,E01301,100.87
1302,E01302,53670.83
1303,E01303,32102.37
1304,E01304,2197.84
1305,E01305,820.77
1306,E01306,2519.56
1307,E01307,6730.26
1308,E01308,84407.89
1309,E01309,92768.36
1310,E01310,51137.81
1311,E01311,98702.53
1312,E01312,8336.77
1313,E01313,8272.7
1314,E01314,8402.16
1315,E01315,8604.01
1316,E01316,105.92
1317,E01317,877.54
1318,E01318,496.42
1319,E01319,22498.28
1320,E01320,88285.21
1321,E01321,2159.54
1322,E01322,9134.33
1323,E01323,802.18
1324,E01324,312.78
1325,E01325,1491.73
1326,E01326,768.42
1327,E01327,51288.66
1328,E01328,443.77
1329,E01329,3667.09
1330,E01330,1080.46
1331,E01331,1959.52
1332,E01332,8587.15
1333,E01333,2639.51
1334,E01334,892.38
1335,E01335,1326.56
1336,E01336,3154.81
1337,E01337,8445.9
1338,E01338,90256.13
1339,E01339,143.31
1340,E01340,84210.85
1341,E01341,4163.39
1342,E01342,65191.38
1343,E01343,8785.99
1344,E01344,8500.58
1345,E01345,5891.57
1346,E01346,516.62
1347,E01347,5547.54
1348,E01348,28251.49
1349,E01349,59032.69
1350,E01350,780.02
1351,E01351,9172.86
1352,E01352,330.99
1353,E01353,5127.26
1354,E01354,2136.91
1355,E01355,405.47
1356,E01356,213.06
1357,E01357,63297.95
1358,E01358,96728.64
1359,E01359,59443.62
1360,E01360,9500.28
1361,E01361,931.81
1362,E01362,483.66
1363,E01363,2213.59
1364,E01364,6541.44
1365,E01365,265.59
1366,E01366,235.6
1367,E01367,8250.66
1368,E01368,62968.79
1369,E01369,978.47
1370,E01370,56654.52
1371,E01371,16327.55
1372,E01372,4178.21
1373,E01373,9620.73
1374,E01374,63313.57
1375,E01375,62741.31
1376,E01376,67498.55
1377,E01377,297.43
1378,E01378,1869.31
1379,E01379,35747.45
1380,E01380,125.99
1381,E01381,2899.19
1382,E01382,459.13
1383,E01383,86703.61
1384,E01384,41453.31
1385,E01385,6605.08
1386,E01386,97608.26
1387,E01387,47349.27
1388,E01388,3162.25
1389,E01389,7247.87
1390,E01390,31270.58
1391,E01391,185.04
1392,E01392,6029.5
1393,E01393,9246.77
1394,E01394,464.18
1395,E01395,18697.91
1396,E01396,25036.52
1397,E01397,90412.25
1398,E01398,45459.37
1399,E01399,193.47
1400,E01400,813.72
1401,E01401,2382.66
1402,E01402,2293.92
1403,E01403,9270.55
1404,E01404,59551.27
1405,E01405,520.43
1406,E01406,2850.4
1407,E01407,8361.24
1408,E01408,5188.18
1409,E01409,7297.21
1410,E01410,5583.44
1411,E01411,13568.7
1412,E01412,9911.73
1413,E01413,851.86
1414,E01414,28829.93
1415,E01415,9443.62
1416,E01416,2164.54
1417,E01417,90080.3
1418,E01418,40051.95
1419,E01419,4092.11
1420,E01420,3434.83
1421,E01421,21361.77
1422,E01422,23915.84
1423,E01423,95564.17
1424,E01424,95782.97
1425,E01425,978.75
1426,E01426,605.57
1427,E01427,530.75
1428,E01428,1810.14
1429,E01429,120.64
1430,E01430,846.08
1431,E01431,757.05
1432,E01432,8706.44
1433,E01433,404.74
1434,E01434,987.45
1435,E01435,186.51
1436,E01436,68799.15
1437,E01437,560.29
1438,E01438,3193.88
1439,E01439,777.97
1440,E01440,560.22
1441,E01441,60731.82
1442,E01442,169.52
1443,E01443,70459.91
1444,E01444,794.37
1445,E01445,49937.27
1446,E01446,807.76
1447,E01447,331.8
1448,E01448,22455.03
1449,E01449,62181.36
1450,E01450,719.79
1451,E01451,6161.26
1452,E01452,1022.76
1453,E01453,374.33
1454,E01454,389.99
1455,E01455,88995.77
1456,E01456,761.77
1457,E01457,730.23
1458,E01458,2148.07
1459,E01459,578.32
1460,E01460,9881.25
1461,E01461,115.85
1462,E01462,83958.83
1463,E01463,403.41
1464,E01464,1497.39
1465,E01465,329.77
1466,E01466,65710.45
1467,E01467,20134.14
1468,E01468,15622.97
1469,E01469,8974.79
1470,E01470,325.02
1471,E01471,59405.52
1472,E01472,7590.61
1473,E01473,21633.84
1474,E01474,4389.26
1475,E01475,693.72
1476,E01476,5368.65
1477,E01477,62945.78
1478,E01478,7345.64
1479,E01479,80222.75
1480,E01480,77114.69
1481,E01481,853.98
1482,E01482,393.83
1483,E01483,3615.39
1484,E01484,321.47
1485,E01485,825.21
1486,E01486,9142.48
1487,E01487,4517.26
1488,E01488,751.84
1489,E01489,784.78
1490,E01490,948.32
1491,E01491,50181.08
1492,E01492,801.18
1493,E01493,219.75
1494,E01494,6314.32
1495,E01495,1019.99
1496,E01496,601.4
1497,E01497,706.05
1498,E01498,297.19
1499,E01499,7523.58
1500,E01500,424.11
