entry_id,posted_on,user,account,amount
1,2026-01-01,jkoval,4000,15596.41
2,2026-01-01,jkoval,7300,9977.11
3,2026-01-01,jkoval,6100,17157.95
4,2026-01-01,mpatel,6100,14387.04
5,2026-01-01,mpatel,6200,4509.15
6,2026-01-01,mpatel,6200,6921.59
7,2026-01-01,mpatel,7300,6257.84
8,2026-01-01,srossi,7300,13862.46
9,2026-01-01,tnguyen,6100,12053.91
10,2026-01-01,tnguyen,6200,9036.1
11,2026-01-01,tnguyen,7300,12894.64
12,2026-01-01,wbaker,6100,2096.84
13,2026-01-01,wbaker,7300,3515.67
14,2026-01-02,jkoval,4000,18040.33
15,2026-01-02,mpatel,6100,3806.55
16,2026-01-02,mpatel,4000,8152.2
17,2026-01-02,mpatel,6100,9268.62
18,2026-01-02,mpatel,6100,10652.49
19,2026-01-02,srossi,6100,3512.46
20,2026-01-02,srossi,4000,18176.24
21,2026-01-02,srossi,4000,15878.39
22,2026-01-02,srossi,7300,10920.3
23,2026-01-02,tnguyen,6200,15020.21
24,2026-01-02,tnguyen,6200,7778.59
25,2026-01-02,tnguyen,7300,19080.64
26,2026-01-02,wbaker,6100,5517.3
27,2026-01-03,srossi,6200,12952.74
28,2026-01-04,srossi,6100,18599.12
29,2026-01-05,jkoval,6200,13201.55
30,2026-01-05,mpatel,7300,16258.68
31,2026-01-05,mpatel,7300,17774.4
32,2026-01-05,srossi,4000,4823.46
33,2026-01-05,srossi,6200,14013.94
34,2026-01-05,srossi,6200,844.09
35,2026-01-05,srossi,6200,8964.03
36,2026-01-05,tnguyen,6200,14015.65
37,2026-01-05,wbaker,7300,16287.1
38,2026-01-05,wbaker,6100,18603.72
39,2026-01-05,wbaker,4000,823.37
40,2026-01-05,wbaker,6100,12612.13
41,2026-01-06,jkoval,4000,249.55
42,2026-01-06,mpatel,6100,15586.3
43,2026-01-06,mpatel,6100,13674.85
44,2026-01-06,mpatel,7300,11745.13
45,2026-01-06,mpatel,7300,11695.11
46,2026-01-06,srossi,6100,3048.28
47,2026-01-06,srossi,6100,9436.52
48,2026-01-06,tnguyen,7300,15745.2
49,2026-01-06,wbaker,6200,8353.77
50,2026-01-06,wbaker,7300,13835.05
51,2026-01-06,wbaker,7300,10828.34
52,2026-01-07,jkoval,7300,13963.38
53,2026-01-07,jkoval,4000,1387.9
54,2026-01-07,jkoval,6200,1653.46
55,2026-01-07,mpatel,6200,18596.08
56,2026-01-07,mpatel,6100,9436.53
57,2026-01-07,mpatel,7300,12873.54
58,2026-01-07,mpatel,7300,12835.61
59,2026-01-07,srossi,7300,6695.82
60,2026-01-07,srossi,4000,10952.39
61,2026-01-07,tnguyen,7300,3289.65
62,2026-01-07,wbaker,4000,19679.0
63,2026-01-07,wbaker,6100,3004.57
64,2026-01-08,jkoval,4000,5300.16
65,2026-01-08,jkoval,6100,9931.41
66,2026-01-08,jkoval,7300,16972.3
67,2026-01-08,mpatel,7300,16113.11
68,2026-01-08,mpatel,4000,3519.28
69,2026-01-08,mpatel,7300,5992.64
70,2026-01-08,mpatel,6100,16772.93
71,2026-01-08,srossi,6100,4021.87
72,2026-01-08,srossi,6200,8664.6
73,2026-01-08,srossi,6200,4862.59
74,2026-01-08,srossi,6200,14923.99
75,2026-01-08,tnguyen,4000,5238.52
76,2026-01-08,tnguyen,6100,1736.66
77,2026-01-08,tnguyen,6200,5888.21
78,2026-01-08,wbaker,7300,9868.83
79,2026-01-08,wbaker,6100,12880.68
80,2026-01-08,wbaker,6100,17754.02
81,2026-01-08,wbaker,4000,18873.04
82,2026-01-09,jkoval,4000,1804.33
83,2026-01-09,jkoval,6100,16210.78
84,2026-01-09,jkoval,7300,3932.21
85,2026-01-09,jkoval,6200,7528.88
86,2026-01-09,mpatel,7300,19315.64
87,2026-01-09,mpatel,4000,8247.84
88,2026-01-09,mpatel,6200,4729.8
89,2026-01-09,mpatel,6200,19326.32
90,2026-01-09,srossi,6200,12799.11
91,2026-01-09,srossi,4000,5254.15
92,2026-01-09,tnguyen,7300,4050.25
93,2026-01-09,tnguyen,4000,3106.05
94,2026-01-09,wbaker,4000,2442.87
95,2026-01-09,wbaker,7300,10647.47
96,2026-01-09,wbaker,4000,4480.94
97,2026-01-10,srossi,4000,15462.85
98,2026-01-10,wbaker,6200,17670.47
99,2026-01-11,srossi,7300,12560.01
100,2026-01-12,jkoval,6200,17174.66
101,2026-01-12,jkoval,6100,13438.08
102,2026-01-12,jkoval,4000,9956.61
103,2026-01-12,jkoval,4000,11960.55
104,2026-01-12,mpatel,4000,17128.57
105,2026-01-12,mpatel,7300,1332.6
106,2026-01-12,mpatel,6200,862.83
107,2026-01-12,mpatel,7300,6642.78
108,2026-01-12,srossi,6200,19324.84
109,2026-01-12,srossi,4000,16890.66
110,2026-01-12,srossi,6200,1231.37
111,2026-01-12,srossi,4000,7900.51
112,2026-01-12,tnguyen,6100,8968.82
113,2026-01-12,tnguyen,7300,7637.27
114,2026-01-12,tnguyen,4000,14827.08
115,2026-01-12,tnguyen,4000,3079.19
116,2026-01-12,wbaker,7300,11615.41
117,2026-01-12,wbaker,7300,7705.5
118,2026-01-12,wbaker,7300,13570.91
119,2026-01-13,jkoval,6200,13392.26
120,2026-01-13,mpatel,6100,1709.12
121,2026-01-13,mpatel,6200,12596.25
122,2026-01-13,mpatel,6100,16726.81
123,2026-01-13,mpatel,6200,11434.36
124,2026-01-13,srossi,7300,16454.86
125,2026-01-13,tnguyen,4000,16955.03
126,2026-01-13,tnguyen,4000,11648.69
127,2026-01-13,tnguyen,7300,6458.77
128,2026-01-13,tnguyen,7300,9926.74
129,2026-01-13,wbaker,7300,16546.89
130,2026-01-13,wbaker,6100,10759.11
131,2026-01-13,wbaker,4000,3568.03
132,2026-01-14,jkoval,7300,4063.86
133,2026-01-14,jkoval,6200,12911.97
134,2026-01-14,mpatel,7300,11181.37
135,2026-01-14,srossi,4000,191.37
136,2026-01-14,srossi,6100,18504.59
137,2026-01-14,srossi,6200,8176.59
138,2026-01-14,srossi,6100,9524.54
139,2026-01-14,tnguyen,6200,6506.84
140,2026-01-14,tnguyen,4000,10525.14
141,2026-01-14,wbaker,6100,11579.38
142,2026-01-15,jkoval,6100,13141.29
143,2026-01-15,jkoval,4000,2190.55
144,2026-01-15,jkoval,6100,1638.99
145,2026-01-15,jkoval,4000,7959.67
146,2026-01-15,mpatel,4000,16709.78
147,2026-01-15,srossi,6100,11820.45
148,2026-01-15,srossi,6100,17124.0
149,2026-01-15,tnguyen,6100,11968.7
150,2026-01-15,tnguyen,7300,3520.82
151,2026-01-15,wbaker,7300,773.5
152,2026-01-15,wbaker,4000,6705.07
153,2026-01-15,wbaker,4000,14069.86
154,2026-01-16,jkoval,4000,9165.53
155,2026-01-16,mpatel,4000,17651.23
156,2026-01-16,mpatel,6200,16493.46
157,2026-01-16,mpatel,4000,4150.67
158,2026-01-16,mpatel,4000,3691.97
159,2026-01-16,srossi,6200,11232.16
160,2026-01-16,srossi,6200,5138.61
161,2026-01-16,srossi,6200,19983.91
162,2026-01-16,tnguyen,6200,13936.54
163,2026-01-16,wbaker,6200,13540.41
164,2026-01-16,wbaker,6200,8700.09
165,2026-01-16,wbaker,7300,15106.29
166,2026-01-16,wbaker,4000,10241.12
167,2026-01-18,srossi,6200,7958.27
168,2026-01-19,jkoval,6200,13167.21
169,2026-01-19,jkoval,6200,3532.37
170,2026-01-19,jkoval,4000,9638.72
171,2026-01-19,jkoval,7300,14867.36
172,2026-01-19,mpatel,7300,15186.51
173,2026-01-19,mpatel,4000,11839.73
174,2026-01-19,srossi,4000,15401.98
175,2026-01-19,srossi,4000,15919.2
176,2026-01-19,tnguyen,6200,960.54
177,2026-01-19,wbaker,7300,14646.3
178,2026-01-19,wbaker,7300,5141.89
179,2026-01-19,wbaker,4000,4930.32
180,2026-01-19,wbaker,4000,6957.87
181,2026-01-20,jkoval,4000,16315.27
182,2026-01-20,mpatel,6100,13014.59
183,2026-01-20,mpatel,4000,19701.86
184,2026-01-20,mpatel,7300,18952.09
185,2026-01-20,srossi,7300,12894.05
186,2026-01-20,srossi,6200,6345.1
187,2026-01-20,tnguyen,7300,2364.6
188,2026-01-20,wbaker,7300,16082.19
189,2026-01-20,wbaker,7300,15767.41
190,2026-01-21,jkoval,6200,7092.23
191,2026-01-21,jkoval,4000,15896.26
192,2026-01-21,mpatel,4000,13270.17
193,2026-01-21,srossi,4000,13165.91
194,2026-01-21,srossi,6200,7728.82
195,2026-01-21,srossi,4000,5990.27
196,2026-01-21,srossi,6200,11254.45
197,2026-01-21,tnguyen,6200,18264.96
198,2026-01-21,tnguyen,7300,4854.6
199,2026-01-21,tnguyen,7300,17757.68
200,2026-01-21,tnguyen,7300,2049.31
201,2026-01-21,wbaker,6100,3695.41
202,2026-01-21,wbaker,6100,4502.2
203,2026-01-21,wbaker,6200,14681.7
204,2026-01-21,wbaker,7300,18951.61
205,2026-01-22,jkoval,6100,8742.54
206,2026-01-22,jkoval,6200,10347.99
207,2026-01-22,jkoval,6200,18081.57
208,2026-01-22,jkoval,4000,19722.99
209,2026-01-22,mpatel,7300,2691.01
210,2026-01-22,mpatel,4000,6477.53
211,2026-01-22,mpatel,6100,13396.35
212,2026-01-22,mpatel,7300,19319.11
213,2026-01-22,srossi,7300,19223.5
214,2026-01-22,tnguyen,6100,12435.58
215,2026-01-22,wbaker,6200,14578.86
216,2026-01-22,wbaker,4000,12680.5
217,2026-01-23,jkoval,7300,9293.23
218,2026-01-23,jkoval,6100,7392.11
219,2026-01-23,jkoval,4000,9341.95
220,2026-01-23,jkoval,6200,16181.66
221,2026-01-23,mpatel,6100,14379.64
222,2026-01-23,mpatel,6200,14594.26
223,2026-01-23,srossi,4000,4630.19
224,2026-01-23,srossi,4000,3576.53
225,2026-01-23,srossi,7300,902.74
226,2026-01-23,srossi,6100,9702.05
227,2026-01-23,tnguyen,6100,3468.78
228,2026-01-23,wbaker,7300,1832.95
229,2026-01-23,wbaker,4000,13668.82
230,2026-01-23,wbaker,7300,18922.06
231,2026-01-24,srossi,4000,6682.08
232,2026-01-25,srossi,6100,5256.95
233,2026-01-26,jkoval,6200,16477.77
234,2026-01-26,jkoval,4000,3830.67
235,2026-01-26,jkoval,6100,1096.29
236,2026-01-26,jkoval,6100,7258.95
237,2026-01-26,mpatel,4000,15452.55
238,2026-01-26,srossi,4000,19898.52
239,2026-01-26,tnguyen,4000,18698.16
240,2026-01-26,wbaker,7300,15676.66
241,2026-01-27,jkoval,4000,10012.94
242,2026-01-27,jkoval,4000,3700.74
243,2026-01-27,mpatel,6200,2542.72
244,2026-01-27,mpatel,4000,12578.07
245,2026-01-27,srossi,4000,15415.11
246,2026-01-27,srossi,7300,17631.12
247,2026-01-27,srossi,4000,14727.24
248,2026-01-27,tnguyen,6200,12992.16
249,2026-01-27,tnguyen,6200,19398.21
250,2026-01-27,tnguyen,6200,18824.21
251,2026-01-27,tnguyen,7300,13681.93
252,2026-01-27,wbaker,7300,1962.11
253,2026-01-27,wbaker,6200,10499.96
254,2026-01-27,wbaker,6200,6143.83
255,2026-01-28,jkoval,7300,2137.59
256,2026-01-28,mpatel,6100,2629.14
257,2026-01-28,mpatel,6200,2900.54
258,2026-01-28,srossi,6100,9444.49
259,2026-01-28,srossi,7300,5063.65
260,2026-01-28,srossi,7300,2526.74
261,2026-01-28,tnguyen,7300,8022.8
262,2026-01-28,wbaker,6200,7896.53
263,2026-01-29,jkoval,7300,6730.07
264,2026-01-29,jkoval,4000,11470.38
265,2026-01-29,mpatel,6200,13138.6
266,2026-01-29,mpatel,4000,5213.93
267,2026-01-29,srossi,6100,19645.88
268,2026-01-29,srossi,6200,18985.41
269,2026-01-29,tnguyen,7300,241.34
270,2026-01-29,tnguyen,6200,13604.77
271,2026-01-29,tnguyen,6200,6449.85
272,2026-01-29,wbaker,6200,1434.76
273,2026-01-29,wbaker,7300,6045.24
274,2026-01-29,wbaker,7300,5364.19
275,2026-01-30,jkoval,6100,570.05
276,2026-01-30,jkoval,4000,12259.29
277,2026-01-30,jkoval,7300,12707.02
278,2026-01-30,mpatel,4000,170.44
279,2026-01-30,srossi,4000,3513.87
280,2026-01-30,srossi,6100,18416.65
281,2026-01-30,srossi,7300,8466.98
282,2026-01-30,tnguyen,4000,15645.0
283,2026-01-30,tnguyen,7300,5341.63
284,2026-01-30,tnguyen,4000,17408.82
285,2026-01-30,wbaker,7300,12139.57
286,2026-01-31,srossi,7300,13015.06
287,2026-02-01,srossi,7300,16323.51
288,2026-02-02,jkoval,4000,3335.06
289,2026-02-02,jkoval,6100,17213.0
290,2026-02-02,jkoval,6100,1416.23
291,2026-02-02,mpatel,7300,3316.07
292,2026-02-02,mpatel,6100,9591.46
293,2026-02-02,mpatel,4000,7629.7
294,2026-02-02,mpatel,4000,1096.59
295,2026-02-02,srossi,7300,18905.41
296,2026-02-02,tnguyen,6200,15393.67
297,2026-02-02,tnguyen,7300,17681.03
298,2026-02-02,tnguyen,6200,3568.14
299,2026-02-02,wbaker,4000,11672.22
300,2026-02-02,wbaker,4000,8555.07
301,2026-02-02,wbaker,7300,17067.8
302,2026-02-02,wbaker,6200,1405.57
303,2026-02-03,jkoval,7300,16994.94
304,2026-02-03,jkoval,4000,7975.89
305,2026-02-03,jkoval,4000,6717.95
306,2026-02-03,mpatel,6100,19344.99
307,2026-02-03,mpatel,7300,910.81
308,2026-02-03,mpatel,6100,17431.33
309,2026-02-03,srossi,6200,19355.66
310,2026-02-03,tnguyen,6200,17758.67
311,2026-02-03,tnguyen,6200,4995.03
312,2026-02-03,tnguyen,7300,16758.58
313,2026-02-03,wbaker,6200,63.08
314,2026-02-04,jkoval,6200,1979.35
315,2026-02-04,jkoval,7300,12996.32
316,2026-02-04,jkoval,6200,8883.75
317,2026-02-04,mpatel,6200,14990.22
318,2026-02-04,srossi,6100,11463.4
319,2026-02-04,tnguyen,6100,210.29
320,2026-02-04,tnguyen,4000,11597.31
321,2026-02-04,tnguyen,6200,14195.03
322,2026-02-04,wbaker,7300,15824.13
323,2026-02-05,jkoval,4000,9242.82
324,2026-02-05,jkoval,7300,17393.62
325,2026-02-05,jkoval,4000,15534.48
326,2026-02-05,jkoval,7300,17445.86
327,2026-02-05,mpatel,4000,19140.72
328,2026-02-05,mpatel,6100,3320.79
329,2026-02-05,mpatel,7300,3999.72
330,2026-02-05,mpatel,4000,3312.38
331,2026-02-05,srossi,6100,5625.47
332,2026-02-05,srossi,4000,5578.18
333,2026-02-05,srossi,4000,11734.42
334,2026-02-05,srossi,4000,7082.46
335,2026-02-05,tnguyen,7300,13098.77
336,2026-02-05,wbaker,4000,8967.57
337,2026-02-05,wbaker,4000,16517.19
338,2026-02-05,wbaker,6200,3495.03
339,2026-02-06,jkoval,6100,12145.53
340,2026-02-06,jkoval,6100,16465.57
341,2026-02-06,mpatel,4000,9649.39
342,2026-02-06,srossi,6100,8916.33
343,2026-02-06,srossi,6200,749.76
344,2026-02-06,srossi,7300,15389.11
345,2026-02-06,srossi,6200,3448.34
346,2026-02-06,tnguyen,6100,11315.98
347,2026-02-06,tnguyen,4000,5354.58
348,2026-02-06,tnguyen,6200,17239.67
349,2026-02-06,tnguyen,6200,11341.67
350,2026-02-06,wbaker,6100,13578.97
351,2026-02-06,wbaker,4000,17419.24
352,2026-02-06,wbaker,7300,4123.99
353,2026-02-06,wbaker,4000,12944.7
354,2026-02-07,srossi,7300,5994.68
355,2026-02-08,srossi,4000,12286.97
356,2026-02-09,jkoval,7300,7522.01
357,2026-02-09,jkoval,7300,13403.06
358,2026-02-09,mpatel,7300,15589.31
359,2026-02-09,mpatel,7300,5783.19
360,2026-02-09,mpatel,7300,3571.14
361,2026-02-09,mpatel,6100,16805.84
362,2026-02-09,srossi,6200,9272.87
363,2026-02-09,srossi,6200,11257.76
364,2026-02-09,srossi,6100,12461.94
365,2026-02-09,tnguyen,6200,13033.2
366,2026-02-09,tnguyen,7300,19744.79
367,2026-02-09,tnguyen,7300,1939.48
368,2026-02-09,tnguyen,6200,12754.58
369,2026-02-09,wbaker,7300,1562.71
370,2026-02-09,wbaker,7300,13274.79
371,2026-02-10,jkoval,6200,18584.15
372,2026-02-10,jkoval,4000,7636.82
373,2026-02-10,mpatel,6200,3810.48
374,2026-02-10,mpatel,4000,3252.17
375,2026-02-10,mpatel,6200,15388.31
376,2026-02-10,srossi,7300,3204.16
377,2026-02-10,tnguyen,4000,3100.17
378,2026-02-10,wbaker,6200,2637.48
379,2026-02-11,jkoval,6200,10406.0
380,2026-02-11,jkoval,4000,8251.28
381,2026-02-11,jkoval,6100,17989.67
382,2026-02-11,jkoval,4000,15766.6
383,2026-02-11,mpatel,4000,18425.18
384,2026-02-11,mpatel,4000,6487.08
385,2026-02-11,srossi,6100,2085.94
386,2026-02-11,srossi,7300,19887.18
387,2026-02-11,srossi,6200,2530.4
388,2026-02-11,srossi,4000,3335.51
389,2026-02-11,tnguyen,4000,9661.47
390,2026-02-11,tnguyen,6200,18049.92
391,2026-02-11,wbaker,6100,18611.67
392,2026-02-11,wbaker,6100,1959.4
393,2026-02-12,jkoval,6200,13173.36
394,2026-02-12,jkoval,7300,5702.5
395,2026-02-12,jkoval,6200,2624.97
396,2026-02-12,mpatel,6100,3108.67
397,2026-02-12,mpatel,7300,18768.35
398,2026-02-12,mpatel,7300,11840.42
399,2026-02-12,mpatel,4000,8348.85
400,2026-02-12,srossi,6200,7408.35
401,2026-02-12,srossi,7300,9083.24
402,2026-02-12,srossi,4000,8321.43
403,2026-02-12,srossi,4000,7930.39
404,2026-02-12,tnguyen,7300,9114.29
405,2026-02-12,tnguyen,4000,3293.34
406,2026-02-12,tnguyen,6100,12839.59
407,2026-02-12,wbaker,6100,555.1
408,2026-02-12,wbaker,6200,19568.52
409,2026-02-12,wbaker,4000,5469.59
410,2026-02-13,jkoval,6100,15596.43
411,2026-02-13,jkoval,7300,9785.14
412,2026-02-13,mpatel,7300,5104.84
413,2026-02-13,mpatel,7300,7353.39
414,2026-02-13,mpatel,6100,1976.76
415,2026-02-13,mpatel,4000,18347.44
416,2026-02-13,srossi,4000,13005.81
417,2026-02-13,tnguyen,6200,10393.04
418,2026-02-13,wbaker,7300,2437.05
419,2026-02-13,wbaker,4000,15663.97
420,2026-02-14,srossi,6100,19551.81
421,2026-02-15,srossi,6200,11407.06
422,2026-02-16,jkoval,7300,800.73
423,2026-02-16,jkoval,6200,15223.58
424,2026-02-16,jkoval,7300,18320.71
425,2026-02-16,mpatel,4000,8432.02
426,2026-02-16,mpatel,6200,1649.26
427,2026-02-16,mpatel,4000,6033.44
428,2026-02-16,mpatel,4000,5548.41
429,2026-02-16,srossi,7300,18549.39
430,2026-02-16,tnguyen,6100,11932.49
431,2026-02-16,tnguyen,6200,8037.04
432,2026-02-16,tnguyen,4000,2300.13
433,2026-02-16,tnguyen,4000,11547.52
434,2026-02-16,wbaker,4000,16807.69
435,2026-02-16,wbaker,6100,11449.0
436,2026-02-16,wbaker,4000,16701.35
437,2026-02-17,jkoval,4000,12426.49
438,2026-02-17,jkoval,4000,10859.63
439,2026-02-17,jkoval,4000,5324.63
440,2026-02-17,mpatel,6100,17951.22
441,2026-02-17,mpatel,4000,7776.1
442,2026-02-17,mpatel,6100,17168.8
443,2026-02-17,mpatel,4000,8930.18
444,2026-02-17,srossi,6200,17095.05
445,2026-02-17,srossi,6200,17339.22
446,2026-02-17,srossi,7300,17308.16
447,2026-02-17,tnguyen,7300,13950.27
448,2026-02-17,tnguyen,6100,18209.63
449,2026-02-17,tnguyen,7300,18919.23
450,2026-02-17,wbaker,4000,16464.2
451,2026-02-18,jkoval,6200,13092.39
452,2026-02-18,jkoval,4000,9319.25
453,2026-02-18,mpatel,6100,11841.46
454,2026-02-18,srossi,4000,13885.17
455,2026-02-18,srossi,7300,784.42
456,2026-02-18,tnguyen,4000,5175.39
457,2026-02-18,wbaker,6100,6860.44
458,2026-02-18,wbaker,7300,5877.16
459,2026-02-18,wbaker,6200,2460.63
460,2026-02-19,jkoval,6100,9185.1
461,2026-02-19,jkoval,6100,12325.0
462,2026-02-19,mpatel,6200,17550.32
463,2026-02-19,srossi,4000,2663.69
464,2026-02-19,srossi,6100,4663.81
465,2026-02-19,tnguyen,7300,19376.89
466,2026-02-19,tnguyen,4000,3581.57
467,2026-02-19,tnguyen,6100,11887.67
468,2026-02-19,wbaker,4000,6086.3
469,2026-02-20,jkoval,4000,1671.24
470,2026-02-20,jkoval,4000,919.9
471,2026-02-20,jkoval,4000,6697.87
472,2026-02-20,jkoval,6200,18373.47
473,2026-02-20,mpatel,7300,507.21
474,2026-02-20,mpatel,4000,8028.69
475,2026-02-20,srossi,4000,7989.73
476,2026-02-20,srossi,6200,12874.24
477,2026-02-20,srossi,6100,15778.19
478,2026-02-20,srossi,6200,9869.13
479,2026-02-20,tnguyen,6100,10087.62
480,2026-02-20,wbaker,7300,14520.63
481,2026-02-21,srossi,7300,18791.8
482,2026-02-22,srossi,6200,4350.28
483,2026-02-23,jkoval,6200,1855.19
484,2026-02-23,jkoval,6200,4615.25
485,2026-02-23,jkoval,6100,3418.09
486,2026-02-23,mpatel,6100,8540.43
487,2026-02-23,mpatel,7300,11949.36
488,2026-02-23,mpatel,7300,5798.16
489,2026-02-23,mpatel,7300,17079.04
490,2026-02-23,srossi,7300,13648.02
491,2026-02-23,srossi,7300,19509.42
492,2026-02-23,tnguyen,4000,11466.88
493,2026-02-23,tnguyen,6200,5353.36
494,2026-02-23,wbaker,6100,704.94
495,2026-02-23,wbaker,6200,13298.83
496,2026-02-23,wbaker,6100,13659.48
497,2026-02-23,wbaker,7300,19393.67
498,2026-02-24,jkoval,6100,19554.34
499,2026-02-24,jkoval,6100,11614.36
500,2026-02-24,jkoval,4000,1336.37
501,2026-02-24,jkoval,4000,11901.71
502,2026-02-24,mpatel,4000,8114.03
503,2026-02-24,mpatel,6200,4391.39
504,2026-02-24,mpatel,4000,5265.43
505,2026-02-24,srossi,6200,7190.54
506,2026-02-24,srossi,7300,18081.97
507,2026-02-24,srossi,4000,8265.44
508,2026-02-24,srossi,7300,19132.87
509,2026-02-24,tnguyen,6100,13773.96
510,2026-02-24,tnguyen,4000,2248.18
511,2026-02-24,tnguyen,4000,1070.29
512,2026-02-24,wbaker,7300,14803.2
513,2026-02-24,wbaker,6200,882.38
514,2026-02-24,wbaker,6100,15632.64
515,2026-02-25,jkoval,6100,18277.8
516,2026-02-25,jkoval,7300,6133.84
517,2026-02-25,jkoval,7300,9402.87
518,2026-02-25,jkoval,6200,1461.15
519,2026-02-25,mpatel,7300,6220.82
520,2026-02-25,mpatel,6100,14314.27
521,2026-02-25,mpatel,6100,7528.63
522,2026-02-25,mpatel,7300,6175.32
523,2026-02-25,srossi,6100,4047.65
524,2026-02-25,srossi,7300,7021.35
525,2026-02-25,srossi,4000,1735.25
526,2026-02-25,tnguyen,6200,12652.18
527,2026-02-25,tnguyen,6100,18333.9
528,2026-02-25,wbaker,6200,4784.88
529,2026-02-25,wbaker,7300,6630.75
530,2026-02-25,wbaker,4000,12311.51
531,2026-02-26,jkoval,7300,7580.1
532,2026-02-26,jkoval,7300,381.81
533,2026-02-26,jkoval,7300,6662.67
534,2026-02-26,mpatel,6200,3356.48
535,2026-02-26,mpatel,4000,14090.48
536,2026-02-26,mpatel,6100,19015.99
537,2026-02-26,mpatel,4000,13565.09
538,2026-02-26,srossi,7300,10864.46
539,2026-02-26,tnguyen,7300,11204.98
540,2026-02-26,tnguyen,7300,11001.41
541,2026-02-26,wbaker,7300,4217.73
542,2026-02-27,jkoval,4000,5249.36
543,2026-02-27,jkoval,7300,17730.69
544,2026-02-27,mpatel,7300,14667.73
545,2026-02-27,mpatel,6100,13560.05
546,2026-02-27,mpatel,6200,10169.67
547,2026-02-27,srossi,7300,6980.69
548,2026-02-27,srossi,6100,14308.5
549,2026-02-27,srossi,6100,11041.27
550,2026-02-27,srossi,7300,3860.65
551,2026-02-27,tnguyen,7300,12746.71
552,2026-02-27,tnguyen,6200,14781.13
553,2026-02-27,tnguyen,4000,17398.3
554,2026-02-27,wbaker,6200,12685.43
555,2026-02-27,wbaker,7300,18851.7
556,2026-02-28,srossi,7300,19190.27
557,2026-03-01,srossi,6200,2797.43
558,2026-03-02,jkoval,6100,147.5
559,2026-03-02,jkoval,7300,10370.75
560,2026-03-02,jkoval,6100,448.12
561,2026-03-02,jkoval,6200,3420.2
562,2026-03-02,mpatel,4000,8519.74
563,2026-03-02,mpatel,4000,16541.55
564,2026-03-02,mpatel,7300,18229.58
565,2026-03-02,srossi,6200,4087.68
566,2026-03-02,srossi,7300,12824.04
567,2026-03-02,srossi,6200,3531.23
568,2026-03-02,srossi,6100,8300.42
569,2026-03-02,tnguyen,7300,4828.65
570,2026-03-02,tnguyen,6200,19253.81
571,2026-03-02,tnguyen,6100,14008.0
572,2026-03-02,tnguyen,6100,2923.84
573,2026-03-02,wbaker,7300,10953.74
574,2026-03-03,jkoval,7300,14379.33
575,2026-03-03,jkoval,7300,13294.2
576,2026-03-03,jkoval,6200,19205.58
577,2026-03-03,mpatel,7300,10611.35
578,2026-03-03,mpatel,6100,8969.43
579,2026-03-03,mpatel,6200,15479.55
580,2026-03-03,mpatel,7300,15743.25
581,2026-03-03,srossi,7300,6673.8
582,2026-03-03,srossi,6200,2563.47
583,2026-03-03,tnguyen,6200,16021.02
584,2026-03-03,tnguyen,4000,1699.22
585,2026-03-03,tnguyen,6200,16031.65
586,2026-03-03,tnguyen,7300,6935.1
587,2026-03-03,wbaker,6100,19696.0
588,2026-03-03,wbaker,7300,10838.32
589,2026-03-04,jkoval,6200,15155.84
590,2026-03-04,jkoval,6200,17364.35
591,2026-03-04,jkoval,4000,11872.7
592,2026-03-04,mpatel,6200,2983.44
593,2026-03-04,mpatel,7300,11690.9
594,2026-03-04,mpatel,6200,9644.1
595,2026-03-04,srossi,7300,10673.66
596,2026-03-04,tnguyen,7300,17067.19
597,2026-03-04,tnguyen,6100,9767.74
598,2026-03-04,tnguyen,6100,19636.2
599,2026-03-04,wbaker,6200,19453.83
600,2026-03-04,wbaker,6200,16796.97
601,2026-03-05,jkoval,6100,5350.38
602,2026-03-05,mpatel,6200,6912.81
603,2026-03-05,mpatel,6200,6383.3
604,2026-03-05,srossi,4000,14992.12
605,2026-03-05,srossi,6100,5910.51
606,2026-03-05,srossi,6100,15262.05
607,2026-03-05,srossi,6200,2901.77
608,2026-03-05,tnguyen,6100,14964.28
609,2026-03-05,tnguyen,4000,3271.36
610,2026-03-05,tnguyen,6200,19790.29
611,2026-03-05,wbaker,7300,13069.2
612,2026-03-05,wbaker,6100,8867.07
613,2026-03-05,wbaker,4000,9107.22
614,2026-03-05,wbaker,6100,3848.95
615,2026-03-06,jkoval,6100,17554.52
616,2026-03-06,mpatel,6100,14670.47
617,2026-03-06,mpatel,6200,10456.36
618,2026-03-06,srossi,6200,19968.3
619,2026-03-06,tnguyen,4000,16003.67
620,2026-03-06,tnguyen,6100,18435.29
621,2026-03-06,wbaker,6200,11784.73
622,2026-03-07,srossi,4000,18243.22
623,2026-03-08,srossi,6200,1964.39
624,2026-03-09,jkoval,7300,1477.49
625,2026-03-09,jkoval,6100,13857.01
626,2026-03-09,mpatel,6200,17702.4
627,2026-03-09,mpatel,6200,5397.87
628,2026-03-09,mpatel,6100,254.71
629,2026-03-09,mpatel,7300,11697.69
630,2026-03-09,srossi,6100,6613.07
631,2026-03-09,srossi,6200,12995.95
632,2026-03-09,srossi,6200,11930.69
633,2026-03-09,srossi,4000,13869.51
634,2026-03-09,tnguyen,6100,3628.73
635,2026-03-09,tnguyen,6100,13421.78
636,2026-03-09,tnguyen,4000,19627.64
637,2026-03-09,wbaker,7300,10018.57
638,2026-03-10,jkoval,7300,14685.18
639,2026-03-10,mpatel,6200,15313.0
640,2026-03-10,mpatel,6100,6604.8
641,2026-03-10,mpatel,6100,623.93
642,2026-03-10,mpatel,6200,15968.39
643,2026-03-10,srossi,7300,17374.0
644,2026-03-10,srossi,7300,11093.68
645,2026-03-10,srossi,6100,5865.04
646,2026-03-10,tnguyen,6200,12317.98
647,2026-03-10,tnguyen,7300,16006.72
648,2026-03-10,tnguyen,4000,13277.35
649,2026-03-10,tnguyen,6100,3169.5
650,2026-03-10,wbaker,7300,6969.88
651,2026-03-11,jkoval,7300,8228.85
652,2026-03-11,mpatel,7300,8845.76
653,2026-03-11,mpatel,7300,17159.09
654,2026-03-11,srossi,7300,19634.79
655,2026-03-11,srossi,4000,8091.37
656,2026-03-11,srossi,6100,2871.63
657,2026-03-11,tnguyen,6200,14262.82
658,2026-03-11,wbaker,4000,2668.31
659,2026-03-12,jkoval,7300,14528.71
660,2026-03-12,jkoval,6100,13546.34
661,2026-03-12,jkoval,6100,9941.87
662,2026-03-12,mpatel,4000,16079.77
663,2026-03-12,mpatel,6200,9264.03
664,2026-03-12,srossi,6100,15666.08
665,2026-03-12,srossi,4000,2792.93
666,2026-03-12,srossi,6100,4803.33
667,2026-03-12,tnguyen,6200,19573.68
668,2026-03-12,tnguyen,7300,8830.37
669,2026-03-12,tnguyen,6200,12964.88
670,2026-03-12,wbaker,7300,2605.24
671,2026-03-12,wbaker,6100,8999.97
672,2026-03-12,wbaker,7300,10092.49
673,2026-03-13,jkoval,4000,281.53
674,2026-03-13,mpatel,7300,7683.1
675,2026-03-13,srossi,6200,3405.53
676,2026-03-13,srossi,4000,17479.24
677,2026-03-13,tnguyen,6200,8612.61
678,2026-03-13,wbaker,7300,11584.02
679,2026-03-13,wbaker,4000,3653.82
680,2026-03-13,wbaker,6100,18473.05
681,2026-03-14,srossi,6100,10552.67
682,2026-03-15,srossi,6100,12663.37
683,2026-03-15,wbaker,6100,14416.27
684,2026-03-16,jkoval,6100,13222.83
685,2026-03-16,jkoval,6100,11353.92
686,2026-03-16,jkoval,4000,10356.64
687,2026-03-16,mpatel,6200,9522.35
688,2026-03-16,mpatel,6200,7812.12
689,2026-03-16,mpatel,6200,10808.98
690,2026-03-16,mpatel,6100,6047.17
691,2026-03-16,srossi,6200,15217.31
692,2026-03-16,srossi,6100,5199.44
693,2026-03-16,srossi,7300,18913.92
694,2026-03-16,tnguyen,4000,8104.35
695,2026-03-16,tnguyen,7300,19500.37
696,2026-03-16,tnguyen,7300,17172.93
697,2026-03-16,wbaker,4000,19544.94
698,2026-03-17,jkoval,6100,2621.87
699,2026-03-17,jkoval,6200,1565.88
700,2026-03-17,jkoval,4000,8652.87
701,2026-03-17,mpatel,6100,5024.9
702,2026-03-17,mpatel,6100,5967.33
703,2026-03-17,mpatel,6100,16838.0
704,2026-03-17,srossi,6100,17362.06
705,2026-03-17,tnguyen,7300,10397.52
706,2026-03-17,wbaker,6100,18203.92
707,2026-03-18,jkoval,7300,11009.6
708,2026-03-18,mpatel,7300,3246.42
709,2026-03-18,srossi,6200,3243.66
710,2026-03-18,tnguyen,6200,257.51
711,2026-03-18,tnguyen,4000,12774.31
712,2026-03-18,tnguyen,7300,6481.38
713,2026-03-18,wbaker,6200,16570.53
714,2026-03-18,wbaker,4000,17518.19
715,2026-03-18,wbaker,4000,6606.83
716,2026-03-18,wbaker,4000,3226.56
717,2026-03-19,jkoval,7300,3206.05
718,2026-03-19,jkoval,6200,16948.37
719,2026-03-19,jkoval,6100,15865.11
720,2026-03-19,jkoval,6200,5114.12
721,2026-03-19,mpatel,6100,1970.36
722,2026-03-19,mpatel,4000,232.5
723,2026-03-19,mpatel,6200,12647.8
724,2026-03-19,mpatel,7300,9151.87
725,2026-03-19,srossi,6200,19587.57
726,2026-03-19,srossi,6200,2103.37
727,2026-03-19,srossi,4000,2209.28
728,2026-03-19,tnguyen,7300,3696.02
729,2026-03-19,tnguyen,6100,2761.78
730,2026-03-19,tnguyen,6200,7544.75
731,2026-03-19,wbaker,6200,16178.21
732,2026-03-19,wbaker,6100,6273.94
733,2026-03-20,jkoval,7300,7532.61
734,2026-03-20,jkoval,6200,1676.81
735,2026-03-20,jkoval,7300,11236.18
736,2026-03-20,mpatel,6200,17915.38
737,2026-03-20,mpatel,4000,15242.47
738,2026-03-20,mpatel,6200,6280.5
739,2026-03-20,mpatel,7300,18082.08
740,2026-03-20,srossi,7300,4606.24
741,2026-03-20,srossi,7300,8064.29
742,2026-03-20,srossi,6100,15914.63
743,2026-03-20,tnguyen,7300,8088.07
744,2026-03-20,tnguyen,7300,10828.29
745,2026-03-20,wbaker,6200,13949.45
746,2026-03-20,wbaker,4000,5657.27
747,2026-03-20,wbaker,7300,6875.38
748,2026-03-20,wbaker,6100,19350.11
749,2026-03-21,srossi,6100,15309.2
750,2026-03-22,srossi,6200,17806.46
751,2026-03-22,tnguyen,6200,14155.27
752,2026-03-22,wbaker,6100,801.99
753,2026-03-23,jkoval,6100,5522.92
754,2026-03-23,mpatel,6100,4020.92
755,2026-03-23,mpatel,7300,12753.35
756,2026-03-23,mpatel,6100,12035.87
757,2026-03-23,srossi,4000,2859.79
758,2026-03-23,tnguyen,7300,2050.13
759,2026-03-23,wbaker,6100,8093.41
760,2026-03-23,wbaker,6200,1174.83
761,2026-03-23,wbaker,6100,4099.99
762,2026-03-24,jkoval,6200,5049.04
763,2026-03-24,jkoval,4000,12706.19
764,2026-03-24,jkoval,4000,18416.28
765,2026-03-24,jkoval,4000,9893.31
766,2026-03-24,mpatel,6200,15311.17
767,2026-03-24,mpatel,6100,3503.57
768,2026-03-24,mpatel,6100,3412.9
769,2026-03-24,mpatel,4000,19260.16
770,2026-03-24,srossi,4000,7279.1
771,2026-03-24,srossi,6200,18042.68
772,2026-03-24,srossi,7300,12202.88
773,2026-03-24,srossi,6200,18602.33
774,2026-03-24,tnguyen,6200,1085.34
775,2026-03-24,tnguyen,6100,8947.65
776,2026-03-24,tnguyen,4000,10411.35
777,2026-03-24,tnguyen,6200,10202.29
778,2026-03-24,wbaker,7300,3885.73
779,2026-03-25,jkoval,4000,638.57
780,2026-03-25,mpatel,6200,730.3
781,2026-03-25,mpatel,4000,9979.17
782,2026-03-25,mpatel,7300,13110.19
783,2026-03-25,mpatel,4000,3634.18
784,2026-03-25,srossi,6100,1357.62
785,2026-03-25,srossi,4000,4540.42
786,2026-03-25,srossi,4000,7929.95
787,2026-03-25,srossi,4000,5759.37
788,2026-03-25,tnguyen,6100,19443.66
789,2026-03-25,wbaker,6100,9527.88
790,2026-03-25,wbaker,4000,2726.74
791,2026-03-25,wbaker,6200,13792.05
792,2026-03-26,jkoval,6200,18328.45
793,2026-03-26,jkoval,4000,15724.92
794,2026-03-26,jkoval,6100,6964.71
795,2026-03-26,jkoval,6200,15415.22
796,2026-03-26,mpatel,6100,10127.03
797,2026-03-26,mpatel,6100,15629.1
798,2026-03-26,mpatel,6200,17666.54
799,2026-03-26,srossi,7300,7869.07
800,2026-03-26,srossi,6200,18476.24
801,2026-03-26,srossi,6200,7691.06
802,2026-03-26,tnguyen,6200,8895.05
803,2026-03-26,tnguyen,7300,7450.35
804,2026-03-26,tnguyen,4000,3400.5
805,2026-03-26,tnguyen,4000,18902.2
806,2026-03-26,wbaker,7300,15662.51
807,2026-03-27,jkoval,4000,3131.71
808,2026-03-27,jkoval,7300,15765.85
809,2026-03-27,mpatel,4000,10613.16
810,2026-03-27,mpatel,4000,16372.99
811,2026-03-27,srossi,7300,4020.56
812,2026-03-27,tnguyen,6100,6120.16
813,2026-03-27,wbaker,7300,9647.09
814,2026-03-27,wbaker,6100,9393.31
815,2026-03-29,srossi,7300,1284.46
816,2026-03-30,jkoval,4000,10982.38
817,2026-03-30,mpatel,7300,17281.52
818,2026-03-30,mpatel,4000,16417.14
819,2026-03-30,mpatel,6100,11587.14
820,2026-03-30,srossi,6200,10832.34
821,2026-03-30,srossi,6200,18666.77
822,2026-03-30,tnguyen,6200,18540.75
823,2026-03-30,tnguyen,4000,5380.17
824,2026-03-30,tnguyen,7300,7191.9
825,2026-03-30,tnguyen,4000,15554.75
826,2026-03-30,wbaker,4000,10170.15
827,2026-03-30,wbaker,4000,13530.48
828,2026-03-30,wbaker,6200,19750.25
829,2026-03-30,wbaker,6100,16321.88
830,2026-03-31,jkoval,7300,3748.02
831,2026-03-31,jkoval,4000,14659.13
832,2026-03-31,mpatel,4000,5964.09
833,2026-03-31,mpatel,6200,14965.88
834,2026-03-31,srossi,4000,17204.29
835,2026-03-31,srossi,6100,4964.86
836,2026-03-31,tnguyen,7300,19318.56
837,2026-03-31,tnguyen,7300,10597.87
838,2026-03-31,tnguyen,6100,7382.92
839,2026-03-31,wbaker,6100,7742.75
840,2026-03-31,wbaker,7300,4645.9
841,2026-04-01,jkoval,7300,4550.87
842,2026-04-01,jkoval,7300,1780.77
843,2026-04-01,jkoval,6200,126.05
844,2026-04-01,jkoval,7300,18356.1
845,2026-04-01,mpatel,7300,10329.89
846,2026-04-01,mpatel,6100,1149.61
847,2026-04-01,mpatel,6100,18045.52
848,2026-04-01,mpatel,6100,1316.92
849,2026-04-01,srossi,6200,6794.03
850,2026-04-01,tnguyen,4000,14889.23
851,2026-04-01,tnguyen,7300,12133.59
852,2026-04-01,tnguyen,6100,15051.22
853,2026-04-01,wbaker,4000,13446.57
854,2026-04-02,jkoval,4000,11505.51
855,2026-04-02,jkoval,7300,16938.05
856,2026-04-02,jkoval,6200,12423.02
857,2026-04-02,mpatel,7300,18482.22
858,2026-04-02,mpatel,7300,8134.83
859,2026-04-02,mpatel,6100,13096.39
860,2026-04-02,mpatel,6200,17806.6
861,2026-04-02,srossi,6100,432.42
862,2026-04-02,srossi,7300,6198.14
863,2026-04-02,tnguyen,6100,3821.61
864,2026-04-02,tnguyen,6200,1075.11
865,2026-04-02,wbaker,7300,6664.52
866,2026-04-03,jkoval,6200,2011.91
867,2026-04-03,jkoval,6100,17291.12
868,2026-04-03,jkoval,6200,9186.24
869,2026-04-03,mpatel,6100,5045.96
870,2026-04-03,mpatel,6200,758.9
871,2026-04-03,mpatel,4000,1600.53
872,2026-04-03,mpatel,4000,12538.63
873,2026-04-03,srossi,7300,6478.93
874,2026-04-03,srossi,6200,3469.33
875,2026-04-03,srossi,7300,11221.59
876,2026-04-03,srossi,4000,19925.67
877,2026-04-03,tnguyen,6200,12076.11
878,2026-04-03,wbaker,6100,13638.1
879,2026-04-03,wbaker,6100,7201.92
880,2026-04-03,wbaker,6100,11987.99
881,2026-04-04,srossi,4000,4748.09
882,2026-04-05,srossi,4000,7828.03
883,2026-04-06,jkoval,4000,15675.16
884,2026-04-06,jkoval,4000,10578.69
885,2026-04-06,jkoval,6100,10903.75
886,2026-04-06,jkoval,4000,14122.22
887,2026-04-06,mpatel,6200,17614.61
888,2026-04-06,mpatel,6200,2333.16
889,2026-04-06,srossi,7300,4948.09
890,2026-04-06,srossi,6200,4822.67
891,2026-04-06,srossi,6100,18240.79
892,2026-04-06,srossi,6100,7342.69
893,2026-04-06,tnguyen,6200,19068.7
894,2026-04-06,tnguyen,6200,7548.66
895,2026-04-06,tnguyen,6100,7666.56
896,2026-04-06,tnguyen,4000,2420.6
897,2026-04-06,wbaker,4000,9810.31
898,2026-04-06,wbaker,6200,17691.05
899,2026-04-06,wbaker,6100,16156.41
900,2026-04-07,jkoval,4000,2357.41
901,2026-04-07,jkoval,6200,10999.6
902,2026-04-07,jkoval,6100,5401.94
903,2026-04-07,mpatel,6100,14093.69
904,2026-04-07,mpatel,4000,17185.41
905,2026-04-07,mpatel,7300,2599.36
906,2026-04-07,mpatel,6100,18524.75
907,2026-04-07,srossi,4000,19936.41
908,2026-04-07,srossi,6100,16005.12
909,2026-04-07,srossi,6200,16316.66
910,2026-04-07,tnguyen,6100,3679.35
911,2026-04-07,wbaker,7300,17240.05
912,2026-04-07,wbaker,6200,10758.29
913,2026-04-07,wbaker,6200,4681.31
914,2026-04-07,wbaker,7300,13172.13
915,2026-04-08,jkoval,7300,10796.93
916,2026-04-08,jkoval,7300,16601.74
917,2026-04-08,mpatel,6100,11887.13
918,2026-04-08,srossi,6100,8546.0
919,2026-04-08,tnguyen,4000,11493.08
920,2026-04-08,wbaker,6100,18897.47
921,2026-04-08,wbaker,7300,12894.55
922,2026-04-08,wbaker,7300,17207.07
923,2026-04-08,wbaker,6200,19930.91
924,2026-04-09,jkoval,4000,18506.47
925,2026-04-09,jkoval,4000,9915.55
926,2026-04-09,mpatel,4000,1720.9
927,2026-04-09,srossi,4000,16811.94
928,2026-04-09,srossi,6200,7308.13
929,2026-04-09,tnguyen,6100,3467.8
930,2026-04-09,tnguyen,4000,8042.03
931,2026-04-09,wbaker,7300,10741.54
932,2026-04-09,wbaker,4000,15931.59
933,2026-04-10,jkoval,7300,14121.98
934,2026-04-10,jkoval,6100,9895.08
935,2026-04-10,mpatel,6200,7158.74
936,2026-04-10,mpatel,6200,8092.88
937,2026-04-10,mpatel,6100,18762.89
938,2026-04-10,srossi,6200,2704.28
939,2026-04-10,tnguyen,4000,9664.32
940,2026-04-10,tnguyen,7300,18043.38
941,2026-04-10,tnguyen,6100,4812.85
942,2026-04-10,tnguyen,4000,5334.53
943,2026-04-10,wbaker,7300,5974.82
944,2026-04-10,wbaker,4000,11797.27
945,2026-04-10,wbaker,6100,8806.59
946,2026-04-10,wbaker,7300,14169.65
947,2026-04-11,srossi,6100,14211.83
948,2026-04-12,srossi,6200,254.52
949,2026-04-13,jkoval,4000,4434.67
950,2026-04-13,jkoval,4000,6438.13
951,2026-04-13,jkoval,6200,18436.25
952,2026-04-13,mpatel,4000,17624.61
953,2026-04-13,srossi,6100,4707.53
954,2026-04-13,tnguyen,4000,13752.35
955,2026-04-13,tnguyen,7300,14000.04
956,2026-04-13,wbaker,7300,15838.55
957,2026-04-13,wbaker,7300,12285.31
958,2026-04-14,jkoval,4000,13852.03
959,2026-04-14,jkoval,6200,3983.92
960,2026-04-14,jkoval,6200,11775.3
961,2026-04-14,jkoval,4000,7354.91
962,2026-04-14,mpatel,6200,4389.37
963,2026-04-14,mpatel,6200,1025.29
964,2026-04-14,mpatel,4000,9394.0
965,2026-04-14,mpatel,4000,6702.96
966,2026-04-14,srossi,6100,7559.54
967,2026-04-14,srossi,6200,7456.7
968,2026-04-14,srossi,4000,5922.51
969,2026-04-14,srossi,6100,877.63
970,2026-04-14,tnguyen,4000,5868.25
971,2026-04-14,tnguyen,4000,1318.28
972,2026-04-14,tnguyen,6200,996.63
973,2026-04-14,tnguyen,6200,5266.77
974,2026-04-14,wbaker,4000,6928.99
975,2026-04-14,wbaker,6200,3173.74
976,2026-04-14,wbaker,7300,2365.16
977,2026-04-15,jkoval,4000,856.92
978,2026-04-15,jkoval,7300,8869.89
979,2026-04-15,mpatel,6200,19333.13
980,2026-04-15,mpatel,6100,6418.18
981,2026-04-15,mpatel,7300,4287.1
982,2026-04-15,srossi,6100,1844.65
983,2026-04-15,srossi,4000,19369.67
984,2026-04-15,tnguyen,6100,4244.0
985,2026-04-15,tnguyen,4000,18408.27
986,2026-04-15,tnguyen,6100,2105.73
987,2026-04-15,tnguyen,6200,18902.2
988,2026-04-15,wbaker,4000,17872.29
989,2026-04-16,jkoval,6100,14286.46
990,2026-04-16,jkoval,7300,1686.5
991,2026-04-16,jkoval,6100,11540.85
992,2026-04-16,mpatel,7300,10819.85
993,2026-04-16,srossi,6200,10674.22
994,2026-04-16,srossi,7300,3561.81
995,2026-04-16,tnguyen,4000,1321.83
996,2026-04-16,tnguyen,7300,17516.84
997,2026-04-16,wbaker,7300,19966.14
998,2026-04-16,wbaker,7300,5006.17
999,2026-04-16,wbaker,6200,9045.4
1000,2026-04-17,jkoval,7300,19688.8
1001,2026-04-17,jkoval,7300,14623.8
1002,2026-04-17,jkoval,6100,10038.22
1003,2026-04-17,jkoval,7300,5456.53
1004,2026-04-17,mpatel,6200,4465.52
1005,2026-04-17,srossi,7300,14943.59
1006,2026-04-17,srossi,6200,19821.58
1007,2026-04-17,srossi,7300,1750.66
1008,2026-04-17,tnguyen,7300,3337.52
1009,2026-04-17,wbaker,6200,17309.28
1010,2026-04-17,wbaker,6200,11824.5
1011,2026-04-17,wbaker,6100,3636.11
1012,2026-04-18,srossi,6100,4565.81
1013,2026-04-19,srossi,6100,2277.58
1014,2026-04-20,jkoval,6100,18333.58
1015,2026-04-20,mpatel,6200,4581.79
1016,2026-04-20,mpatel,6200,3808.98
1017,2026-04-20,srossi,6100,7193.4
1018,2026-04-20,srossi,6100,7346.04
1019,2026-04-20,tnguyen,6200,5449.19
1020,2026-04-20,tnguyen,4000,9187.18
1021,2026-04-20,wbaker,6200,13469.75
1022,2026-04-20,wbaker,6200,3030.23
1023,2026-04-20,wbaker,6200,3213.0
1024,2026-04-21,jkoval,6200,11171.27
1025,2026-04-21,mpatel,6100,19562.88
1026,2026-04-21,mpatel,6200,4325.41
1027,2026-04-21,mpatel,7300,6135.19
1028,2026-04-21,srossi,6200,16668.39
1029,2026-04-21,srossi,7300,13441.28
1030,2026-04-21,tnguyen,6100,8002.93
1031,2026-04-21,tnguyen,4000,17235.27
1032,2026-04-21,wbaker,6200,3598.01
1033,2026-04-21,wbaker,6100,18778.28
1034,2026-04-21,wbaker,4000,5047.43
1035,2026-04-22,jkoval,4000,6842.79
1036,2026-04-22,jkoval,7300,11163.32
1037,2026-04-22,jkoval,4000,14506.63
1038,2026-04-22,jkoval,4000,890.33
1039,2026-04-22,mpatel,6200,12135.36
1040,2026-04-22,mpatel,4000,17030.81
1041,2026-04-22,srossi,6100,12225.81
1042,2026-04-22,srossi,6100,4436.43
1043,2026-04-22,tnguyen,6200,1916.7
1044,2026-04-22,wbaker,7300,7108.74
1045,2026-04-22,wbaker,6100,1855.76
1046,2026-04-22,wbaker,6100,13095.35
1047,2026-04-22,wbaker,4000,676.26
1048,2026-04-23,jkoval,7300,19822.22
1049,2026-04-23,jkoval,4000,7290.69
1050,2026-04-23,jkoval,4000,15457.96
1051,2026-04-23,mpatel,4000,2666.16
1052,2026-04-23,srossi,6200,11356.82
1053,2026-04-23,srossi,7300,18146.27
1054,2026-04-23,srossi,4000,10712.15
1055,2026-04-23,tnguyen,6200,11993.23
1056,2026-04-23,tnguyen,7300,17894.42
1057,2026-04-23,tnguyen,7300,10852.18
1058,2026-04-23,wbaker,4000,13485.9
1059,2026-04-23,wbaker,7300,8655.68
1060,2026-04-23,wbaker,7300,19501.56
1061,2026-04-24,jkoval,6100,2589.66
1062,2026-04-24,jkoval,6100,12249.39
1063,2026-04-24,jkoval,6200,15745.98
1064,2026-04-24,mpatel,6100,19456.14
1065,2026-04-24,mpatel,6200,18943.26
1066,2026-04-24,srossi,4000,16355.97
1067,2026-04-24,srossi,7300,5691.18
1068,2026-04-24,srossi,6200,3240.67
1069,2026-04-24,srossi,6100,11734.98
1070,2026-04-24,tnguyen,4000,1822.03
1071,2026-04-24,wbaker,6200,6710.76
1072,2026-04-24,wbaker,6200,4607.78
1073,2026-04-24,wbaker,6100,660.09
1074,2026-04-25,srossi,4000,7467.45
1075,2026-04-26,jkoval,7300,2654.51
1076,2026-04-26,srossi,6100,12915.33
1077,2026-04-27,jkoval,6200,17620.16
1078,2026-04-27,mpatel,6100,8082.97
1079,2026-04-27,mpatel,6200,443.83
1080,2026-04-27,mpatel,7300,1032.23
1081,2026-04-27,mpatel,6200,15742.94
1082,2026-04-27,srossi,6100,3616.63
1083,2026-04-27,tnguyen,4000,17059.08
1084,2026-04-27,tnguyen,6100,5528.42
1085,2026-04-27,wbaker,6100,8812.23
1086,2026-04-28,jkoval,6100,934.93
1087,2026-04-28,jkoval,4000,4828.95
1088,2026-04-28,jkoval,6200,8821.2
1089,2026-04-28,mpatel,7300,8566.74
1090,2026-04-28,mpatel,4000,8765.8
1091,2026-04-28,mpatel,7300,10411.9
1092,2026-04-28,mpatel,4000,499.81
1093,2026-04-28,srossi,6200,7860.02
1094,2026-04-28,srossi,7300,8555.28
1095,2026-04-28,srossi,4000,11851.5
1096,2026-04-28,srossi,6200,15039.77
1097,2026-04-28,tnguyen,6100,6659.38
1098,2026-04-28,tnguyen,6200,1943.36
1099,2026-04-28,tnguyen,6200,6430.79
1100,2026-04-28,wbaker,4000,8559.15
1101,2026-04-29,jkoval,6200,7956.37
1102,2026-04-29,jkoval,4000,6450.98
1103,2026-04-29,jkoval,4000,15434.2
1104,2026-04-29,jkoval,7300,6934.24
1105,2026-04-29,mpatel,7300,4999.86
1106,2026-04-29,mpatel,4000,3481.97
1107,2026-04-29,mpatel,7300,10089.1
1108,2026-04-29,mpatel,4000,18181.96
1109,2026-04-29,srossi,7300,2536.94
1110,2026-04-29,srossi,7300,7093.99
1111,2026-04-29,srossi,7300,13060.64
1112,2026-04-29,srossi,6100,19698.87
1113,2026-04-29,tnguyen,7300,13675.45
1114,2026-04-29,tnguyen,4000,7055.84
1115,2026-04-29,tnguyen,7300,6220.29
1116,2026-04-29,tnguyen,6100,2731.78
1117,2026-04-29,wbaker,4000,14664.29
1118,2026-04-30,jkoval,7300,19064.87
1119,2026-04-30,jkoval,6200,9586.39
1120,2026-04-30,jkoval,6200,9933.23
1121,2026-04-30,mpatel,7300,15253.21
1122,2026-04-30,mpatel,6100,2161.54
1123,2026-04-30,mpatel,4000,10202.26
1124,2026-04-30,mpatel,6200,19153.43
1125,2026-04-30,srossi,7300,1609.97
1126,2026-04-30,srossi,6200,15587.07
1127,2026-04-30,srossi,7300,17894.67
1128,2026-04-30,srossi,6100,3363.62
1129,2026-04-30,tnguyen,6200,7180.06
1130,2026-04-30,tnguyen,7300,14899.01
1131,2026-04-30,tnguyen,7300,17237.04
1132,2026-04-30,wbaker,4000,7848.58
1133,2026-04-30,wbaker,4000,10304.48
1134,2026-04-30,wbaker,6100,934.01
1135,2026-05-01,jkoval,6100,2666.33
1136,2026-05-01,jkoval,4000,18691.69
1137,2026-05-01,mpatel,6200,17719.5
1138,2026-05-01,mpatel,6100,12319.19
1139,2026-05-01,mpatel,4000,2176.37
1140,2026-05-01,srossi,7300,11006.79
1141,2026-05-01,srossi,4000,7281.52
1142,2026-05-01,tnguyen,6200,18381.04
1143,2026-05-01,wbaker,6200,4765.04
1144,2026-05-01,wbaker,7300,18750.96
1145,2026-05-01,wbaker,6100,16078.32
1146,2026-05-01,wbaker,6100,6062.14
1147,2026-05-03,srossi,6100,19710.85
1148,2026-05-04,jkoval,6200,10115.36
1149,2026-05-04,jkoval,6100,5350.12
1150,2026-05-04,jkoval,7300,5222.48
1151,2026-05-04,jkoval,7300,12653.87
1152,2026-05-04,mpatel,4000,17562.78
1153,2026-05-04,mpatel,6100,7481.94
1154,2026-05-04,srossi,7300,5411.21
1155,2026-05-04,srossi,7300,13019.03
1156,2026-05-04,srossi,7300,16498.09
1157,2026-05-04,srossi,7300,18172.9
1158,2026-05-04,tnguyen,6200,5739.39
1159,2026-05-04,tnguyen,7300,13604.01
1160,2026-05-04,tnguyen,6200,8007.73
1161,2026-05-04,wbaker,6100,15424.8
1162,2026-05-04,wbaker,6200,2458.77
1163,2026-05-04,wbaker,6200,8588.42
1164,2026-05-05,jkoval,7300,8951.56
1165,2026-05-05,jkoval,7300,1751.62
1166,2026-05-05,jkoval,6200,8699.78
1167,2026-05-05,jkoval,6200,13277.08
1168,2026-05-05,mpatel,6200,9244.74
1169,2026-05-05,srossi,6200,18610.68
1170,2026-05-05,srossi,6100,7515.2
1171,2026-05-05,srossi,4000,13305.27
1172,2026-05-05,tnguyen,6200,5587.98
1173,2026-05-05,tnguyen,6100,19025.24
1174,2026-05-05,tnguyen,6100,17119.82
1175,2026-05-05,tnguyen,6100,5835.86
1176,2026-05-05,wbaker,7300,14030.87
1177,2026-05-05,wbaker,6200,6572.0
1178,2026-05-06,jkoval,6200,16580.31
1179,2026-05-06,jkoval,6200,8844.67
1180,2026-05-06,jkoval,7300,11906.87
1181,2026-05-06,mpatel,6100,7195.38
1182,2026-05-06,mpatel,7300,16288.06
1183,2026-05-06,mpatel,7300,6252.47
1184,2026-05-06,mpatel,7300,15235.54
1185,2026-05-06,srossi,4000,9134.42
1186,2026-05-06,srossi,4000,4613.89
1187,2026-05-06,tnguyen,4000,5244.68
1188,2026-05-06,tnguyen,6100,11941.72
1189,2026-05-06,tnguyen,6100,14892.24
1190,2026-05-06,tnguyen,6200,1202.68
1191,2026-05-06,wbaker,6200,4927.45
1192,2026-05-06,wbaker,7300,8984.32
1193,2026-05-06,wbaker,6200,6390.52
1194,2026-05-07,jkoval,7300,5581.09
1195,2026-05-07,mpatel,6100,1373.17
1196,2026-05-07,srossi,6100,3195.1
1197,2026-05-07,srossi,6100,13289.73
1198,2026-05-07,srossi,6200,4181.42
1199,2026-05-07,tnguyen,6100,5962.26
1200,2026-05-07,tnguyen,4000,4911.47
1201,2026-05-07,tnguyen,7300,19443.21
1202,2026-05-07,wbaker,6100,19674.31
1203,2026-05-07,wbaker,7300,2319.1
1204,2026-05-08,jkoval,6100,15812.98
1205,2026-05-08,jkoval,4000,18740.09
1206,2026-05-08,jkoval,6100,15475.67
1207,2026-05-08,jkoval,4000,15760.14
1208,2026-05-08,mpatel,7300,11984.43
1209,2026-05-08,mpatel,6200,1773.27
1210,2026-05-08,mpatel,7300,14155.45
1211,2026-05-08,mpatel,4000,13718.93
1212,2026-05-08,srossi,6100,8859.78
1213,2026-05-08,srossi,6200,16971.74
1214,2026-05-08,srossi,6200,11554.2
1215,2026-05-08,srossi,6100,12632.26
1216,2026-05-08,tnguyen,6100,17784.34
1217,2026-05-08,tnguyen,4000,3570.82
1218,2026-05-08,wbaker,4000,7134.53
1219,2026-05-08,wbaker,6200,10649.68
1220,2026-05-09,srossi,6200,17635.19
1221,2026-05-10,srossi,7300,9925.11
1222,2026-05-10,wbaker,4000,5609.91
1223,2026-05-11,jkoval,4000,9407.1
1224,2026-05-11,jkoval,4000,13081.41
1225,2026-05-11,jkoval,7300,17026.15
1226,2026-05-11,jkoval,6200,11365.3
1227,2026-05-11,mpatel,7300,17344.34
1228,2026-05-11,mpatel,7300,16922.7
1229,2026-05-11,mpatel,6200,16342.13
1230,2026-05-11,mpatel,4000,1866.5
1231,2026-05-11,srossi,4000,6132.0
1232,2026-05-11,srossi,6200,17576.14
1233,2026-05-11,srossi,6100,15049.19
1234,2026-05-11,tnguyen,6200,8916.95
1235,2026-05-11,wbaker,4000,18648.33
1236,2026-05-11,wbaker,7300,17758.67
1237,2026-05-12,jkoval,4000,2982.34
1238,2026-05-12,jkoval,7300,11869.55
1239,2026-05-12,jkoval,6100,19133.45
1240,2026-05-12,mpatel,4000,2762.86
1241,2026-05-12,mpatel,4000,7845.78
1242,2026-05-12,srossi,6100,15794.7
1243,2026-05-12,srossi,4000,7595.83
1244,2026-05-12,srossi,6200,19661.42
1245,2026-05-12,srossi,4000,6119.94
1246,2026-05-12,tnguyen,7300,14603.46
1247,2026-05-12,tnguyen,6100,14365.24
1248,2026-05-12,wbaker,6100,4188.24
1249,2026-05-12,wbaker,6200,5990.16
1250,2026-05-12,wbaker,6200,16398.08
1251,2026-05-12,wbaker,6100,10033.03
1252,2026-05-13,jkoval,6200,1501.32
1253,2026-05-13,jkoval,4000,13597.89
1254,2026-05-13,mpatel,6200,17702.19
1255,2026-05-13,srossi,6200,12928.6
1256,2026-05-13,tnguyen,4000,2814.72
1257,2026-05-13,wbaker,7300,11886.21
1258,2026-05-13,wbaker,7300,11967.22
1259,2026-05-13,wbaker,6100,162.63
1260,2026-05-14,jkoval,4000,4922.1
1261,2026-05-14,jkoval,6100,17445.31
1262,2026-05-14,jkoval,7300,11683.04
1263,2026-05-14,jkoval,4000,7986.06
1264,2026-05-14,mpatel,4000,15085.1
1265,2026-05-14,srossi,7300,18682.89
1266,2026-05-14,srossi,6200,10251.74
1267,2026-05-14,tnguyen,6200,4309.88
1268,2026-05-14,tnguyen,4000,668.3
1269,2026-05-14,wbaker,6200,12486.74
1270,2026-05-14,wbaker,7300,3370.28
1271,2026-05-15,jkoval,6200,17899.88
1272,2026-05-15,jkoval,6100,12999.67
1273,2026-05-15,mpatel,6200,1791.44
1274,2026-05-15,mpatel,4000,17576.7
1275,2026-05-15,mpatel,6200,8931.71
1276,2026-05-15,srossi,4000,18143.32
1277,2026-05-15,srossi,4000,14294.88
1278,2026-05-15,srossi,4000,7853.26
1279,2026-05-15,tnguyen,6200,5855.01
1280,2026-05-15,tnguyen,6100,13996.56
1281,2026-05-15,tnguyen,6100,2994.93
1282,2026-05-15,tnguyen,4000,5672.03
1283,2026-05-15,wbaker,7300,3774.24
1284,2026-05-15,wbaker,6100,2499.55
1285,2026-05-15,wbaker,6200,8112.38
1286,2026-05-16,srossi,7300,6066.1
1287,2026-05-18,jkoval,6200,13640.04
1288,2026-05-18,jkoval,7300,19168.73
1289,2026-05-18,jkoval,7300,7092.57
1290,2026-05-18,mpatel,6100,1878.73
1291,2026-05-18,mpatel,7300,7376.7
1292,2026-05-18,mpatel,6200,14403.64
1293,2026-05-18,srossi,4000,267.63
1294,2026-05-18,srossi,7300,13924.62
1295,2026-05-18,srossi,6100,13707.33
1296,2026-05-18,srossi,4000,2551.39
1297,2026-05-18,tnguyen,4000,8077.58
1298,2026-05-18,tnguyen,4000,511.61
1299,2026-05-18,wbaker,4000,18948.58
1300,2026-05-19,jkoval,6200,12179.78
1301,2026-05-19,jkoval,4000,17756.26
1302,2026-05-19,jkoval,6100,13233.28
1303,2026-05-19,mpatel,6100,13066.52
1304,2026-05-19,mpatel,7300,18364.41
1305,2026-05-19,mpatel,6200,16198.73
1306,2026-05-19,mpatel,4000,13236.03
1307,2026-05-19,srossi,6200,13111.18
1308,2026-05-19,srossi,4000,10380.73
1309,2026-05-19,tnguyen,6200,4918.14
1310,2026-05-19,wbaker,7300,4146.2
1311,2026-05-19,wbaker,4000,19251.2
1312,2026-05-19,wbaker,6200,6614.34
1313,2026-05-19,wbaker,6200,17011.56
1314,2026-05-20,jkoval,7300,10970.01
1315,2026-05-20,jkoval,6200,17906.37
1316,2026-05-20,jkoval,4000,13346.34
1317,2026-05-20,jkoval,4000,15788.59
1318,2026-05-20,mpatel,6100,12408.15
1319,2026-05-20,srossi,7300,3923.39
1320,2026-05-20,srossi,6100,8796.58
1321,2026-05-20,tnguyen,6200,3302.47
1322,2026-05-20,wbaker,7300,13599.18
1323,2026-05-21,jkoval,6100,6859.68
1324,2026-05-21,mpatel,7300,19107.96
1325,2026-05-21,mpatel,6200,8425.31
1326,2026-05-21,mpatel,6200,15721.51
1327,2026-05-21,mpatel,6100,4746.76
1328,2026-05-21,srossi,7300,1598.1
1329,2026-05-21,srossi,6200,16911.36
1330,2026-05-21,tnguyen,6200,15072.94
1331,2026-05-21,tnguyen,4000,10880.8
1332,2026-05-21,wbaker,7300,1364.85
1333,2026-05-21,wbaker,6100,5842.31
1334,2026-05-21,wbaker,4000,13506.08
1335,2026-05-22,jkoval,7300,2246.47
1336,2026-05-22,jkoval,4000,16738.97
1337,2026-05-22,mpatel,6200,8871.32
1338,2026-05-22,mpatel,6200,13532.48
1339,2026-05-22,mpatel,4000,9113.85
1340,2026-05-22,mpatel,7300,1600.81
1341,2026-05-22,srossi,6200,5104.89
1342,2026-05-22,srossi,7300,18787.8
1343,2026-05-22,tnguyen,4000,13650.48
1344,2026-05-22,tnguyen,7300,8024.07
1345,2026-05-22,tnguyen,6200,9389.38
1346,2026-05-22,tnguyen,6200,10573.58
1347,2026-05-22,wbaker,4000,19515.65
1348,2026-05-22,wbaker,4000,4176.21
1349,2026-05-22,wbaker,6100,10268.36
1350,2026-05-22,wbaker,7300,10053.94
1351,2026-05-23,srossi,6200,17034.9
1352,2026-05-25,jkoval,6100,16301.04
1353,2026-05-25,jkoval,6200,8852.19
1354,2026-05-25,jkoval,7300,1286.88
1355,2026-05-25,jkoval,4000,534.01
1356,2026-05-25,mpatel,7300,9791.2
1357,2026-05-25,mpatel,6100,4073.29
1358,2026-05-25,mpatel,6200,4718.26
1359,2026-05-25,mpatel,4000,6989.69
1360,2026-05-25,srossi,6100,13289.39
1361,2026-05-25,srossi,7300,6102.69
1362,2026-05-25,tnguyen,6200,8509.8
1363,2026-05-25,wbaker,7300,3294.49
1364,2026-05-25,wbaker,4000,17207.68
1365,2026-05-25,wbaker,7300,7532.02
1366,2026-05-25,wbaker,4000,6176.53
1367,2026-05-26,jkoval,6200,10969.35
1368,2026-05-26,jkoval,7300,12076.36
1369,2026-05-26,jkoval,4000,6669.67
1370,2026-05-26,jkoval,6100,14104.54
1371,2026-05-26,mpatel,4000,9314.62
1372,2026-05-26,mpatel,4000,13989.03
1373,2026-05-26,mpatel,6200,1479.69
1374,2026-05-26,mpatel,6200,19073.49
1375,2026-05-26,srossi,7300,17358.38
1376,2026-05-26,srossi,6200,1868.2
1377,2026-05-26,srossi,4000,16447.35
1378,2026-05-26,tnguyen,7300,13159.42
1379,2026-05-26,tnguyen,6200,4883.99
1380,2026-05-26,wbaker,7300,17343.69
1381,2026-05-26,wbaker,7300,17800.29
1382,2026-05-26,wbaker,6100,13239.83
1383,2026-05-27,jkoval,7300,16576.11
1384,2026-05-27,mpatel,7300,3092.06
1385,2026-05-27,mpatel,4000,19824.51
1386,2026-05-27,mpatel,6200,77.83
1387,2026-05-27,srossi,6200,8700.98
1388,2026-05-27,tnguyen,6100,6004.65
1389,2026-05-27,tnguyen,4000,19995.39
1390,2026-05-27,tnguyen,6200,8290.04
1391,2026-05-27,wbaker,7300,4358.27
1392,2026-05-27,wbaker,7300,852.39
1393,2026-05-27,wbaker,7300,5171.0
1394,2026-05-27,wbaker,6100,14885.39
1395,2026-05-28,jkoval,4000,1508.89
1396,2026-05-28,jkoval,6200,18684.32
1397,2026-05-28,jkoval,7300,15889.89
1398,2026-05-28,mpatel,7300,19378.55
1399,2026-05-28,srossi,4000,5988.76
1400,2026-05-28,tnguyen,6100,19866.02
1401,2026-05-28,wbaker,4000,1109.63
1402,2026-05-29,jkoval,7300,8852.35
1403,2026-05-29,jkoval,6200,2836.24
1404,2026-05-29,jkoval,7300,8183.72
1405,2026-05-29,jkoval,6100,8037.6
1406,2026-05-29,mpatel,6200,11968.92
1407,2026-05-29,mpatel,7300,9732.64
1408,2026-05-29,srossi,7300,13686.56
1409,2026-05-29,tnguyen,4000,12267.58
1410,2026-05-29,tnguyen,6200,4596.3
1411,2026-05-29,wbaker,7300,8908.36
1412,2026-05-29,wbaker,6200,11890.69
1413,2026-05-30,srossi,6100,5901.64
1414,2026-05-31,srossi,6100,12369.6
1415,2026-06-01,jkoval,7300,14701.51
1416,2026-06-01,mpatel,6100,19024.5
1417,2026-06-01,mpatel,4000,1724.79
1418,2026-06-01,srossi,4000,16015.12
1419,2026-06-01,tnguyen,6100,8777.46
1420,2026-06-01,tnguyen,4000,8982.86
1421,2026-06-01,tnguyen,4000,5307.01
1422,2026-06-01,wbaker,6100,17855.5
1423,2026-06-01,wbaker,4000,3578.5
1424,2026-06-01,wbaker,7300,9134.93
1425,2026-06-01,wbaker,6100,351.96
1426,2026-06-02,jkoval,6200,19207.83
1427,2026-06-02,jkoval,6100,4276.03
1428,2026-06-02,jkoval,7300,2088.82
1429,2026-06-02,mpatel,7300,9801.97
1430,2026-06-02,mpatel,6200,16544.36
1431,2026-06-02,srossi,4000,7032.42
1432,2026-06-02,srossi,6100,17631.75
1433,2026-06-02,srossi,7300,2393.25
1434,2026-06-02,srossi,7300,16270.4
1435,2026-06-02,tnguyen,6100,3641.3
1436,2026-06-02,tnguyen,4000,19308.79
1437,2026-06-02,wbaker,4000,2112.65
1438,2026-06-02,wbaker,4000,5499.63
1439,2026-06-03,jkoval,6200,8181.02
1440,2026-06-03,mpatel,6200,13519.71
1441,2026-06-03,mpatel,7300,19436.28
1442,2026-06-03,srossi,6200,156.23
1443,2026-06-03,srossi,6200,12222.81
1444,2026-06-03,srossi,6200,2614.95
1445,2026-06-03,tnguyen,4000,2422.87
1446,2026-06-03,wbaker,4000,1388.7
1447,2026-06-04,jkoval,4000,8627.28
1448,2026-06-04,mpatel,7300,5188.0
1449,2026-06-04,srossi,7300,16214.19
1450,2026-06-04,srossi,6200,6166.03
1451,2026-06-04,srossi,6100,2871.85
1452,2026-06-04,srossi,4000,1499.69
1453,2026-06-04,tnguyen,6100,14606.01
1454,2026-06-04,wbaker,6100,16758.49
1455,2026-06-04,wbaker,4000,4954.73
1456,2026-06-04,wbaker,4000,8490.32
1457,2026-06-04,wbaker,6100,4719.61
1458,2026-06-05,jkoval,6100,18644.15
1459,2026-06-05,mpatel,6200,11596.07
1460,2026-06-05,mpatel,4000,18034.74
1461,2026-06-05,mpatel,7300,7033.3
1462,2026-06-05,srossi,4000,16613.08
1463,2026-06-05,srossi,6200,18954.67
1464,2026-06-05,srossi,6200,11763.34
1465,2026-06-05,srossi,6100,4566.73
1466,2026-06-05,tnguyen,6200,5315.3
1467,2026-06-05,tnguyen,7300,8394.71
1468,2026-06-05,tnguyen,6200,12624.3
1469,2026-06-05,tnguyen,4000,10500.69
1470,2026-06-05,wbaker,4000,11347.7
1471,2026-06-05,wbaker,6200,3966.54
1472,2026-06-05,wbaker,6100,11365.08
1473,2026-06-07,srossi,7300,9592.09
1474,2026-06-08,jkoval,6100,4876.39
1475,2026-06-08,jkoval,6200,1958.95
1476,2026-06-08,jkoval,4000,1526.06
1477,2026-06-08,jkoval,4000,18708.9
1478,2026-06-08,mpatel,4000,183.38
1479,2026-06-08,mpatel,6100,3792.34
1480,2026-06-08,mpatel,6100,11410.56
1481,2026-06-08,mpatel,6100,5186.28
1482,2026-06-08,srossi,4000,7536.9
1483,2026-06-08,tnguyen,4000,8318.11
1484,2026-06-08,tnguyen,6200,14337.68
1485,2026-06-08,tnguyen,4000,7647.72
1486,2026-06-08,tnguyen,6100,7183.2
1487,2026-06-08,wbaker,7300,17149.3
1488,2026-06-08,wbaker,6200,13639.08
1489,2026-06-08,wbaker,7300,17711.41
1490,2026-06-09,jkoval,6100,18704.02
1491,2026-06-09,jkoval,4000,18149.21
1492,2026-06-09,mpatel,6100,6699.97
1493,2026-06-09,mpatel,4000,1881.87
1494,2026-06-09,mpatel,6100,12153.31
1495,2026-06-09,mpatel,7300,18684.13
1496,2026-06-09,srossi,4000,4346.41
1497,2026-06-09,srossi,7300,4794.28
1498,2026-06-09,tnguyen,6200,11323.49
1499,2026-06-09,wbaker,7300,10914.75
1500,2026-06-10,jkoval,6100,12738.88
1501,2026-06-10,jkoval,7300,9045.29
1502,2026-06-10,jkoval,4000,11013.37
1503,2026-06-10,mpatel,6100,19605.09
1504,2026-06-10,mpatel,6200,17282.53
1505,2026-06-10,mpatel,7300,16800.52
1506,2026-06-10,mpatel,6200,9257.54
1507,2026-06-10,srossi,6100,9987.96
1508,2026-06-10,srossi,6200,8486.16
1509,2026-06-10,srossi,6200,8381.89
1510,2026-06-10,tnguyen,7300,12615.8
1511,2026-06-10,tnguyen,6100,19448.43
1512,2026-06-10,wbaker,6100,6255.12
1513,2026-06-10,wbaker,7300,5177.86
1514,2026-06-11,jkoval,4000,2597.25
1515,2026-06-11,jkoval,7300,16750.13
1516,2026-06-11,mpatel,7300,11502.49
1517,2026-06-11,mpatel,6200,18486.27
1518,2026-06-11,mpatel,6200,3959.44
1519,2026-06-11,mpatel,6200,14924.24
1520,2026-06-11,srossi,7300,13166.67
1521,2026-06-11,srossi,6100,16312.83
1522,2026-06-11,tnguyen,6100,6751.69
1523,2026-06-11,tnguyen,6100,12473.75
1524,2026-06-11,tnguyen,4000,5933.5
1525,2026-06-11,tnguyen,6100,3891.71
1526,2026-06-11,wbaker,7300,1947.24
1527,2026-06-11,wbaker,6100,3876.65
1528,2026-06-11,wbaker,6100,4358.45
1529,2026-06-12,jkoval,6200,10580.23
1530,2026-06-12,jkoval,7300,2869.0
1531,2026-06-12,jkoval,6100,19143.55
1532,2026-06-12,mpatel,7300,6345.13
1533,2026-06-12,mpatel,6200,15270.07
1534,2026-06-12,mpatel,6100,8119.7
1535,2026-06-12,mpatel,7300,8918.1
1536,2026-06-12,srossi,7300,13583.5
1537,2026-06-12,tnguyen,6100,3301.45
1538,2026-06-12,tnguyen,7300,3384.7
1539,2026-06-12,tnguyen,6200,15242.64
1540,2026-06-12,wbaker,4000,2939.88
1541,2026-06-12,wbaker,6200,333.79
1542,2026-06-12,wbaker,4000,3368.71
1543,2026-06-13,srossi,7300,2966.55
1544,2026-06-14,srossi,4000,18565.09
1545,2026-06-15,jkoval,4000,994.53
1546,2026-06-15,jkoval,4000,7935.25
1547,2026-06-15,jkoval,4000,16581.48
1548,2026-06-15,mpatel,6100,15804.9
1549,2026-06-15,srossi,4000,12058.07
1550,2026-06-15,tnguyen,6200,15414.05
1551,2026-06-15,tnguyen,6100,18479.82
1552,2026-06-15,tnguyen,4000,6012.34
1553,2026-06-15,wbaker,4000,6867.89
1554,2026-06-16,jkoval,7300,3488.3
1555,2026-06-16,jkoval,7300,12563.37
1556,2026-06-16,jkoval,7300,8868.11
1557,2026-06-16,jkoval,6100,9475.44
1558,2026-06-16,mpatel,7300,5191.72
1559,2026-06-16,mpatel,6200,4362.01
1560,2026-06-16,mpatel,7300,15562.41
1561,2026-06-16,srossi,4000,18822.74
1562,2026-06-16,srossi,6100,16621.48
1563,2026-06-16,srossi,7300,3057.31
1564,2026-06-16,srossi,6100,8989.01
1565,2026-06-16,tnguyen,6100,2760.24
1566,2026-06-16,wbaker,7300,14749.39
1567,2026-06-16,wbaker,7300,2173.28
1568,2026-06-17,jkoval,6100,15555.39
1569,2026-06-17,mpatel,4000,17257.98
1570,2026-06-17,mpatel,6200,11295.51
1571,2026-06-17,srossi,7300,627.85
1572,2026-06-17,srossi,4000,15193.58
1573,2026-06-17,srossi,7300,1432.69
1574,2026-06-17,tnguyen,4000,10388.78
1575,2026-06-17,tnguyen,4000,13440.09
1576,2026-06-17,wbaker,7300,7256.6
1577,2026-06-17,wbaker,6100,18567.47
1578,2026-06-17,wbaker,7300,2488.37
1579,2026-06-18,jkoval,4000,15436.28
1580,2026-06-18,jkoval,6100,5925.72
1581,2026-06-18,jkoval,4000,16634.87
1582,2026-06-18,mpatel,4000,12309.55
1583,2026-06-18,mpatel,6100,8319.25
1584,2026-06-18,srossi,6200,14656.53
1585,2026-06-18,srossi,7300,16895.47
1586,2026-06-18,srossi,6200,5465.04
1587,2026-06-18,tnguyen,7300,14154.75
1588,2026-06-18,wbaker,6200,17941.73
1589,2026-06-18,wbaker,7300,11151.18
1590,2026-06-18,wbaker,6100,13091.25
1591,2026-06-19,jkoval,6200,978.29
1592,2026-06-19,jkoval,6100,3053.94
1593,2026-06-19,mpatel,6200,15617.58
1594,2026-06-19,srossi,4000,334.47
1595,2026-06-19,srossi,4000,4589.28
1596,2026-06-19,srossi,7300,19817.31
1597,2026-06-19,tnguyen,6200,15044.75
1598,2026-06-19,tnguyen,7300,12855.36
1599,2026-06-19,wbaker,4000,14758.16
1600,2026-06-19,wbaker,7300,11646.83
1601,2026-06-19,wbaker,6200,13378.99
1602,2026-06-20,srossi,6100,1080.39
1603,2026-06-21,srossi,6200,4587.16
1604,2026-06-22,jkoval,4000,5836.08
1605,2026-06-22,jkoval,6100,726.49
1606,2026-06-22,jkoval,7300,16288.68
1607,2026-06-22,mpatel,6200,4494.53
1608,2026-06-22,mpatel,4000,670.33
1609,2026-06-22,mpatel,6200,3159.58
1610,2026-06-22,srossi,6200,2352.04
1611,2026-06-22,srossi,6200,19900.09
1612,2026-06-22,tnguyen,6200,15714.87
1613,2026-06-22,tnguyen,6100,18344.52
1614,2026-06-22,wbaker,7300,13276.88
1615,2026-06-22,wbaker,6200,9200.44
1616,2026-06-23,jkoval,7300,7973.35
1617,2026-06-23,mpatel,4000,5178.06
1618,2026-06-23,srossi,7300,19015.54
1619,2026-06-23,srossi,7300,11937.94
1620,2026-06-23,tnguyen,4000,9789.62
1621,2026-06-23,tnguyen,6200,1473.07
1622,2026-06-23,tnguyen,7300,14612.86
1623,2026-06-23,wbaker,4000,7026.24
1624,2026-06-23,wbaker,6200,12861.18
1625,2026-06-23,wbaker,7300,5634.61
1626,2026-06-24,jkoval,6200,9780.26
1627,2026-06-24,jkoval,4000,14430.92
1628,2026-06-24,jkoval,6200,2889.37
1629,2026-06-24,mpatel,6200,19676.11
1630,2026-06-24,srossi,6100,15875.71
1631,2026-06-24,srossi,6100,136.38
1632,2026-06-24,tnguyen,7300,12249.82
1633,2026-06-24,tnguyen,6200,14357.04
1634,2026-06-24,tnguyen,6100,7449.43
1635,2026-06-24,tnguyen,6200,13370.44
1636,2026-06-24,wbaker,4000,10559.02
1637,2026-06-24,wbaker,7300,18184.28
1638,2026-06-24,wbaker,6200,2305.64
1639,2026-06-24,wbaker,4000,124.33
1640,2026-06-25,jkoval,6100,18459.78
1641,2026-06-25,jkoval,6100,11515.12
1642,2026-06-25,jkoval,7300,672.21
1643,2026-06-25,jkoval,6200,11758.39
1644,2026-06-25,mpatel,6200,417.72
1645,2026-06-25,mpatel,6100,6825.74
1646,2026-06-25,mpatel,6200,3642.45
1647,2026-06-25,mpatel,6100,4882.51
1648,2026-06-25,srossi,7300,17633.98
1649,2026-06-25,srossi,6200,17038.72
1650,2026-06-25,srossi,4000,18227.07
1651,2026-06-25,tnguyen,6100,5967.97
1652,2026-06-25,tnguyen,6200,9126.14
1653,2026-06-25,tnguyen,7300,14769.94
1654,2026-06-25,tnguyen,7300,7934.25
1655,2026-06-25,wbaker,6200,8470.06
1656,2026-06-25,wbaker,4000,4381.66
1657,2026-06-26,jkoval,7300,13360.39
1658,2026-06-26,jkoval,4000,12276.48
1659,2026-06-26,mpatel,6200,9999.53
1660,2026-06-26,srossi,6200,5752.27
1661,2026-06-26,srossi,4000,2020.19
1662,2026-06-26,srossi,7300,7725.18
1663,2026-06-26,srossi,6200,2168.71
1664,2026-06-26,tnguyen,6200,17868.35
1665,2026-06-26,wbaker,6200,13832.59
1666,2026-06-26,wbaker,7300,3530.61
1667,2026-06-26,wbaker,4000,1701.62
1668,2026-06-27,srossi,4000,5044.45
1669,2026-06-28,srossi,7300,8771.32
1670,2026-06-29,jkoval,6200,4671.84
1671,2026-06-29,jkoval,4000,8257.68
1672,2026-06-29,jkoval,6100,14880.22
1673,2026-06-29,jkoval,6100,15550.85
1674,2026-06-29,mpatel,7300,11913.13
1675,2026-06-29,mpatel,6200,4791.63
1676,2026-06-29,mpatel,7300,14404.04
1677,2026-06-29,srossi,6100,14543.19
1678,2026-06-29,srossi,4000,12748.05
1679,2026-06-29,srossi,6100,12542.74
1680,2026-06-29,srossi,4000,15204.09
1681,2026-06-29,tnguyen,6200,4074.89
1682,2026-06-29,wbaker,6200,2861.14
1683,2026-06-30,jkoval,7300,9091.85
1684,2026-06-30,jkoval,6200,1195.53
1685,2026-06-30,mpatel,7300,11585.79
1686,2026-06-30,srossi,6100,3143.05
1687,2026-06-30,srossi,4000,5873.03
1688,2026-06-30,srossi,4000,11122.67
1689,2026-06-30,srossi,7300,3970.9
1690,2026-06-30,tnguyen,6100,9247.71
1691,2026-06-30,wbaker,6100,5302.42
