order_id,date,region,units,unit_price,revenue
50001,2026-07-01,EU,1,249.0,249.0
50002,2026-07-01,EU,1,99.0,99.0
50003,2026-07-01,EU,2,99.0,198.0
50004,2026-07-01,EU,3,99.0,297.0
50005,2026-07-01,EU,2,99.0,198.0
50006,2026-07-01,US,1,39.0,39.0
50007,2026-07-01,US,3,39.0,117.0
50008,2026-07-01,US,2,39.0,78.0
50009,2026-07-01,APAC,1,39.0,39.0
50010,2026-07-01,APAC,2,99.0,198.0
50011,2026-07-01,APAC,2,249.0,498.0
50012,2026-07-01,APAC,2,99.0,198.0
50013,2026-07-01,APAC,1,39.0,39.0
50014,2026-07-01,APAC,2,249.0,498.0
50015,2026-07-01,LATAM,3,249.0,747.0
50016,2026-07-01,LATAM,3,99.0,297.0
50017,2026-07-01,LATAM,3,99.0,297.0
50018,2026-07-01,LATAM,3,99.0,297.0
50019,2026-07-01,LATAM,3,39.0,117.0
50020,2026-07-01,LATAM,3,99.0,297.0
50021,2026-07-02,EU,3,39.0,117.0
50022,2026-07-02,EU,2,249.0,498.0
50023,2026-07-02,EU,2,39.0,78.0
50024,2026-07-02,US,2,99.0,198.0
50025,2026-07-02,US,2,99.0,198.0
50026,2026-07-02,US,1,249.0,249.0
50027,2026-07-02,US,3,249.0,747.0
50028,2026-07-02,US,2,99.0,198.0
50029,2026-07-02,APAC,3,249.0,747.0
50030,2026-07-02,APAC,2,99.0,198.0
50031,2026-07-02,APAC,2,99.0,198.0
50032,2026-07-02,LATAM,1,39.0,39.0
50033,2026-07-02,LATAM,1,99.0,99.0
50034,2026-07-02,LATAM,3,99.0,297.0
50035,2026-07-02,LATAM,3,99.0,297.0
50036,2026-07-02,LATAM,3,249.0,747.0
50037,2026-07-03,EU,1,99.0,99.0
50038,2026-07-03,EU,2,99.0,198.0
50039,2026-07-03,EU,1,99.0,99.0
50040,2026-07-03,US,3,249.0,747.0
50041,2026-07-03,US,2,99.0,198.0
50042,2026-07-03,US,1,249.0,249.0
50043,2026-07-03,US,2,249.0,498.0
50044,2026-07-03,APAC,2,39.0,78.0
50045,2026-07-03,APAC,1,99.0,99.0
50046,2026-07-03,APAC,2,39.0,78.0
50047,2026-07-03,APAC,2,39.0,78.0
50048,2026-07-03,APAC,3,99.0,297.0
50049,2026-07-03,APAC,3,39.0,117.0
50050,2026-07-03,LATAM,3,39.0,117.0
50051,2026-07-03,LATAM,3,39.0,117.0
50052,2026-07-03,LATAM,2,249.0,498.0
50053,2026-07-03,LATAM,2,39.0,78.0
50054,2026-07-04,EU,2,99.0,198.0
50055,2026-07-04,EU,3,99.0,297.0
50056,2026-07-04,EU,3,39.0,117.0
50057,2026-07-04,US,1,99.0,99.0
50058,2026-07-04,US,2,99.0,198.0
50059,2026-07-04,US,1,39.0,39.0
50060,2026-07-04,APAC,1,39.0,39.0
50061,2026-07-04,APAC,1,39.0,39.0
50062,2026-07-04,APAC,3,249.0,747.0
50063,2026-07-04,APAC,2,99.0,198.0
50064,2026-07-04,APAC,2,99.0,198.0
50065,2026-07-04,APAC,2,249.0,498.0
50066,2026-07-04,LATAM,2,39.0,78.0
50067,2026-07-04,LATAM,1,39.0,39.0
50068,2026-07-04,LATAM,1,99.0,99.0
50069,2026-07-05,EU,2,99.0,198.0
50070,2026-07-05,EU,3,39.0,117.0
50071,2026-07-05,EU,3,39.0,117.0
50072,2026-07-05,US,1,39.0,39.0
50073,2026-07-05,US,2,99.0,198.0
50074,2026-07-05,US,3,39.0,117.0
50075,2026-07-05,US,3,249.0,747.0
50076,2026-07-05,US,3,249.0,747.0
50077,2026-07-05,US,1,99.0,99.0
50078,2026-07-05,APAC,2,39.0,78.0
50079,2026-07-05,APAC,3,39.0,117.0
50080,2026-07-05,APAC,3,99.0,297.0
50081,2026-07-05,LATAM,2,249.0,498.0
50082,2026-07-05,LATAM,1,39.0,39.0
50083,2026-07-05,LATAM,2,249.0,498.0
50084,2026-07-05,LATAM,3,249.0,747.0
50085,2026-07-05,LATAM,3,99.0,297.0
50086,2026-07-05,LATAM,2,99.0,198.0
50087,2026-07-06,EU,2,99.0,198.0
50088,2026-07-06,EU,3,39.0,117.0
50089,2026-07-06,EU,3,249.0,747.0
50090,2026-07-06,EU,3,39.0,117.0
50091,2026-07-06,US,2,249.0,498.0
50092,2026-07-06,US,1,99.0,99.0
50093,2026-07-06,US,3,99.0,297.0
50094,2026-07-06,US,3,99.0,297.0
50095,2026-07-06,US,2,249.0,498.0
50096,2026-07-06,US,3,249.0,747.0
50097,2026-07-06,APAC,3,39.0,117.0
50098,2026-07-06,APAC,2,249.0,498.0
50099,2026-07-06,APAC,1,39.0,39.0
50100,2026-07-06,APAC,1,249.0,249.0
50101,2026-07-06,LATAM,3,99.0,297.0
50102,2026-07-06,LATAM,2,249.0,498.0
50103,2026-07-06,LATAM,1,39.0,39.0
50104,2026-07-06,LATAM,3,99.0,297.0
50105,2026-07-07,EU,3,99.0,297.0
50106,2026-07-07,EU,3,39.0,117.0
50107,2026-07-07,EU,3,99.0,297.0
50108,2026-07-07,US,2,249.0,498.0
50109,2026-07-07,US,1,39.0,39.0
50110,2026-07-07,US,2,39.0,78.0
50111,2026-07-07,APAC,1,249.0,249.0
50112,2026-07-07,APAC,1,99.0,99.0
50113,2026-07-07,APAC,3,99.0,297.0
50114,2026-07-07,APAC,2,249.0,498.0
50115,2026-07-07,APAC,1,249.0,249.0
50116,2026-07-07,LATAM,1,39.0,39.0
50117,2026-07-07,LATAM,1,99.0,99.0
50118,2026-07-07,LATAM,3,249.0,747.0
50119,2026-07-07,LATAM,3,249.0,747.0
50120,2026-07-07,LATAM,2,249.0,498.0
50121,2026-07-07,LATAM,2,39.0,78.0
50122,2026-07-08,EU,2,99.0,198.0
50123,2026-07-08,EU,2,39.0,78.0
50124,2026-07-08,EU,2,249.0,498.0
50125,2026-07-08,EU,3,39.0,117.0
50126,2026-07-08,EU,3,39.0,117.0
50127,2026-07-08,EU,1,39.0,39.0
50128,2026-07-08,US,2,99.0,198.0
50129,2026-07-08,US,3,249.0,747.0
50130,2026-07-08,US,2,99.0,198.0
50131,2026-07-08,US,1,249.0,249.0
50132,2026-07-08,APAC,1,99.0,99.0
50133,2026-07-08,APAC,3,39.0,117.0
50134,2026-07-08,APAC,1,39.0,39.0
50135,2026-07-08,LATAM,2,39.0,78.0
50136,2026-07-08,LATAM,2,39.0,78.0
50137,2026-07-08,LATAM,1,249.0,249.0
50138,2026-07-08,LATAM,1,99.0,99.0
50139,2026-07-08,LATAM,3,39.0,117.0
50140,2026-07-09,EU,3,39.0,117.0
50141,2026-07-09,EU,1,39.0,39.0
50142,2026-07-09,EU,3,39.0,117.0
50143,2026-07-09,EU,1,249.0,249.0
50144,2026-07-09,US,3,39.0,117.0
50145,2026-07-09,US,3,39.0,117.0
50146,2026-07-09,US,1,249.0,249.0
50147,2026-07-09,US,1,99.0,99.0
50148,2026-07-09,APAC,1,39.0,39.0
50149,2026-07-09,APAC,2,249.0,498.0
50150,2026-07-09,APAC,1,99.0,99.0
50151,2026-07-09,APAC,3,99.0,297.0
50152,2026-07-09,APAC,3,99.0,297.0
50153,2026-07-09,APAC,3,249.0,747.0
50154,2026-07-09,LATAM,3,249.0,747.0
50155,2026-07-09,LATAM,2,99.0,198.0
50156,2026-07-09,LATAM,2,39.0,78.0
50157,2026-07-09,LATAM,3,39.0,117.0
50158,2026-07-09,LATAM,2,99.0,198.0
50159,2026-07-09,LATAM,3,39.0,117.0
50160,2026-07-10,EU,3,39.0,117.0
50161,2026-07-10,EU,3,249.0,747.0
50162,2026-07-10,EU,1,39.0,39.0
50163,2026-07-10,EU,1,99.0,99.0
50164,2026-07-10,EU,3,39.0,117.0
50165,2026-07-10,EU,1,99.0,99.0
50166,2026-07-10,US,2,249.0,498.0
50167,2026-07-10,US,2,99.0,198.0
50168,2026-07-10,US,2,39.0,78.0
50169,2026-07-10,US,3,249.0,747.0
50170,2026-07-10,APAC,3,99.0,297.0
50171,2026-07-10,APAC,2,99.0,198.0
50172,2026-07-10,APAC,1,39.0,39.0
50173,2026-07-10,APAC,1,249.0,249.0
50174,2026-07-10,LATAM,2,39.0,78.0
50175,2026-07-10,LATAM,2,39.0,78.0
50176,2026-07-10,LATAM,2,249.0,498.0
50177,2026-07-10,LATAM,3,249.0,747.0
50178,2026-07-11,EU,3,99.0,297.0
50179,2026-07-11,EU,3,249.0,747.0
50180,2026-07-11,EU,2,249.0,498.0
50181,2026-07-11,EU,3,39.0,117.0
50182,2026-07-11,EU,1,99.0,99.0
50183,2026-07-11,US,2,99.0,198.0
50184,2026-07-11,US,2,99.0,198.0
50185,2026-07-11,US,2,249.0,498.0
50186,2026-07-11,US,3,39.0,117.0
50187,2026-07-11,US,3,39.0,117.0
50188,2026-07-11,US,2,39.0,78.0
50189,2026-07-11,APAC,1,249.0,249.0
50190,2026-07-11,APAC,1,249.0,249.0
50191,2026-07-11,APAC,3,249.0,747.0
50192,2026-07-11,APAC,3,99.0,297.0
50193,2026-07-11,APAC,3,249.0,747.0
50194,2026-07-11,LATAM,2,99.0,198.0
50195,2026-07-11,LATAM,3,249.0,747.0
50196,2026-07-11,LATAM,3,99.0,297.0
50197,2026-07-11,LATAM,2,99.0,198.0
50198,2026-07-11,LATAM,1,249.0,249.0
50199,2026-07-11,LATAM,3,99.0,297.0
50200,2026-07-12,EU,1,39.0,39.0
50201,2026-07-12,EU,1,39.0,39.0
50202,2026-07-12,EU,2,249.0,498.0
50203,2026-07-12,US,1,249.0,249.0
50204,2026-07-12,US,1,99.0,99.0
50205,2026-07-12,US,2,249.0,498.0
50206,2026-07-12,APAC,3,99.0,297.0
50207,2026-07-12,APAC,3,249.0,747.0
50208,2026-07-12,APAC,1,99.0,99.0
50209,2026-07-12,APAC,1,39.0,39.0
50210,2026-07-12,APAC,2,249.0,498.0
50211,2026-07-12,APAC,3,99.0,297.0
50212,2026-07-12,LATAM,1,99.0,99.0
50213,2026-07-12,LATAM,1,39.0,39.0
50214,2026-07-12,LATAM,2,249.0,498.0
50215,2026-07-12,LATAM,1,249.0,249.0
50216,2026-07-12,LATAM,3,39.0,117.0
50217,2026-07-12,LATAM,3,249.0,747.0
50218,2026-07-13,EU,3,249.0,747.0
50219,2026-07-13,EU,1,99.0,99.0
50220,2026-07-13,EU,2,99.0,198.0
50221,2026-07-13,EU,1,39.0,39.0
50222,2026-07-13,US,3,249.0,747.0
50223,2026-07-13,US,1,249.0,249.0
50224,2026-07-13,US,1,99.0,99.0
50225,2026-07-13,US,1,99.0,99.0
50226,2026-07-13,APAC,2,39.0,78.0
50227,2026-07-13,APAC,3,99.0,297.0
50228,2026-07-13,APAC,3,249.0,747.0
50229,2026-07-13,APAC,1,39.0,39.0
50230,2026-07-13,LATAM,2,39.0,78.0
50231,2026-07-13,LATAM,1,249.0,249.0
50232,2026-07-13,LATAM,2,249.0,498.0
50233,2026-07-14,EU,3,99.0,297.0
50234,2026-07-14,EU,3,249.0,747.0
50235,2026-07-14,EU,2,249.0,498.0
50236,2026-07-14,EU,2,99.0,198.0
50237,2026-07-14,US,1,99.0,99.0
50238,2026-07-14,US,2,249.0,498.0
50239,2026-07-14,US,2,99.0,198.0
50240,2026-07-14,US,2,39.0,78.0
50241,2026-07-14,APAC,1,39.0,39.0
50242,2026-07-14,APAC,3,249.0,747.0
50243,2026-07-14,APAC,3,249.0,747.0
50244,2026-07-14,APAC,3,249.0,747.0
50245,2026-07-14,APAC,1,249.0,249.0
50246,2026-07-14,APAC,3,249.0,747.0
50247,2026-07-14,LATAM,1,249.0,249.0
50248,2026-07-14,LATAM,2,39.0,78.0
50249,2026-07-14,LATAM,2,99.0,198.0
50250,2026-07-14,LATAM,2,99.0,198.0
50251,2026-07-14,LATAM,1,99.0,99.0
50252,2026-07-15,EU,2,39.0,78.0
50253,2026-07-15,EU,1,39.0,39.0
50254,2026-07-15,EU,1,39.0,39.0
50255,2026-07-15,EU,2,39.0,78.0
50256,2026-07-15,EU,1,99.0,99.0
50257,2026-07-15,US,1,39.0,39.0
50258,2026-07-15,US,1,99.0,99.0
50259,2026-07-15,US,2,249.0,498.0
50260,2026-07-15,APAC,3,99.0,297.0
50261,2026-07-15,APAC,1,99.0,99.0
50262,2026-07-15,APAC,3,249.0,747.0
50263,2026-07-15,APAC,3,249.0,747.0
50264,2026-07-15,APAC,2,249.0,498.0
50265,2026-07-15,APAC,2,39.0,78.0
50266,2026-07-15,LATAM,3,39.0,117.0
50267,2026-07-15,LATAM,3,99.0,297.0
50268,2026-07-15,LATAM,3,99.0,297.0
50269,2026-07-15,LATAM,3,249.0,747.0
50270,2026-07-15,LATAM,1,99.0,99.0
50271,2026-07-15,LATAM,3,99.0,297.0
50272,2026-07-16,EU,2,99.0,198.0
50273,2026-07-16,EU,1,99.0,99.0
50274,2026-07-16,EU,2,249.0,498.0
50275,2026-07-16,US,1,99.0,99.0
50276,2026-07-16,US,1,39.0,39.0
50277,2026-07-16,US,1,99.0,99.0
50278,2026-07-16,US,2,99.0,198.0
50279,2026-07-16,US,3,99.0,297.0
50280,2026-07-16,APAC,2,39.0,78.0
50281,2026-07-16,APAC,2,39.0,78.0
50282,2026-07-16,APAC,3,249.0,747.0
50283,2026-07-16,LATAM,1,39.0,39.0
50284,2026-07-16,LATAM,3,99.0,297.0
50285,2026-07-16,LATAM,1,249.0,249.0
50286,2026-07-16,LATAM,1,99.0,99.0
50287,2026-07-16,LATAM,3,99.0,297.0
50288,2026-07-17,EU,2,249.0,498.0
50289,2026-07-17,EU,1,249.0,249.0
50290,2026-07-17,EU,1,99.0,99.0
50291,2026-07-17,US,1,249.0,249.0
50292,2026-07-17,US,3,99.0,297.0
50293,2026-07-17,US,3,99.0,297.0
50294,2026-07-17,APAC,3,99.0,297.0
50295,2026-07-17,APAC,1,39.0,39.0
50296,2026-07-17,APAC,3,39.0,117.0
50297,2026-07-17,LATAM,2,249.0,498.0
50298,2026-07-17,LATAM,2,249.0,498.0
50299,2026-07-17,LATAM,1,39.0,39.0
50300,2026-07-17,LATAM,2,99.0,198.0
50301,2026-07-17,LATAM,1,99.0,99.0
50302,2026-07-18,EU,3,99.0,297.0
50303,2026-07-18,EU,2,39.0,78.0
50304,2026-07-18,EU,1,99.0,99.0
50305,2026-07-18,US,2,249.0,498.0
50306,2026-07-18,US,3,99.0,297.0
50307,2026-07-18,US,2,39.0,78.0
50308,2026-07-18,US,2,39.0,78.0
50309,2026-07-18,US,2,39.0,78.0
50310,2026-07-18,APAC,2,249.0,498.0
50311,2026-07-18,APAC,1,249.0,249.0
50312,2026-07-18,APAC,2,249.0,498.0
50313,2026-07-18,APAC,1,99.0,99.0
50314,2026-07-18,LATAM,3,249.0,747.0
50315,2026-07-18,LATAM,2,39.0,78.0
50316,2026-07-18,LATAM,2,249.0,498.0
50317,2026-07-18,LATAM,3,99.0,297.0
50318,2026-07-18,LATAM,2,99.0,198.0
50319,2026-07-19,EU,3,249.0,747.0
50320,2026-07-19,EU,3,39.0,117.0
50321,2026-07-19,EU,2,39.0,78.0
50322,2026-07-19,EU,1,99.0,99.0
50323,2026-07-19,EU,3,99.0,297.0
50324,2026-07-19,EU,1,99.0,99.0
50325,2026-07-19,US,1,39.0,39.0
50326,2026-07-19,US,1,249.0,249.0
50327,2026-07-19,US,1,249.0,249.0
50328,2026-07-19,APAC,3,249.0,747.0
50329,2026-07-19,APAC,1,249.0,249.0
50330,2026-07-19,APAC,3,249.0,747.0
50331,2026-07-19,LATAM,1,99.0,99.0
50332,2026-07-19,LATAM,1,39.0,39.0
50333,2026-07-19,LATAM,3,249.0,747.0
50334,2026-07-19,LATAM,2,249.0,498.0
50335,2026-07-19,LATAM,1,99.0,99.0
50336,2026-07-20,EU,1,249.0,249.0
50337,2026-07-20,EU,2,249.0,498.0
50338,2026-07-20,EU,3,249.0,747.0
50339,2026-07-20,EU,1,249.0,249.0
50340,2026-07-20,US,2,39.0,78.0
50341,2026-07-20,US,2,99.0,198.0
50342,2026-07-20,US,2,99.0,198.0
50343,2026-07-20,US,2,249.0,498.0
50344,2026-07-20,US,2,249.0,498.0
50345,2026-07-20,APAC,3,39.0,117.0
50346,2026-07-20,APAC,2,99.0,198.0
50347,2026-07-20,APAC,3,39.0,117.0
50348,2026-07-20,APAC,2,39.0,78.0
50349,2026-07-20,APAC,1,249.0,249.0
50350,2026-07-20,APAC,1,39.0,39.0
50351,2026-07-20,LATAM,2,39.0,78.0
50352,2026-07-20,LATAM,2,249.0,498.0
50353,2026-07-20,LATAM,3,39.0,117.0
50354,2026-07-20,LATAM,1,99.0,99.0
50355,2026-07-20,LATAM,2,39.0,78.0
50356,2026-07-20,LATAM,3,39.0,117.0
50357,2026-07-21,EU,2,99.0,198.0
50358,2026-07-21,EU,2,39.0,78.0
50359,2026-07-21,EU,2,99.0,198.0
50360,2026-07-21,EU,1,249.0,249.0
50361,2026-07-21,EU,2,99.0,198.0
50362,2026-07-21,EU,1,99.0,99.0
50363,2026-07-21,US,1,99.0,99.0
50364,2026-07-21,US,2,249.0,498.0
50365,2026-07-21,US,3,99.0,297.0
50366,2026-07-21,US,2,99.0,198.0
50367,2026-07-21,US,1,249.0,249.0
50368,2026-07-21,APAC,2,249.0,498.0
50369,2026-07-21,APAC,3,99.0,297.0
50370,2026-07-21,APAC,3,249.0,747.0
50371,2026-07-21,LATAM,3,99.0,297.0
50372,2026-07-21,LATAM,3,99.0,297.0
50373,2026-07-21,LATAM,2,99.0,198.0
50374,2026-07-22,EU,1,39.0,39.0
50375,2026-07-22,EU,3,99.0,297.0
50376,2026-07-22,EU,2,39.0,78.0
50377,2026-07-22,EU,2,39.0,78.0
50378,2026-07-22,EU,1,39.0,39.0
50379,2026-07-22,EU,2,249.0,498.0
50380,2026-07-22,US,2,99.0,198.0
50381,2026-07-22,US,1,39.0,39.0
50382,2026-07-22,US,2,99.0,198.0
50383,2026-07-22,US,1,99.0,99.0
50384,2026-07-22,US,1,39.0,39.0
50385,2026-07-22,US,2,39.0,78.0
50386,2026-07-22,APAC,2,39.0,78.0
50387,2026-07-22,APAC,1,249.0,249.0
50388,2026-07-22,APAC,2,99.0,198.0
50389,2026-07-22,LATAM,2,249.0,498.0
50390,2026-07-22,LATAM,3,99.0,297.0
50391,2026-07-22,LATAM,3,39.0,117.0
50392,2026-07-23,EU,3,99.0,297.0
50393,2026-07-23,EU,1,249.0,249.0
50394,2026-07-23,EU,3,249.0,747.0
50395,2026-07-23,EU,2,99.0,198.0
50396,2026-07-23,US,3,249.0,747.0
50397,2026-07-23,US,3,249.0,747.0
50398,2026-07-23,US,2,249.0,498.0
50399,2026-07-23,US,2,99.0,198.0
50400,2026-07-23,US,1,99.0,99.0
50401,2026-07-23,US,3,99.0,297.0
50402,2026-07-23,APAC,1,99.0,99.0
50403,2026-07-23,APAC,3,39.0,117.0
50404,2026-07-23,APAC,3,99.0,297.0
50405,2026-07-23,APAC,3,249.0,747.0
50406,2026-07-23,APAC,2,39.0,78.0
50407,2026-07-23,APAC,2,39.0,78.0
50408,2026-07-23,LATAM,1,39.0,39.0
50409,2026-07-23,LATAM,1,249.0,249.0
50410,2026-07-23,LATAM,1,249.0,249.0
50411,2026-07-23,LATAM,3,99.0,297.0
50412,2026-07-23,LATAM,2,249.0,498.0
50413,2026-07-24,EU,1,39.0,39.0
50414,2026-07-24,EU,1,39.0,39.0
50415,2026-07-24,EU,2,39.0,78.0
50416,2026-07-24,EU,1,99.0,99.0
50417,2026-07-24,US,3,39.0,117.0
50418,2026-07-24,US,3,249.0,747.0
50419,2026-07-24,US,3,39.0,117.0
50420,2026-07-24,APAC,1,99.0,99.0
50421,2026-07-24,APAC,3,249.0,747.0
50422,2026-07-24,APAC,3,39.0,117.0
50423,2026-07-24,APAC,1,39.0,39.0
50424,2026-07-24,LATAM,3,249.0,747.0
50425,2026-07-24,LATAM,1,39.0,39.0
50426,2026-07-24,LATAM,2,99.0,198.0
50427,2026-07-24,LATAM,3,99.0,297.0
50428,2026-07-24,LATAM,1,99.0,99.0
50429,2026-07-25,EU,2,39.0,78.0
50430,2026-07-25,EU,1,249.0,249.0
50431,2026-07-25,EU,3,249.0,747.0
50432,2026-07-25,US,3,99.0,297.0
50433,2026-07-25,US,2,99.0,198.0
50434,2026-07-25,US,3,99.0,297.0
50435,2026-07-25,US,1,99.0,99.0
50436,2026-07-25,US,3,39.0,117.0
50437,2026-07-25,US,1,99.0,99.0
50438,2026-07-25,APAC,3,99.0,297.0
50439,2026-07-25,APAC,2,99.0,198.0
50440,2026-07-25,APAC,1,249.0,249.0
50441,2026-07-25,APAC,2,99.0,198.0
50442,2026-07-25,APAC,1,99.0,99.0
50443,2026-07-25,LATAM,2,99.0,198.0
50444,2026-07-25,LATAM,3,39.0,117.0
50445,2026-07-25,LATAM,1,249.0,249.0
50446,2026-07-25,LATAM,1,39.0,39.0
50447,2026-07-25,LATAM,2,249.0,498.0
50448,2026-07-26,EU,2,249.0,498.0
50449,2026-07-26,EU,1,99.0,99.0
50450,2026-07-26,EU,2,99.0,198.0
50451,2026-07-26,EU,1,99.0,99.0
50452,2026-07-26,EU,3,39.0,117.0
50453,2026-07-26,US,3,99.0,297.0
50454,2026-07-26,US,2,39.0,78.0
50455,2026-07-26,US,3,39.0,117.0
50456,2026-07-26,US,1,39.0,39.0
50457,2026-07-26,US,2,39.0,78.0
50458,2026-07-26,US,3,99.0,297.0
50459,2026-07-26,APAC,2,39.0,78.0
50460,2026-07-26,APAC,1,39.0,39.0
50461,2026-07-26,APAC,1,249.0,249.0
50462,2026-07-26,APAC,1,249.0,249.0
50463,2026-07-26,APAC,2,249.0,498.0
50464,2026-07-26,LATAM,2,249.0,498.0
50465,2026-07-26,LATAM,1,249.0,249.0
50466,2026-07-26,LATAM,1,99.0,99.0
50467,2026-07-27,EU,3,39.0,117.0
50468,2026-07-27,EU,1,99.0,99.0
50469,2026-07-27,EU,2,99.0,198.0
50470,2026-07-27,EU,1,39.0,39.0
50471,2026-07-27,EU,3,249.0,747.0
50472,2026-07-27,EU,3,39.0,117.0
50473,2026-07-27,US,2,39.0,78.0
50474,2026-07-27,US,1,249.0,249.0
50475,2026-07-27,US,3,99.0,297.0
50476,2026-07-27,US,1,39.0,39.0
50477,2026-07-27,US,3,99.0,297.0
50478,2026-07-27,APAC,1,249.0,249.0
50479,2026-07-27,APAC,3,39.0,117.0
50480,2026-07-27,APAC,1,39.0,39.0
50481,2026-07-27,APAC,3,249.0,747.0
50482,2026-07-27,LATAM,2,249.0,498.0
50483,2026-07-27,LATAM,1,39.0,39.0
50484,2026-07-27,LATAM,1,39.0,39.0
50485,2026-07-28,EU,2,39.0,78.0
50486,2026-07-28,EU,3,99.0,297.0
50487,2026-07-28,EU,2,249.0,498.0
50488,2026-07-28,EU,1,99.0,99.0
50489,2026-07-28,US,3,99.0,297.0
50490,2026-07-28,US,2,249.0,498.0
50491,2026-07-28,US,1,249.0,249.0
50492,2026-07-28,US,3,249.0,747.0
50493,2026-07-28,US,1,39.0,39.0
50494,2026-07-28,US,3,99.0,297.0
50495,2026-07-28,APAC,3,39.0,117.0
50496,2026-07-28,APAC,3,39.0,117.0
50497,2026-07-28,APAC,3,39.0,117.0
50498,2026-07-28,LATAM,1,99.0,99.0
50499,2026-07-28,LATAM,1,99.0,99.0
50500,2026-07-28,LATAM,3,99.0,297.0
50501,2026-07-28,LATAM,1,249.0,249.0
50502,2026-07-28,LATAM,2,249.0,498.0
50503,2026-07-29,EU,3,39.0,117.0
50504,2026-07-29,EU,1,249.0,249.0
50505,2026-07-29,EU,1,249.0,249.0
50506,2026-07-29,EU,1,249.0,249.0
50507,2026-07-29,EU,2,99.0,198.0
50508,2026-07-29,EU,1,249.0,249.0
50509,2026-07-29,US,2,39.0,78.0
50510,2026-07-29,US,1,99.0,99.0
50511,2026-07-29,US,2,99.0,198.0
50512,2026-07-29,US,3,39.0,117.0
50513,2026-07-29,US,1,39.0,39.0
50514,2026-07-29,US,1,99.0,99.0
50515,2026-07-29,APAC,2,39.0,78.0
50516,2026-07-29,APAC,1,249.0,249.0
50517,2026-07-29,APAC,3,249.0,747.0
50518,2026-07-29,LATAM,2,39.0,78.0
50519,2026-07-29,LATAM,3,99.0,297.0
50520,2026-07-29,LATAM,2,39.0,78.0
50521,2026-07-29,LATAM,3,39.0,117.0
50522,2026-07-30,EU,3,249.0,747.0
50523,2026-07-30,EU,2,39.0,78.0
50524,2026-07-30,EU,1,249.0,249.0
50525,2026-07-30,EU,2,99.0,198.0
50526,2026-07-30,US,3,249.0,747.0
50527,2026-07-30,US,3,99.0,297.0
50528,2026-07-30,US,1,39.0,39.0
50529,2026-07-30,US,2,39.0,78.0
50530,2026-07-30,US,2,99.0,198.0
50531,2026-07-30,APAC,3,99.0,297.0
50532,2026-07-30,APAC,1,39.0,39.0
50533,2026-07-30,APAC,3,99.0,297.0
50534,2026-07-30,APAC,1,39.0,39.0
50535,2026-07-30,APAC,1,249.0,249.0
50536,2026-07-30,LATAM,2,249.0,498.0
50537,2026-07-30,LATAM,2,99.0,198.0
50538,2026-07-30,LATAM,1,249.0,249.0
50539,2026-07-30,LATAM,2,39.0,78.0
50540,2026-07-31,EU,1,249.0,249.0
50541,2026-07-31,EU,3,39.0,117.0
50542,2026-07-31,EU,1,99.0,99.0
50543,2026-07-31,EU,1,249.0,249.0
50544,2026-07-31,US,3,39.0,117.0
50545,2026-07-31,US,1,249.0,249.0
50546,2026-07-31,US,3,39.0,117.0
50547,2026-07-31,US,1,39.0,39.0
50548,2026-07-31,APAC,2,39.0,78.0
50549,2026-07-31,APAC,1,249.0,249.0
50550,2026-07-31,APAC,3,99.0,297.0
50551,2026-07-31,APAC,1,99.0,99.0
50552,2026-07-31,LATAM,3,99.0,297.0
50553,2026-07-31,LATAM,2,99.0,198.0
50554,2026-07-31,LATAM,2,99.0,198.0
50555,2026-07-31,LATAM,3,99.0,297.0
50556,2026-07-31,LATAM,2,99.0,198.0
50557,2026-07-31,LATAM,1,39.0,39.0
50558,2026-08-01,EU,2,99.0,198.0
50559,2026-08-01,EU,1,39.0,39.0
50560,2026-08-01,EU,1,249.0,249.0
50561,2026-08-01,EU,2,39.0,78.0
50562,2026-08-01,EU,3,39.0,117.0
50563,2026-08-01,EU,2,39.0,78.0
50564,2026-08-01,US,3,39.0,117.0
50565,2026-08-01,US,2,39.0,78.0
50566,2026-08-01,US,3,249.0,747.0
50567,2026-08-01,US,3,99.0,297.0
50568,2026-08-01,APAC,2,39.0,78.0
50569,2026-08-01,APAC,3,39.0,117.0
50570,2026-08-01,APAC,2,39.0,78.0
50571,2026-08-01,APAC,3,39.0,117.0
50572,2026-08-01,APAC,1,249.0,249.0
50573,2026-08-01,LATAM,1,39.0,39.0
50574,2026-08-01,LATAM,3,99.0,297.0
50575,2026-08-01,LATAM,3,249.0,747.0
50576,2026-08-01,LATAM,2,99.0,198.0
50577,2026-08-02,EU,1,39.0,39.0
50578,2026-08-02,EU,2,99.0,198.0
50579,2026-08-02,EU,2,249.0,498.0
50580,2026-08-02,US,1,39.0,39.0
50581,2026-08-02,US,3,99.0,297.0
50582,2026-08-02,US,2,99.0,198.0
50583,2026-08-02,APAC,2,39.0,78.0
50584,2026-08-02,APAC,3,39.0,117.0
50585,2026-08-02,APAC,2,39.0,78.0
50586,2026-08-02,APAC,2,39.0,78.0
50587,2026-08-02,APAC,3,99.0,297.0
50588,2026-08-02,APAC,3,39.0,117.0
50589,2026-08-02,LATAM,1,249.0,249.0
50590,2026-08-02,LATAM,1,39.0,39.0
50591,2026-08-02,LATAM,1,99.0,99.0
50592,2026-08-03,EU,2,249.0,498.0
50593,2026-08-03,EU,2,249.0,498.0
50594,2026-08-03,EU,3,39.0,117.0
50595,2026-08-03,EU,3,39.0,117.0
50596,2026-08-03,US,3,249.0,747.0
50597,2026-08-03,US,3,39.0,117.0
50598,2026-08-03,US,2,249.0,498.0
50599,2026-08-03,APAC,1,39.0,39.0
50600,2026-08-03,APAC,2,99.0,198.0
50601,2026-08-03,APAC,3,39.0,117.0
50602,2026-08-03,APAC,2,39.0,78.0
50603,2026-08-03,APAC,2,249.0,498.0
50604,2026-08-03,APAC,2,39.0,78.0
50605,2026-08-03,LATAM,3,249.0,747.0
50606,2026-08-03,LATAM,3,39.0,117.0
50607,2026-08-03,LATAM,2,249.0,498.0
50608,2026-08-03,LATAM,1,39.0,39.0
50609,2026-08-03,LATAM,3,99.0,297.0
50610,2026-08-04,EU,1,249.0,249.0
50611,2026-08-04,EU,3,39.0,117.0
50612,2026-08-04,EU,2,99.0,198.0
50613,2026-08-04,EU,2,99.0,198.0
50614,2026-08-04,US,3,249.0,747.0
50615,2026-08-04,US,1,39.0,39.0
50616,2026-08-04,US,2,249.0,498.0
50617,2026-08-04,US,2,39.0,78.0
50618,2026-08-04,APAC,1,249.0,249.0
50619,2026-08-04,APAC,2,249.0,498.0
50620,2026-08-04,APAC,2,99.0,198.0
50621,2026-08-04,LATAM,1,39.0,39.0
50622,2026-08-04,LATAM,2,99.0,198.0
50623,2026-08-04,LATAM,2,249.0,498.0
50624,2026-08-04,LATAM,1,249.0,249.0
50625,2026-08-04,LATAM,2,39.0,78.0
50626,2026-08-04,LATAM,2,249.0,498.0
50627,2026-08-05,EU,2,99.0,198.0
50628,2026-08-05,EU,3,39.0,117.0
50629,2026-08-05,EU,2,249.0,498.0
50630,2026-08-05,EU,3,99.0,297.0
50631,2026-08-05,EU,2,39.0,78.0
50632,2026-08-05,US,3,249.0,747.0
50633,2026-08-05,US,1,39.0,39.0
50634,2026-08-05,US,3,99.0,297.0
50635,2026-08-05,US,2,39.0,78.0
50636,2026-08-05,US,1,39.0,39.0
50637,2026-08-05,US,3,99.0,297.0
50638,2026-08-05,APAC,2,99.0,198.0
50639,2026-08-05,APAC,1,99.0,99.0
50640,2026-08-05,APAC,2,39.0,78.0
50641,2026-08-05,APAC,3,99.0,297.0
50642,2026-08-05,LATAM,3,39.0,117.0
50643,2026-08-05,LATAM,1,99.0,99.0
50644,2026-08-05,LATAM,2,39.0,78.0
50645,2026-08-05,LATAM,3,99.0,297.0
50646,2026-08-05,LATAM,2,99.0,198.0
50647,2026-08-06,EU,1,249.0,249.0
50648,2026-08-06,EU,3,39.0,117.0
50649,2026-08-06,EU,2,39.0,78.0
50650,2026-08-06,EU,3,99.0,297.0
50651,2026-08-06,US,1,249.0,249.0
50652,2026-08-06,US,3,39.0,117.0
50653,2026-08-06,US,3,99.0,297.0
50654,2026-08-06,US,2,39.0,78.0
50655,2026-08-06,APAC,1,99.0,99.0
50656,2026-08-06,APAC,1,39.0,39.0
50657,2026-08-06,APAC,3,99.0,297.0
50658,2026-08-06,APAC,1,39.0,39.0
50659,2026-08-06,APAC,2,39.0,78.0
50660,2026-08-06,LATAM,3,249.0,747.0
50661,2026-08-06,LATAM,2,99.0,198.0
50662,2026-08-06,LATAM,1,39.0,39.0
50663,2026-08-07,EU,3,249.0,747.0
50664,2026-08-07,EU,2,249.0,498.0
50665,2026-08-07,EU,2,99.0,198.0
50666,2026-08-07,EU,2,99.0,198.0
50667,2026-08-07,EU,3,99.0,297.0
50668,2026-08-07,US,3,249.0,747.0
50669,2026-08-07,US,1,99.0,99.0
50670,2026-08-07,US,1,39.0,39.0
50671,2026-08-07,US,3,39.0,117.0
50672,2026-08-07,APAC,2,99.0,198.0
50673,2026-08-07,APAC,2,249.0,498.0
50674,2026-08-07,APAC,1,99.0,99.0
50675,2026-08-07,LATAM,1,249.0,249.0
50676,2026-08-07,LATAM,2,39.0,78.0
50677,2026-08-07,LATAM,1,99.0,99.0
50678,2026-08-07,LATAM,2,249.0,498.0
50679,2026-08-08,EU,3,249.0,747.0
50680,2026-08-08,EU,2,39.0,78.0
50681,2026-08-08,EU,3,39.0,117.0
50682,2026-08-08,EU,1,99.0,99.0
50683,2026-08-08,US,1,99.0,99.0
50684,2026-08-08,US,1,99.0,99.0
50685,2026-08-08,US,2,249.0,498.0
50686,2026-08-08,US,2,99.0,198.0
50687,2026-08-08,US,1,99.0,99.0
50688,2026-08-08,US,1,249.0,249.0
50689,2026-08-08,APAC,2,99.0,198.0
50690,2026-08-08,APAC,3,39.0,117.0
50691,2026-08-08,APAC,1,99.0,99.0
50692,2026-08-08,APAC,2,249.0,498.0
50693,2026-08-08,LATAM,2,99.0,198.0
50694,2026-08-08,LATAM,2,39.0,78.0
50695,2026-08-08,LATAM,3,99.0,297.0
50696,2026-08-08,LATAM,2,249.0,498.0
50697,2026-08-08,LATAM,2,99.0,198.0
50698,2026-08-08,LATAM,1,249.0,249.0
50699,2026-08-09,EU,1,39.0,39.0
50700,2026-08-09,EU,3,99.0,297.0
50701,2026-08-09,EU,1,99.0,99.0
50702,2026-08-09,EU,1,99.0,99.0
50703,2026-08-09,US,2,99.0,198.0
50704,2026-08-09,US,2,39.0,78.0
50705,2026-08-09,US,3,99.0,297.0
50706,2026-08-09,APAC,3,99.0,297.0
50707,2026-08-09,APAC,1,99.0,99.0
50708,2026-08-09,APAC,3,39.0,117.0
50709,2026-08-09,APAC,2,99.0,198.0
50710,2026-08-09,APAC,2,99.0,198.0
50711,2026-08-09,LATAM,3,99.0,297.0
50712,2026-08-09,LATAM,3,39.0,117.0
50713,2026-08-09,LATAM,2,99.0,198.0
50714,2026-08-09,LATAM,1,249.0,249.0
50715,2026-08-09,LATAM,1,249.0,249.0
50716,2026-08-09,LATAM,2,39.0,78.0
50717,2026-08-10,EU,1,39.0,39.0
50718,2026-08-10,EU,1,249.0,249.0
50719,2026-08-10,EU,2,99.0,198.0
50720,2026-08-10,EU,1,99.0,99.0
50721,2026-08-10,US,1,249.0,249.0
50722,2026-08-10,US,1,39.0,39.0
50723,2026-08-10,US,3,39.0,117.0
50724,2026-08-10,US,2,249.0,498.0
50725,2026-08-10,US,2,249.0,498.0
50726,2026-08-10,APAC,2,249.0,498.0
50727,2026-08-10,APAC,1,39.0,39.0
50728,2026-08-10,APAC,1,249.0,249.0
50729,2026-08-10,APAC,1,39.0,39.0
50730,2026-08-10,APAC,3,99.0,297.0
50731,2026-08-10,APAC,1,99.0,99.0
50732,2026-08-10,LATAM,1,39.0,39.0
50733,2026-08-10,LATAM,3,39.0,117.0
50734,2026-08-10,LATAM,2,99.0,198.0
50735,2026-08-10,LATAM,2,39.0,78.0
50736,2026-08-10,LATAM,3,99.0,297.0
50737,2026-08-10,LATAM,1,99.0,99.0
50738,2026-08-11,EU,3,99.0,297.0
50739,2026-08-11,EU,2,249.0,498.0
50740,2026-08-11,EU,1,99.0,99.0
50741,2026-08-11,EU,2,99.0,198.0
50742,2026-08-11,US,1,249.0,249.0
50743,2026-08-11,US,2,39.0,78.0
50744,2026-08-11,US,2,249.0,498.0
50745,2026-08-11,US,3,39.0,117.0
50746,2026-08-11,US,3,99.0,297.0
50747,2026-08-11,US,1,249.0,249.0
50748,2026-08-11,APAC,1,249.0,249.0
50749,2026-08-11,APAC,1,99.0,99.0
50750,2026-08-11,APAC,1,99.0,99.0
50751,2026-08-11,APAC,2,249.0,498.0
50752,2026-08-11,APAC,1,39.0,39.0
50753,2026-08-11,APAC,3,249.0,747.0
50754,2026-08-11,LATAM,3,99.0,297.0
50755,2026-08-11,LATAM,2,39.0,78.0
50756,2026-08-11,LATAM,2,249.0,498.0
50757,2026-08-11,LATAM,3,99.0,297.0
50758,2026-08-12,EU,3,99.0,297.0
50759,2026-08-12,EU,2,39.0,78.0
50760,2026-08-12,EU,3,39.0,117.0
50761,2026-08-12,EU,3,39.0,117.0
50762,2026-08-12,EU,1,99.0,99.0
50763,2026-08-12,US,3,249.0,747.0
50764,2026-08-12,US,2,99.0,198.0
50765,2026-08-12,US,2,249.0,498.0
50766,2026-08-12,APAC,1,249.0,249.0
50767,2026-08-12,APAC,3,39.0,117.0
50768,2026-08-12,APAC,2,99.0,198.0
50769,2026-08-12,LATAM,2,249.0,498.0
50770,2026-08-12,LATAM,2,99.0,198.0
50771,2026-08-12,LATAM,1,39.0,39.0
50772,2026-08-12,LATAM,1,39.0,39.0
50773,2026-08-13,EU,3,39.0,117.0
50774,2026-08-13,EU,3,99.0,297.0
50775,2026-08-13,EU,1,249.0,249.0
50776,2026-08-13,EU,3,99.0,297.0
50777,2026-08-13,EU,2,99.0,198.0
50778,2026-08-13,EU,2,39.0,78.0
50779,2026-08-13,US,2,39.0,78.0
50780,2026-08-13,US,3,39.0,117.0
50781,2026-08-13,US,1,39.0,39.0
50782,2026-08-13,APAC,2,39.0,78.0
50783,2026-08-13,APAC,1,39.0,39.0
50784,2026-08-13,APAC,1,39.0,39.0
50785,2026-08-13,APAC,1,99.0,99.0
50786,2026-08-13,APAC,2,39.0,78.0
50787,2026-08-13,LATAM,1,99.0,99.0
50788,2026-08-13,LATAM,2,249.0,498.0
50789,2026-08-13,LATAM,1,99.0,99.0
50790,2026-08-13,LATAM,3,99.0,297.0
50791,2026-08-14,EU,2,249.0,498.0
50792,2026-08-14,EU,3,99.0,297.0
50793,2026-08-14,EU,2,249.0,498.0
50794,2026-08-14,EU,3,249.0,747.0
50795,2026-08-14,US,3,249.0,747.0
50796,2026-08-14,US,1,39.0,39.0
50797,2026-08-14,US,2,249.0,498.0
50798,2026-08-14,US,2,39.0,78.0
50799,2026-08-14,US,1,39.0,39.0
50800,2026-08-14,US,1,39.0,39.0
50801,2026-08-14,APAC,3,39.0,117.0
50802,2026-08-14,APAC,3,39.0,117.0
50803,2026-08-14,APAC,2,39.0,78.0
50804,2026-08-14,LATAM,2,249.0,498.0
50805,2026-08-14,LATAM,2,99.0,198.0
50806,2026-08-14,LATAM,3,99.0,297.0
50807,2026-08-15,EU,1,39.0,39.0
50808,2026-08-15,EU,3,249.0,747.0
50809,2026-08-15,EU,1,99.0,99.0
50810,2026-08-15,US,1,249.0,249.0
50811,2026-08-15,US,2,99.0,198.0
50812,2026-08-15,US,3,39.0,117.0
50813,2026-08-15,US,3,249.0,747.0
50814,2026-08-15,US,1,39.0,39.0
50815,2026-08-15,APAC,1,99.0,99.0
50816,2026-08-15,APAC,1,99.0,99.0
50817,2026-08-15,APAC,2,249.0,498.0
50818,2026-08-15,APAC,2,249.0,498.0
50819,2026-08-15,APAC,2,249.0,498.0
50820,2026-08-15,APAC,1,39.0,39.0
50821,2026-08-15,LATAM,3,99.0,297.0
50822,2026-08-15,LATAM,2,39.0,78.0
50823,2026-08-15,LATAM,2,99.0,198.0
50824,2026-08-15,LATAM,3,39.0,117.0
50825,2026-08-15,LATAM,1,99.0,99.0
50826,2026-08-16,EU,2,39.0,78.0
50827,2026-08-16,EU,1,39.0,39.0
50828,2026-08-16,EU,2,39.0,78.0
50829,2026-08-16,EU,2,39.0,78.0
50830,2026-08-16,US,1,99.0,99.0
50831,2026-08-16,US,2,99.0,198.0
50832,2026-08-16,US,3,39.0,117.0
50833,2026-08-16,US,3,99.0,297.0
50834,2026-08-16,US,1,249.0,249.0
50835,2026-08-16,US,2,99.0,198.0
50836,2026-08-16,APAC,3,39.0,117.0
50837,2026-08-16,APAC,3,99.0,297.0
50838,2026-08-16,APAC,3,39.0,117.0
50839,2026-08-16,APAC,2,39.0,78.0
50840,2026-08-16,LATAM,3,39.0,117.0
50841,2026-08-16,LATAM,3,99.0,297.0
50842,2026-08-16,LATAM,3,249.0,747.0
50843,2026-08-16,LATAM,3,249.0,747.0
50844,2026-08-16,LATAM,3,249.0,747.0
50845,2026-08-17,EU,1,249.0,249.0
50846,2026-08-17,EU,3,99.0,297.0
50847,2026-08-17,EU,1,39.0,39.0
50848,2026-08-17,EU,3,39.0,117.0
50849,2026-08-17,EU,3,249.0,747.0
50850,2026-08-17,EU,1,99.0,99.0
50851,2026-08-17,US,1,39.0,39.0
50852,2026-08-17,US,1,249.0,249.0
50853,2026-08-17,US,2,249.0,498.0
50854,2026-08-17,US,1,39.0,39.0
50855,2026-08-17,US,2,39.0,78.0
50856,2026-08-17,US,2,99.0,198.0
50857,2026-08-17,APAC,3,249.0,747.0
50858,2026-08-17,APAC,2,39.0,78.0
50859,2026-08-17,APAC,1,249.0,249.0
50860,2026-08-17,APAC,2,249.0,498.0
50861,2026-08-17,APAC,2,39.0,78.0
50862,2026-08-17,APAC,3,39.0,117.0
50863,2026-08-17,LATAM,2,99.0,198.0
50864,2026-08-17,LATAM,3,99.0,297.0
50865,2026-08-17,LATAM,2,249.0,498.0
50866,2026-08-17,LATAM,1,99.0,99.0
50867,2026-08-17,LATAM,3,99.0,297.0
50868,2026-08-18,EU,3,249.0,747.0
50869,2026-08-18,EU,2,99.0,198.0
50870,2026-08-18,EU,2,249.0,498.0
50871,2026-08-18,EU,3,99.0,297.0
50872,2026-08-18,US,3,99.0,297.0
50873,2026-08-18,US,2,39.0,78.0
50874,2026-08-18,US,2,99.0,198.0
50875,2026-08-18,US,1,39.0,39.0
50876,2026-08-18,US,1,39.0,39.0
50877,2026-08-18,US,2,249.0,498.0
50878,2026-08-18,APAC,2,249.0,498.0
50879,2026-08-18,APAC,1,39.0,39.0
50880,2026-08-18,APAC,1,249.0,249.0
50881,2026-08-18,LATAM,1,249.0,249.0
50882,2026-08-18,LATAM,3,39.0,117.0
50883,2026-08-18,LATAM,3,99.0,297.0
50884,2026-08-18,LATAM,3,39.0,117.0
50885,2026-08-18,LATAM,3,39.0,117.0
50886,2026-08-19,EU,3,99.0,297.0
50887,2026-08-19,EU,2,249.0,498.0
50888,2026-08-19,EU,1,39.0,39.0
50889,2026-08-19,EU,3,249.0,747.0
50890,2026-08-19,EU,2,39.0,78.0
50891,2026-08-19,EU,3,249.0,747.0
50892,2026-08-19,US,1,249.0,249.0
50893,2026-08-19,US,1,39.0,39.0
50894,2026-08-19,US,3,39.0,117.0
50895,2026-08-19,US,3,39.0,117.0
50896,2026-08-19,US,2,99.0,198.0
50897,2026-08-19,APAC,2,249.0,498.0
50898,2026-08-19,APAC,2,249.0,498.0
50899,2026-08-19,APAC,2,249.0,498.0
50900,2026-08-19,APAC,1,99.0,99.0
50901,2026-08-19,LATAM,1,249.0,249.0
50902,2026-08-19,LATAM,2,249.0,498.0
50903,2026-08-19,LATAM,1,39.0,39.0
50904,2026-08-19,LATAM,3,39.0,117.0
50905,2026-08-20,EU,1,39.0,39.0
50906,2026-08-20,EU,2,249.0,498.0
50907,2026-08-20,EU,3,99.0,297.0
50908,2026-08-20,US,1,39.0,39.0
50909,2026-08-20,US,3,99.0,297.0
50910,2026-08-20,US,1,99.0,99.0
50911,2026-08-20,APAC,3,39.0,117.0
50912,2026-08-20,APAC,1,39.0,39.0
50913,2026-08-20,APAC,3,249.0,747.0
50914,2026-08-20,APAC,2,39.0,78.0
50915,2026-08-20,APAC,2,39.0,78.0
50916,2026-08-20,APAC,1,39.0,39.0
50917,2026-08-20,LATAM,3,39.0,117.0
50918,2026-08-20,LATAM,2,249.0,498.0
50919,2026-08-20,LATAM,2,249.0,498.0
50920,2026-08-20,LATAM,3,39.0,117.0
50921,2026-08-20,LATAM,2,249.0,498.0
50922,2026-08-21,EU,3,99.0,297.0
50923,2026-08-21,EU,1,249.0,249.0
50924,2026-08-21,EU,3,249.0,747.0
50925,2026-08-21,EU,3,249.0,747.0
50926,2026-08-21,EU,1,39.0,39.0
50927,2026-08-21,EU,3,99.0,297.0
50928,2026-08-21,US,1,39.0,39.0
50929,2026-08-21,US,2,249.0,498.0
50930,2026-08-21,US,1,99.0,99.0
50931,2026-08-21,US,3,99.0,297.0
50932,2026-08-21,US,3,249.0,747.0
50933,2026-08-21,US,2,39.0,78.0
50934,2026-08-21,APAC,2,99.0,198.0
50935,2026-08-21,APAC,2,39.0,78.0
50936,2026-08-21,APAC,1,99.0,99.0
50937,2026-08-21,APAC,1,39.0,39.0
50938,2026-08-21,APAC,1,99.0,99.0
50939,2026-08-21,APAC,1,99.0,99.0
50940,2026-08-21,LATAM,3,249.0,747.0
50941,2026-08-21,LATAM,2,39.0,78.0
50942,2026-08-21,LATAM,3,99.0,297.0
50943,2026-08-21,LATAM,3,39.0,117.0
50944,2026-08-21,LATAM,2,249.0,498.0
50945,2026-08-22,EU,3,39.0,117.0
50946,2026-08-22,EU,2,99.0,198.0
50947,2026-08-22,EU,2,99.0,198.0
50948,2026-08-22,EU,1,39.0,39.0
50949,2026-08-22,US,1,39.0,39.0
50950,2026-08-22,US,1,99.0,99.0
50951,2026-08-22,US,1,99.0,99.0
50952,2026-08-22,APAC,2,39.0,78.0
50953,2026-08-22,APAC,1,39.0,39.0
50954,2026-08-22,APAC,2,249.0,498.0
50955,2026-08-22,APAC,2,249.0,498.0
50956,2026-08-22,LATAM,3,99.0,297.0
50957,2026-08-22,LATAM,2,99.0,198.0
50958,2026-08-22,LATAM,1,39.0,39.0
50959,2026-08-22,LATAM,2,39.0,78.0
50960,2026-08-22,LATAM,1,249.0,249.0
50961,2026-08-23,EU,2,99.0,198.0
50962,2026-08-23,EU,1,99.0,99.0
50963,2026-08-23,EU,1,99.0,99.0
50964,2026-08-23,EU,2,39.0,78.0
50965,2026-08-23,EU,1,99.0,99.0
50966,2026-08-23,US,2,99.0,198.0
50967,2026-08-23,US,3,249.0,747.0
50968,2026-08-23,US,3,39.0,117.0
50969,2026-08-23,US,3,249.0,747.0
50970,2026-08-23,US,1,249.0,249.0
50971,2026-08-23,APAC,1,39.0,39.0
50972,2026-08-23,APAC,1,249.0,249.0
50973,2026-08-23,APAC,2,99.0,198.0
50974,2026-08-23,APAC,1,39.0,39.0
50975,2026-08-23,APAC,2,99.0,198.0
50976,2026-08-23,APAC,2,99.0,198.0
50977,2026-08-23,LATAM,3,249.0,747.0
50978,2026-08-23,LATAM,3,39.0,117.0
50979,2026-08-23,LATAM,1,39.0,39.0
50980,2026-08-24,EU,1,99.0,99.0
50981,2026-08-24,EU,3,99.0,297.0
50982,2026-08-24,EU,1,249.0,249.0
50983,2026-08-24,EU,1,99.0,99.0
50984,2026-08-24,US,2,99.0,198.0
50985,2026-08-24,US,2,99.0,198.0
50986,2026-08-24,US,1,249.0,249.0
50987,2026-08-24,US,3,39.0,117.0
50988,2026-08-24,US,1,249.0,249.0
50989,2026-08-24,APAC,1,39.0,39.0
50990,2026-08-24,APAC,3,39.0,117.0
50991,2026-08-24,APAC,2,99.0,198.0
50992,2026-08-24,APAC,2,99.0,198.0
50993,2026-08-24,APAC,3,249.0,747.0
50994,2026-08-24,APAC,3,99.0,297.0
50995,2026-08-24,LATAM,3,249.0,747.0
50996,2026-08-24,LATAM,3,39.0,117.0
50997,2026-08-24,LATAM,3,99.0,297.0
50998,2026-08-24,LATAM,3,249.0,747.0
50999,2026-08-24,LATAM,3,39.0,117.0
51000,2026-08-25,EU,1,249.0,249.0
51001,2026-08-25,EU,2,249.0,498.0
51002,2026-08-25,EU,3,99.0,297.0
51003,2026-08-25,EU,3,99.0,297.0
51004,2026-08-25,US,1,99.0,99.0
51005,2026-08-25,US,1,249.0,249.0
51006,2026-08-25,US,3,249.0,747.0
51007,2026-08-25,US,3,39.0,117.0
51008,2026-08-25,APAC,3,99.0,297.0
51009,2026-08-25,APAC,3,99.0,297.0
51010,2026-08-25,APAC,2,39.0,78.0
51011,2026-08-25,APAC,2,39.0,78.0
51012,2026-08-25,APAC,1,99.0,99.0
51013,2026-08-25,APAC,2,249.0,498.0
51014,2026-08-25,LATAM,3,249.0,747.0
51015,2026-08-25,LATAM,2,249.0,498.0
51016,2026-08-25,LATAM,3,249.0,747.0
51017,2026-08-25,LATAM,3,249.0,747.0
51018,2026-08-26,EU,1,249.0,249.0
51019,2026-08-26,EU,3,39.0,117.0
51020,2026-08-26,EU,3,99.0,297.0
51021,2026-08-26,EU,1,249.0,249.0
51022,2026-08-26,US,1,249.0,249.0
51023,2026-08-26,US,3,99.0,297.0
51024,2026-08-26,US,3,249.0,747.0
51025,2026-08-26,US,1,99.0,99.0
51026,2026-08-26,US,1,249.0,249.0
51027,2026-08-26,US,2,99.0,198.0
51028,2026-08-26,APAC,1,99.0,99.0
51029,2026-08-26,APAC,1,249.0,249.0
51030,2026-08-26,APAC,3,99.0,297.0
51031,2026-08-26,LATAM,1,39.0,39.0
51032,2026-08-26,LATAM,1,99.0,99.0
51033,2026-08-26,LATAM,2,99.0,198.0
51034,2026-08-26,LATAM,3,249.0,747.0
51035,2026-08-27,EU,2,39.0,78.0
51036,2026-08-27,EU,3,99.0,297.0
51037,2026-08-27,EU,1,99.0,99.0
51038,2026-08-27,EU,1,249.0,249.0
51039,2026-08-27,EU,2,99.0,198.0
51040,2026-08-27,EU,2,249.0,498.0
51041,2026-08-27,US,2,39.0,78.0
51042,2026-08-27,US,1,249.0,249.0
51043,2026-08-27,US,3,99.0,297.0
51044,2026-08-27,US,2,99.0,198.0
51045,2026-08-27,US,3,99.0,297.0
51046,2026-08-27,US,3,99.0,297.0
51047,2026-08-27,APAC,2,99.0,198.0
51048,2026-08-27,APAC,3,39.0,117.0
51049,2026-08-27,APAC,1,249.0,249.0
51050,2026-08-27,LATAM,2,249.0,498.0
51051,2026-08-27,LATAM,2,249.0,498.0
51052,2026-08-27,LATAM,1,99.0,99.0
51053,2026-08-28,EU,3,249.0,747.0
51054,2026-08-28,EU,1,99.0,99.0
51055,2026-08-28,EU,3,249.0,747.0
51056,2026-08-28,US,2,39.0,78.0
51057,2026-08-28,US,1,249.0,249.0
51058,2026-08-28,US,3,39.0,117.0
51059,2026-08-28,APAC,2,249.0,498.0
51060,2026-08-28,APAC,1,249.0,249.0
51061,2026-08-28,APAC,2,249.0,498.0
51062,2026-08-28,APAC,3,39.0,117.0
51063,2026-08-28,LATAM,2,39.0,78.0
51064,2026-08-28,LATAM,1,249.0,249.0
51065,2026-08-28,LATAM,1,39.0,39.0
51066,2026-08-28,LATAM,2,39.0,78.0
51067,2026-08-28,LATAM,2,249.0,498.0
51068,2026-08-28,LATAM,3,249.0,747.0
51069,2026-08-29,EU,1,249.0,249.0
51070,2026-08-29,EU,3,39.0,117.0
51071,2026-08-29,EU,3,39.0,117.0
51072,2026-08-29,EU,3,39.0,117.0
51073,2026-08-29,EU,1,39.0,39.0
51074,2026-08-29,US,3,99.0,297.0
51075,2026-08-29,US,3,99.0,297.0
51076,2026-08-29,US,2,249.0,498.0
51077,2026-08-29,APAC,2,249.0,498.0
51078,2026-08-29,APAC,2,99.0,198.0
51079,2026-08-29,APAC,1,39.0,39.0
51080,2026-08-29,APAC,3,249.0,747.0
51081,2026-08-29,LATAM,3,249.0,747.0
51082,2026-08-29,LATAM,3,39.0,117.0
51083,2026-08-29,LATAM,1,99.0,99.0
51084,2026-08-29,LATAM,2,249.0,498.0
51085,2026-08-30,EU,1,99.0,99.0
51086,2026-08-30,EU,2,249.0,498.0
51087,2026-08-30,EU,1,99.0,99.0
51088,2026-08-30,EU,1,99.0,99.0
51089,2026-08-30,EU,2,39.0,78.0
51090,2026-08-30,EU,3,249.0,747.0
51091,2026-08-30,US,1,39.0,39.0
51092,2026-08-30,US,3,249.0,747.0
51093,2026-08-30,US,1,249.0,249.0
51094,2026-08-30,APAC,1,249.0,249.0
51095,2026-08-30,APAC,2,39.0,78.0
51096,2026-08-30,APAC,2,39.0,78.0
51097,2026-08-30,APAC,1,39.0,39.0
51098,2026-08-30,APAC,1,249.0,249.0
51099,2026-08-30,LATAM,1,39.0,39.0
51100,2026-08-30,LATAM,2,99.0,198.0
51101,2026-08-30,LATAM,1,99.0,99.0
51102,2026-08-31,EU,3,99.0,297.0
51103,2026-08-31,EU,1,39.0,39.0
51104,2026-08-31,EU,1,39.0,39.0
51105,2026-08-31,EU,3,39.0,117.0
51106,2026-08-31,US,1,99.0,99.0
51107,2026-08-31,US,1,249.0,249.0
51108,2026-08-31,US,2,39.0,78.0
51109,2026-08-31,US,2,39.0,78.0
51110,2026-08-31,US,1,249.0,249.0
51111,2026-08-31,APAC,3,249.0,747.0
51112,2026-08-31,APAC,2,249.0,498.0
51113,2026-08-31,APAC,3,249.0,747.0
51114,2026-08-31,APAC,1,249.0,249.0
51115,2026-08-31,APAC,2,99.0,198.0
51116,2026-08-31,APAC,3,99.0,297.0
51117,2026-08-31,LATAM,3,99.0,297.0
51118,2026-08-31,LATAM,3,249.0,747.0
51119,2026-08-31,LATAM,2,249.0,498.0
51120,2026-08-31,LATAM,2,39.0,78.0
51121,2026-08-31,LATAM,2,39.0,78.0
51122,2026-09-01,EU,2,39.0,78.0
51123,2026-09-01,EU,3,249.0,747.0
51124,2026-09-01,EU,2,39.0,78.0
51125,2026-09-01,EU,3,249.0,747.0
51126,2026-09-01,EU,1,39.0,39.0
51127,2026-09-01,US,1,99.0,99.0
51128,2026-09-01,US,2,249.0,498.0
51129,2026-09-01,US,2,39.0,78.0
51130,2026-09-01,US,2,99.0,198.0
51131,2026-09-01,US,1,99.0,99.0
51132,2026-09-01,APAC,3,99.0,297.0
51133,2026-09-01,APAC,1,99.0,99.0
51134,2026-09-01,LATAM,3,249.0,747.0
51135,2026-09-01,LATAM,2,249.0,498.0
51136,2026-09-01,LATAM,1,99.0,99.0
51137,2026-09-02,EU,3,99.0,297.0
51138,2026-09-02,EU,1,99.0,99.0
51139,2026-09-02,EU,3,39.0,117.0
51140,2026-09-02,US,2,249.0,498.0
51141,2026-09-02,US,3,39.0,117.0
51142,2026-09-02,US,3,249.0,747.0
51143,2026-09-02,US,2,249.0,498.0
51144,2026-09-02,US,3,249.0,747.0
51145,2026-09-02,US,2,99.0,198.0
51146,2026-09-02,APAC,1,99.0,99.0
51147,2026-09-02,APAC,2,99.0,198.0
51148,2026-09-02,LATAM,2,99.0,198.0
51149,2026-09-02,LATAM,3,249.0,747.0
51150,2026-09-02,LATAM,2,39.0,78.0
51151,2026-09-02,LATAM,2,99.0,198.0
51152,2026-09-02,LATAM,2,99.0,198.0
51153,2026-09-02,LATAM,3,99.0,297.0
51154,2026-09-03,EU,3,39.0,117.0
51155,2026-09-03,EU,1,99.0,99.0
51156,2026-09-03,EU,1,99.0,99.0
51157,2026-09-03,EU,2,99.0,198.0
51158,2026-09-03,EU,2,249.0,498.0
51159,2026-09-03,US,1,39.0,39.0
51160,2026-09-03,US,3,99.0,297.0
51161,2026-09-03,US,3,99.0,297.0
51162,2026-09-03,US,1,249.0,249.0
51163,2026-09-03,US,2,249.0,498.0
51164,2026-09-03,US,1,249.0,249.0
51165,2026-09-03,APAC,2,99.0,198.0
51166,2026-09-03,APAC,2,99.0,198.0
51167,2026-09-03,LATAM,1,99.0,99.0
51168,2026-09-03,LATAM,3,39.0,117.0
51169,2026-09-03,LATAM,1,249.0,249.0
51170,2026-09-03,LATAM,1,39.0,39.0
51171,2026-09-04,EU,1,249.0,249.0
51172,2026-09-04,EU,1,249.0,249.0
51173,2026-09-04,EU,3,99.0,297.0
51174,2026-09-04,EU,2,99.0,198.0
51175,2026-09-04,EU,3,249.0,747.0
51176,2026-09-04,EU,1,39.0,39.0
51177,2026-09-04,US,1,99.0,99.0
51178,2026-09-04,US,1,99.0,99.0
51179,2026-09-04,US,3,39.0,117.0
51180,2026-09-04,US,2,249.0,498.0
51181,2026-09-04,US,3,249.0,747.0
51182,2026-09-04,LATAM,1,249.0,249.0
51183,2026-09-04,LATAM,1,99.0,99.0
51184,2026-09-04,LATAM,2,39.0,78.0
51185,2026-09-04,LATAM,1,99.0,99.0
51186,2026-09-05,EU,3,99.0,297.0
51187,2026-09-05,EU,3,99.0,297.0
51188,2026-09-05,EU,1,39.0,39.0
51189,2026-09-05,US,1,99.0,99.0
51190,2026-09-05,US,3,39.0,117.0
51191,2026-09-05,US,1,249.0,249.0
51192,2026-09-05,APAC,1,39.0,39.0
51193,2026-09-05,LATAM,3,99.0,297.0
51194,2026-09-05,LATAM,1,39.0,39.0
51195,2026-09-05,LATAM,2,249.0,498.0
51196,2026-09-06,EU,2,249.0,498.0
51197,2026-09-06,EU,1,39.0,39.0
51198,2026-09-06,EU,2,39.0,78.0
51199,2026-09-06,EU,2,39.0,78.0
51200,2026-09-06,US,3,249.0,747.0
51201,2026-09-06,US,2,249.0,498.0
51202,2026-09-06,US,1,39.0,39.0
51203,2026-09-06,US,1,39.0,39.0
51204,2026-09-06,US,1,99.0,99.0
51205,2026-09-06,US,2,249.0,498.0
51206,2026-09-06,APAC,2,39.0,78.0
51207,2026-09-06,APAC,1,39.0,39.0
51208,2026-09-06,LATAM,2,99.0,198.0
51209,2026-09-06,LATAM,3,39.0,117.0
51210,2026-09-06,LATAM,2,249.0,498.0
51211,2026-09-06,LATAM,3,39.0,117.0
51212,2026-09-07,EU,3,39.0,117.0
51213,2026-09-07,EU,2,249.0,498.0
51214,2026-09-07,EU,1,99.0,99.0
51215,2026-09-07,EU,1,39.0,39.0
51216,2026-09-07,US,3,249.0,747.0
51217,2026-09-07,US,3,39.0,117.0
51218,2026-09-07,US,3,249.0,747.0
51219,2026-09-07,US,1,39.0,39.0
51220,2026-09-07,APAC,1,99.0,99.0
51221,2026-09-07,LATAM,1,39.0,39.0
51222,2026-09-07,LATAM,1,39.0,39.0
51223,2026-09-07,LATAM,2,249.0,498.0
51224,2026-09-07,LATAM,1,99.0,99.0
51225,2026-09-07,LATAM,2,39.0,78.0
51226,2026-09-07,LATAM,2,249.0,498.0
51227,2026-09-08,EU,1,249.0,249.0
51228,2026-09-08,EU,1,249.0,249.0
51229,2026-09-08,EU,1,39.0,39.0
51230,2026-09-08,US,1,39.0,39.0
51231,2026-09-08,US,3,39.0,117.0
51232,2026-09-08,US,1,39.0,39.0
51233,2026-09-08,US,2,39.0,78.0
51234,2026-09-08,US,1,99.0,99.0
51235,2026-09-08,APAC,2,99.0,198.0
51236,2026-09-08,LATAM,3,39.0,117.0
51237,2026-09-08,LATAM,3,99.0,297.0
51238,2026-09-08,LATAM,3,39.0,117.0
51239,2026-09-08,LATAM,1,99.0,99.0
51240,2026-09-09,EU,2,99.0,198.0
51241,2026-09-09,EU,1,249.0,249.0
51242,2026-09-09,EU,3,39.0,117.0
51243,2026-09-09,EU,3,39.0,117.0
51244,2026-09-09,US,2,99.0,198.0
51245,2026-09-09,US,1,99.0,99.0
51246,2026-09-09,US,2,99.0,198.0
51247,2026-09-09,US,1,99.0,99.0
51248,2026-09-09,US,3,99.0,297.0
51249,2026-09-09,LATAM,1,99.0,99.0
51250,2026-09-09,LATAM,2,249.0,498.0
51251,2026-09-09,LATAM,3,249.0,747.0
51252,2026-09-09,LATAM,1,39.0,39.0
51253,2026-09-09,LATAM,1,39.0,39.0
51254,2026-09-10,EU,3,249.0,747.0
51255,2026-09-10,EU,1,39.0,39.0
51256,2026-09-10,EU,2,39.0,78.0
51257,2026-09-10,EU,3,39.0,117.0
51258,2026-09-10,EU,2,39.0,78.0
51259,2026-09-10,EU,1,39.0,39.0
51260,2026-09-10,US,2,39.0,78.0
51261,2026-09-10,US,2,249.0,498.0
51262,2026-09-10,US,1,249.0,249.0
51263,2026-09-10,US,2,249.0,498.0
51264,2026-09-10,APAC,1,39.0,39.0
51265,2026-09-10,APAC,1,99.0,99.0
51266,2026-09-10,LATAM,1,39.0,39.0
51267,2026-09-10,LATAM,2,99.0,198.0
51268,2026-09-10,LATAM,2,99.0,198.0
51269,2026-09-10,LATAM,1,249.0,249.0
51270,2026-09-11,EU,2,99.0,198.0
51271,2026-09-11,EU,3,99.0,297.0
51272,2026-09-11,EU,3,249.0,747.0
51273,2026-09-11,EU,2,249.0,498.0
51274,2026-09-11,US,1,39.0,39.0
51275,2026-09-11,US,3,249.0,747.0
51276,2026-09-11,US,3,39.0,117.0
51277,2026-09-11,US,2,249.0,498.0
51278,2026-09-11,LATAM,3,249.0,747.0
51279,2026-09-11,LATAM,2,39.0,78.0
51280,2026-09-11,LATAM,1,249.0,249.0
51281,2026-09-11,LATAM,3,249.0,747.0
51282,2026-09-11,LATAM,1,99.0,99.0
51283,2026-09-12,EU,1,39.0,39.0
51284,2026-09-12,EU,3,249.0,747.0
51285,2026-09-12,EU,3,39.0,117.0
51286,2026-09-12,US,2,99.0,198.0
51287,2026-09-12,US,1,249.0,249.0
51288,2026-09-12,US,3,39.0,117.0
51289,2026-09-12,APAC,1,249.0,249.0
51290,2026-09-12,LATAM,3,99.0,297.0
51291,2026-09-12,LATAM,1,39.0,39.0
51292,2026-09-12,LATAM,2,39.0,78.0
51293,2026-09-12,LATAM,1,249.0,249.0
51294,2026-09-13,EU,3,39.0,117.0
51295,2026-09-13,EU,1,39.0,39.0
51296,2026-09-13,EU,1,39.0,39.0
51297,2026-09-13,EU,3,39.0,117.0
51298,2026-09-13,EU,3,249.0,747.0
51299,2026-09-13,US,3,99.0,297.0
51300,2026-09-13,US,1,39.0,39.0
51301,2026-09-13,US,2,39.0,78.0
51302,2026-09-13,US,1,39.0,39.0
51303,2026-09-13,APAC,1,249.0,249.0
51304,2026-09-13,APAC,3,99.0,297.0
51305,2026-09-13,LATAM,3,249.0,747.0
51306,2026-09-13,LATAM,2,39.0,78.0
51307,2026-09-13,LATAM,1,249.0,249.0
51308,2026-09-13,LATAM,2,39.0,78.0
51309,2026-09-14,EU,2,99.0,198.0
51310,2026-09-14,EU,2,249.0,498.0
51311,2026-09-14,EU,2,99.0,198.0
51312,2026-09-14,US,2,99.0,198.0
51313,2026-09-14,US,2,249.0,498.0
51314,2026-09-14,US,3,249.0,747.0
51315,2026-09-14,US,1,39.0,39.0
51316,2026-09-14,US,1,39.0,39.0
51317,2026-09-14,US,3,39.0,117.0
51318,2026-09-14,APAC,1,99.0,99.0
51319,2026-09-14,APAC,1,249.0,249.0
51320,2026-09-14,LATAM,3,39.0,117.0
51321,2026-09-14,LATAM,3,99.0,297.0
51322,2026-09-14,LATAM,3,39.0,117.0
51323,2026-09-14,LATAM,1,249.0,249.0
51324,2026-09-14,LATAM,1,249.0,249.0
51325,2026-09-15,EU,3,39.0,117.0
51326,2026-09-15,EU,3,39.0,117.0
51327,2026-09-15,EU,3,99.0,297.0
51328,2026-09-15,EU,2,39.0,78.0
51329,2026-09-15,US,2,99.0,198.0
51330,2026-09-15,US,1,249.0,249.0
51331,2026-09-15,US,3,249.0,747.0
51332,2026-09-15,US,1,39.0,39.0
51333,2026-09-15,APAC,2,99.0,198.0
51334,2026-09-15,LATAM,1,249.0,249.0
51335,2026-09-15,LATAM,3,249.0,747.0
51336,2026-09-15,LATAM,1,99.0,99.0
51337,2026-09-15,LATAM,3,249.0,747.0
51338,2026-09-15,LATAM,1,249.0,249.0
51339,2026-09-15,LATAM,2,99.0,198.0
51340,2026-09-16,EU,1,249.0,249.0
51341,2026-09-16,EU,1,249.0,249.0
51342,2026-09-16,EU,1,39.0,39.0
51343,2026-09-16,US,2,99.0,198.0
51344,2026-09-16,US,1,99.0,99.0
51345,2026-09-16,US,1,99.0,99.0
51346,2026-09-16,LATAM,2,99.0,198.0
51347,2026-09-16,LATAM,3,99.0,297.0
51348,2026-09-16,LATAM,2,39.0,78.0
51349,2026-09-16,LATAM,3,99.0,297.0
51350,2026-09-16,LATAM,2,39.0,78.0
51351,2026-09-16,LATAM,3,99.0,297.0
51352,2026-09-17,EU,1,99.0,99.0
51353,2026-09-17,EU,2,99.0,198.0
51354,2026-09-17,EU,2,39.0,78.0
51355,2026-09-17,EU,3,39.0,117.0
51356,2026-09-17,EU,2,39.0,78.0
51357,2026-09-17,EU,1,99.0,99.0
51358,2026-09-17,US,1,99.0,99.0
51359,2026-09-17,US,3,39.0,117.0
51360,2026-09-17,US,2,99.0,198.0
51361,2026-09-17,APAC,2,99.0,198.0
51362,2026-09-17,LATAM,2,99.0,198.0
51363,2026-09-17,LATAM,2,39.0,78.0
51364,2026-09-17,LATAM,3,39.0,117.0
51365,2026-09-18,EU,2,249.0,498.0
51366,2026-09-18,EU,2,39.0,78.0
51367,2026-09-18,EU,3,99.0,297.0
51368,2026-09-18,EU,2,39.0,78.0
51369,2026-09-18,EU,1,39.0,39.0
51370,2026-09-18,EU,1,39.0,39.0
51371,2026-09-18,US,1,249.0,249.0
51372,2026-09-18,US,3,99.0,297.0
51373,2026-09-18,US,1,249.0,249.0
51374,2026-09-18,US,3,99.0,297.0
51375,2026-09-18,US,1,39.0,39.0
51376,2026-09-18,LATAM,2,249.0,498.0
51377,2026-09-18,LATAM,1,249.0,249.0
51378,2026-09-18,LATAM,3,39.0,117.0
51379,2026-09-19,EU,1,39.0,39.0
51380,2026-09-19,EU,1,39.0,39.0
51381,2026-09-19,EU,1,99.0,99.0
51382,2026-09-19,EU,3,39.0,117.0
51383,2026-09-19,US,3,99.0,297.0
51384,2026-09-19,US,1,99.0,99.0
51385,2026-09-19,US,1,99.0,99.0
51386,2026-09-19,APAC,2,99.0,198.0
51387,2026-09-19,APAC,3,99.0,297.0
51388,2026-09-19,LATAM,1,249.0,249.0
51389,2026-09-19,LATAM,1,249.0,249.0
51390,2026-09-19,LATAM,1,39.0,39.0
51391,2026-09-19,LATAM,3,99.0,297.0
51392,2026-09-20,EU,2,99.0,198.0
51393,2026-09-20,EU,2,99.0,198.0
51394,2026-09-20,EU,2,99.0,198.0
51395,2026-09-20,EU,2,249.0,498.0
51396,2026-09-20,EU,2,99.0,198.0
51397,2026-09-20,US,1,249.0,249.0
51398,2026-09-20,US,1,39.0,39.0
51399,2026-09-20,US,3,39.0,117.0
51400,2026-09-20,US,1,39.0,39.0
51401,2026-09-20,LATAM,2,99.0,198.0
51402,2026-09-20,LATAM,2,249.0,498.0
51403,2026-09-20,LATAM,2,39.0,78.0
51404,2026-09-20,LATAM,1,249.0,249.0
51405,2026-09-20,LATAM,3,249.0,747.0
51406,2026-09-21,EU,2,249.0,498.0
51407,2026-09-21,EU,1,99.0,99.0
51408,2026-09-21,EU,3,39.0,117.0
51409,2026-09-21,EU,3,99.0,297.0
51410,2026-09-21,EU,3,99.0,297.0
51411,2026-09-21,US,3,99.0,297.0
51412,2026-09-21,US,3,249.0,747.0
51413,2026-09-21,US,2,99.0,198.0
51414,2026-09-21,US,1,249.0,249.0
51415,2026-09-21,US,2,39.0,78.0
51416,2026-09-21,US,1,249.0,249.0
51417,2026-09-21,APAC,2,99.0,198.0
51418,2026-09-21,APAC,1,99.0,99.0
51419,2026-09-21,LATAM,2,249.0,498.0
51420,2026-09-21,LATAM,3,39.0,117.0
51421,2026-09-21,LATAM,1,249.0,249.0
51422,2026-09-21,LATAM,1,99.0,99.0
51423,2026-09-21,LATAM,3,99.0,297.0
51424,2026-09-22,EU,3,99.0,297.0
51425,2026-09-22,EU,1,99.0,99.0
51426,2026-09-22,EU,3,39.0,117.0
51427,2026-09-22,US,2,249.0,498.0
51428,2026-09-22,US,1,39.0,39.0
51429,2026-09-22,US,1,249.0,249.0
51430,2026-09-22,APAC,1,99.0,99.0
51431,2026-09-22,APAC,2,99.0,198.0
51432,2026-09-22,LATAM,2,249.0,498.0
51433,2026-09-22,LATAM,3,39.0,117.0
51434,2026-09-22,LATAM,2,39.0,78.0
51435,2026-09-22,LATAM,2,249.0,498.0
51436,2026-09-22,LATAM,2,39.0,78.0
51437,2026-09-22,LATAM,2,249.0,498.0
51438,2026-09-23,EU,2,39.0,78.0
51439,2026-09-23,EU,1,249.0,249.0
51440,2026-09-23,EU,3,99.0,297.0
51441,2026-09-23,EU,1,249.0,249.0
51442,2026-09-23,EU,2,39.0,78.0
51443,2026-09-23,US,2,249.0,498.0
51444,2026-09-23,US,3,99.0,297.0
51445,2026-09-23,US,1,249.0,249.0
51446,2026-09-23,US,1,99.0,99.0
51447,2026-09-23,US,3,249.0,747.0
51448,2026-09-23,US,2,99.0,198.0
51449,2026-09-23,APAC,1,39.0,39.0
51450,2026-09-23,LATAM,3,39.0,117.0
51451,2026-09-23,LATAM,1,39.0,39.0
51452,2026-09-23,LATAM,1,39.0,39.0
51453,2026-09-23,LATAM,2,249.0,498.0
51454,2026-09-23,LATAM,2,249.0,498.0
51455,2026-09-23,LATAM,3,249.0,747.0
51456,2026-09-24,EU,3,99.0,297.0
51457,2026-09-24,EU,2,99.0,198.0
51458,2026-09-24,EU,1,249.0,249.0
51459,2026-09-24,US,2,99.0,198.0
51460,2026-09-24,US,1,39.0,39.0
51461,2026-09-24,US,2,99.0,198.0
51462,2026-09-24,US,2,99.0,198.0
51463,2026-09-24,APAC,1,249.0,249.0
51464,2026-09-24,LATAM,2,39.0,78.0
51465,2026-09-24,LATAM,2,39.0,78.0
51466,2026-09-24,LATAM,2,249.0,498.0
51467,2026-09-25,EU,1,99.0,99.0
51468,2026-09-25,EU,2,99.0,198.0
51469,2026-09-25,EU,3,99.0,297.0
51470,2026-09-25,EU,3,249.0,747.0
51471,2026-09-25,US,1,99.0,99.0
51472,2026-09-25,US,1,99.0,99.0
51473,2026-09-25,US,2,99.0,198.0
51474,2026-09-25,US,1,99.0,99.0
51475,2026-09-25,APAC,2,249.0,498.0
51476,2026-09-25,LATAM,2,39.0,78.0
51477,2026-09-25,LATAM,1,39.0,39.0
51478,2026-09-25,LATAM,2,249.0,498.0
51479,2026-09-25,LATAM,1,39.0,39.0
51480,2026-09-26,EU,3,249.0,747.0
51481,2026-09-26,EU,1,39.0,39.0
51482,2026-09-26,EU,3,249.0,747.0
51483,2026-09-26,US,3,99.0,297.0
51484,2026-09-26,US,2,249.0,498.0
51485,2026-09-26,US,1,39.0,39.0
51486,2026-09-26,US,2,249.0,498.0
51487,2026-09-26,US,2,99.0,198.0
51488,2026-09-26,US,2,249.0,498.0
51489,2026-09-26,APAC,1,39.0,39.0
51490,2026-09-26,APAC,1,39.0,39.0
51491,2026-09-26,LATAM,3,99.0,297.0
51492,2026-09-26,LATAM,1,249.0,249.0
51493,2026-09-26,LATAM,1,99.0,99.0
51494,2026-09-27,EU,3,249.0,747.0
51495,2026-09-27,EU,1,39.0,39.0
51496,2026-09-27,EU,2,99.0,198.0
51497,2026-09-27,EU,1,99.0,99.0
51498,2026-09-27,EU,3,99.0,297.0
51499,2026-09-27,US,2,249.0,498.0
51500,2026-09-27,US,2,249.0,498.0
51501,2026-09-27,US,1,99.0,99.0
51502,2026-09-27,US,3,249.0,747.0
51503,2026-09-27,US,3,249.0,747.0
51504,2026-09-27,US,3,99.0,297.0
51505,2026-09-27,LATAM,1,99.0,99.0
51506,2026-09-27,LATAM,3,249.0,747.0
51507,2026-09-27,LATAM,1,39.0,39.0
51508,2026-09-27,LATAM,3,249.0,747.0
51509,2026-09-28,EU,3,39.0,117.0
51510,2026-09-28,EU,1,249.0,249.0
51511,2026-09-28,EU,1,39.0,39.0
51512,2026-09-28,EU,3,249.0,747.0
51513,2026-09-28,EU,1,249.0,249.0
51514,2026-09-28,EU,2,99.0,198.0
51515,2026-09-28,US,1,249.0,249.0
51516,2026-09-28,US,3,249.0,747.0
51517,2026-09-28,US,2,39.0,78.0
51518,2026-09-28,US,1,39.0,39.0
51519,2026-09-28,APAC,3,39.0,117.0
51520,2026-09-28,APAC,3,249.0,747.0
51521,2026-09-28,LATAM,2,39.0,78.0
51522,2026-09-28,LATAM,2,39.0,78.0
51523,2026-09-28,LATAM,3,249.0,747.0
51524,2026-09-28,LATAM,1,99.0,99.0
51525,2026-09-28,LATAM,1,99.0,99.0
51526,2026-09-28,LATAM,2,39.0,78.0
51527,2026-09-29,EU,3,99.0,297.0
51528,2026-09-29,EU,1,99.0,99.0
51529,2026-09-29,EU,2,249.0,498.0
51530,2026-09-29,US,2,39.0,78.0
51531,2026-09-29,US,3,249.0,747.0
51532,2026-09-29,US,2,39.0,78.0
51533,2026-09-29,US,1,39.0,39.0
51534,2026-09-29,US,2,39.0,78.0
51535,2026-09-29,APAC,2,249.0,498.0
51536,2026-09-29,APAC,3,99.0,297.0
51537,2026-09-29,LATAM,3,249.0,747.0
51538,2026-09-29,LATAM,1,99.0,99.0
51539,2026-09-29,LATAM,2,99.0,198.0
51540,2026-09-30,EU,1,249.0,249.0
51541,2026-09-30,EU,2,249.0,498.0
51542,2026-09-30,EU,2,99.0,198.0
51543,2026-09-30,US,1,99.0,99.0
51544,2026-09-30,US,3,99.0,297.0
51545,2026-09-30,US,3,99.0,297.0
51546,2026-09-30,US,3,249.0,747.0
51547,2026-09-30,APAC,2,99.0,198.0
51548,2026-09-30,APAC,3,99.0,297.0
51549,2026-09-30,LATAM,2,99.0,198.0
51550,2026-09-30,LATAM,1,39.0,39.0
51551,2026-09-30,LATAM,1,39.0,39.0
51552,2026-09-30,LATAM,3,39.0,117.0
51553,2026-09-30,LATAM,2,249.0,498.0
51554,2026-09-30,LATAM,3,249.0,747.0
