order_id,date,product,units,list_price,discount_pct,revenue
70001,2026-01-01,Plus,3,45.0,0,135.0
70002,2026-01-01,Max,3,90.0,0,270.0
70003,2026-01-01,Basic,2,20.0,0,40.0
70004,2026-01-01,Plus,2,45.0,0,90.0
70005,2026-01-01,Max,3,90.0,10,243.0
70006,2026-01-01,Max,2,90.0,5,171.0
70007,2026-01-01,Max,1,90.0,0,90.0
70008,2026-01-01,Basic,2,20.0,10,36.0
70009,2026-01-01,Max,2,90.0,0,180.0
70010,2026-01-01,Basic,4,20.0,10,72.0
70011,2026-01-02,Max,1,90.0,10,81.0
70012,2026-01-02,Basic,2,20.0,0,40.0
70013,2026-01-02,Max,3,90.0,5,256.5
70014,2026-01-02,Max,2,90.0,5,171.0
70015,2026-01-02,Max,4,90.0,0,360.0
70016,2026-01-02,Max,3,90.0,0,270.0
70017,2026-01-02,Max,4,90.0,0,360.0
70018,2026-01-02,Basic,4,20.0,10,72.0
70019,2026-01-02,Basic,3,20.0,0,60.0
70020,2026-01-02,Max,3,90.0,5,256.5
70021,2026-01-02,Plus,2,45.0,0,90.0
70022,2026-01-03,Plus,3,45.0,0,135.0
70023,2026-01-03,Plus,2,45.0,10,81.0
70024,2026-01-03,Plus,4,45.0,0,180.0
70025,2026-01-03,Plus,3,45.0,0,135.0
70026,2026-01-03,Plus,1,45.0,0,45.0
70027,2026-01-03,Plus,2,45.0,0,90.0
70028,2026-01-03,Max,2,90.0,5,171.0
70029,2026-01-03,Basic,3,20.0,0,60.0
70030,2026-01-04,Max,3,90.0,0,270.0
70031,2026-01-04,Basic,3,20.0,0,60.0
70032,2026-01-04,Max,1,90.0,0,90.0
70033,2026-01-04,Max,3,90.0,5,256.5
70034,2026-01-04,Max,1,90.0,0,90.0
70035,2026-01-04,Plus,2,45.0,10,81.0
70036,2026-01-04,Plus,3,45.0,5,128.25
70037,2026-01-04,Basic,1,20.0,5,19.0
70038,2026-01-04,Max,3,90.0,10,243.0
70039,2026-01-04,Max,1,90.0,0,90.0
70040,2026-01-05,Max,3,90.0,0,270.0
70041,2026-01-05,Max,2,90.0,0,180.0
70042,2026-01-05,Plus,1,45.0,10,40.5
70043,2026-01-05,Max,1,90.0,0,90.0
70044,2026-01-05,Plus,2,45.0,5,85.5
70045,2026-01-05,Plus,2,45.0,5,85.5
70046,2026-01-05,Plus,4,45.0,5,171.0
70047,2026-01-05,Basic,4,20.0,0,80.0
70048,2026-01-05,Max,4,90.0,0,360.0
70049,2026-01-05,Max,2,90.0,0,180.0
70050,2026-01-05,Plus,2,45.0,10,81.0
70051,2026-01-06,Plus,3,45.0,5,128.25
70052,2026-01-06,Basic,2,20.0,0,40.0
70053,2026-01-06,Plus,3,45.0,0,135.0
70054,2026-01-06,Plus,3,45.0,0,135.0
70055,2026-01-06,Basic,3,20.0,0,60.0
70056,2026-01-06,Plus,3,45.0,0,135.0
70057,2026-01-06,Plus,2,45.0,0,90.0
70058,2026-01-06,Plus,2,45.0,5,85.5
70059,2026-01-06,Plus,1,45.0,5,42.75
70060,2026-01-06,Basic,4,20.0,10,72.0
70061,2026-01-06,Plus,1,45.0,0,45.0
70062,2026-01-07,Max,1,90.0,0,90.0
70063,2026-01-07,Max,3,90.0,10,243.0
70064,2026-01-07,Plus,1,45.0,0,45.0
70065,2026-01-07,Plus,4,45.0,10,162.0
70066,2026-01-07,Basic,2,20.0,5,38.0
70067,2026-01-07,Plus,3,45.0,10,121.5
70068,2026-01-07,Max,2,90.0,5,171.0
70069,2026-01-07,Plus,1,45.0,0,45.0
70070,2026-01-07,Plus,3,45.0,5,128.25
70071,2026-01-07,Max,3,90.0,5,256.5
70072,2026-01-08,Max,2,90.0,0,180.0
70073,2026-01-08,Max,4,90.0,5,342.0
70074,2026-01-08,Basic,4,20.0,5,76.0
70075,2026-01-08,Max,3,90.0,5,256.5
70076,2026-01-08,Plus,1,45.0,0,45.0
70077,2026-01-08,Basic,2,20.0,10,36.0
70078,2026-01-08,Basic,3,20.0,0,60.0
70079,2026-01-08,Max,2,90.0,5,171.0
70080,2026-01-08,Max,4,90.0,5,342.0
70081,2026-01-08,Basic,2,20.0,5,38.0
70082,2026-01-08,Basic,2,20.0,0,40.0
70083,2026-01-09,Plus,4,45.0,0,180.0
70084,2026-01-09,Basic,4,20.0,0,80.0
70085,2026-01-09,Basic,3,20.0,0,60.0
70086,2026-01-09,Basic,3,20.0,10,54.0
70087,2026-01-09,Basic,4,20.0,5,76.0
70088,2026-01-09,Max,3,90.0,5,256.5
70089,2026-01-09,Max,2,90.0,5,171.0
70090,2026-01-09,Max,2,90.0,10,162.0
70091,2026-01-10,Max,2,90.0,0,180.0
70092,2026-01-10,Basic,3,20.0,10,54.0
70093,2026-01-10,Basic,3,20.0,0,60.0
70094,2026-01-10,Plus,1,45.0,0,45.0
70095,2026-01-10,Max,2,90.0,5,171.0
70096,2026-01-10,Plus,2,45.0,5,85.5
70097,2026-01-10,Max,1,90.0,0,90.0
70098,2026-01-10,Basic,4,20.0,5,76.0
70099,2026-01-10,Max,1,90.0,0,90.0
70100,2026-01-10,Plus,3,45.0,5,128.25
70101,2026-01-10,Max,1,90.0,0,90.0
70102,2026-01-10,Basic,4,20.0,5,76.0
70103,2026-01-11,Plus,4,45.0,0,180.0
70104,2026-01-11,Basic,1,20.0,5,19.0
70105,2026-01-11,Basic,2,20.0,5,38.0
70106,2026-01-11,Basic,2,20.0,0,40.0
70107,2026-01-11,Max,4,90.0,10,324.0
70108,2026-01-11,Plus,3,45.0,10,121.5
70109,2026-01-11,Plus,1,45.0,0,45.0
70110,2026-01-11,Plus,2,45.0,0,90.0
70111,2026-01-11,Basic,4,20.0,5,76.0
70112,2026-01-11,Plus,1,45.0,10,40.5
70113,2026-01-12,Max,1,90.0,0,90.0
70114,2026-01-12,Plus,4,45.0,0,180.0
70115,2026-01-12,Basic,2,20.0,10,36.0
70116,2026-01-12,Basic,1,20.0,10,18.0
70117,2026-01-12,Plus,3,45.0,5,128.25
70118,2026-01-12,Plus,3,45.0,5,128.25
70119,2026-01-12,Max,1,90.0,5,85.5
70120,2026-01-12,Max,4,90.0,5,342.0
70121,2026-01-12,Basic,3,20.0,0,60.0
70122,2026-01-12,Plus,3,45.0,0,135.0
70123,2026-01-12,Plus,1,45.0,0,45.0
70124,2026-01-13,Max,1,90.0,10,81.0
70125,2026-01-13,Plus,3,45.0,10,121.5
70126,2026-01-13,Plus,2,45.0,0,90.0
70127,2026-01-13,Basic,3,20.0,0,60.0
70128,2026-01-13,Basic,1,20.0,10,18.0
70129,2026-01-13,Plus,2,45.0,0,90.0
70130,2026-01-13,Basic,3,20.0,0,60.0
70131,2026-01-13,Plus,1,45.0,10,40.5
70132,2026-01-13,Plus,1,45.0,5,42.75
70133,2026-01-13,Plus,3,45.0,0,135.0
70134,2026-01-13,Max,3,90.0,5,256.5
70135,2026-01-14,Basic,3,20.0,5,57.0
70136,2026-01-14,Basic,4,20.0,0,80.0
70137,2026-01-14,Basic,4,20.0,0,80.0
70138,2026-01-14,Basic,3,20.0,0,60.0
70139,2026-01-14,Max,4,90.0,5,342.0
70140,2026-01-14,Max,3,90.0,5,256.5
70141,2026-01-14,Max,3,90.0,5,256.5
70142,2026-01-14,Max,3,90.0,5,256.5
70143,2026-01-14,Plus,2,45.0,0,90.0
70144,2026-01-14,Basic,1,20.0,10,18.0
70145,2026-01-15,Basic,1,20.0,0,20.0
70146,2026-01-15,Plus,4,45.0,0,180.0
70147,2026-01-15,Plus,4,45.0,0,180.0
70148,2026-01-15,Max,3,90.0,10,243.0
70149,2026-01-15,Plus,4,45.0,0,180.0
70150,2026-01-15,Max,3,90.0,5,256.5
70151,2026-01-15,Basic,2,20.0,10,36.0
70152,2026-01-15,Max,2,90.0,0,180.0
70153,2026-01-15,Plus,1,45.0,5,42.75
70154,2026-01-15,Max,1,90.0,10,81.0
70155,2026-01-15,Plus,1,45.0,5,42.75
70156,2026-01-15,Basic,2,20.0,10,36.0
70157,2026-01-16,Max,4,90.0,10,324.0
70158,2026-01-16,Basic,1,20.0,5,19.0
70159,2026-01-16,Plus,3,45.0,0,135.0
70160,2026-01-16,Max,3,90.0,5,256.5
70161,2026-01-16,Plus,4,45.0,0,180.0
70162,2026-01-16,Max,3,90.0,0,270.0
70163,2026-01-16,Basic,1,20.0,0,20.0
70164,2026-01-16,Max,3,90.0,0,270.0
70165,2026-01-16,Basic,2,20.0,5,38.0
70166,2026-01-16,Basic,2,20.0,10,36.0
70167,2026-01-17,Max,2,90.0,0,180.0
70168,2026-01-17,Basic,1,20.0,0,20.0
70169,2026-01-17,Basic,3,20.0,10,54.0
70170,2026-01-17,Plus,2,45.0,10,81.0
70171,2026-01-17,Basic,2,20.0,5,38.0
70172,2026-01-17,Max,3,90.0,0,270.0
70173,2026-01-17,Plus,3,45.0,10,121.5
70174,2026-01-17,Basic,4,20.0,0,80.0
70175,2026-01-17,Plus,3,45.0,0,135.0
70176,2026-01-17,Plus,4,45.0,0,180.0
70177,2026-01-18,Plus,1,45.0,10,40.5
70178,2026-01-18,Max,2,90.0,5,171.0
70179,2026-01-18,Max,4,90.0,5,342.0
70180,2026-01-18,Plus,2,45.0,5,85.5
70181,2026-01-18,Max,1,90.0,10,81.0
70182,2026-01-18,Max,2,90.0,5,171.0
70183,2026-01-18,Max,3,90.0,0,270.0
70184,2026-01-18,Plus,1,45.0,0,45.0
70185,2026-01-19,Basic,3,20.0,5,57.0
70186,2026-01-19,Plus,1,45.0,10,40.5
70187,2026-01-19,Basic,1,20.0,5,19.0
70188,2026-01-19,Max,1,90.0,5,85.5
70189,2026-01-19,Basic,4,20.0,0,80.0
70190,2026-01-19,Basic,2,20.0,5,38.0
70191,2026-01-19,Max,1,90.0,10,81.0
70192,2026-01-19,Basic,4,20.0,0,80.0
70193,2026-01-19,Plus,3,45.0,0,135.0
70194,2026-01-19,Max,2,90.0,5,171.0
70195,2026-01-20,Plus,4,45.0,0,180.0
70196,2026-01-20,Plus,2,45.0,0,90.0
70197,2026-01-20,Basic,2,20.0,10,36.0
70198,2026-01-20,Max,4,90.0,0,360.0
70199,2026-01-20,Plus,1,45.0,0,45.0
70200,2026-01-20,Max,4,90.0,5,342.0
70201,2026-01-20,Basic,2,20.0,10,36.0
70202,2026-01-20,Basic,3,20.0,0,60.0
70203,2026-01-21,Max,1,90.0,0,90.0
70204,2026-01-21,Plus,2,45.0,5,85.5
70205,2026-01-21,Basic,3,20.0,0,60.0
70206,2026-01-21,Basic,2,20.0,0,40.0
70207,2026-01-21,Max,4,90.0,0,360.0
70208,2026-01-21,Plus,3,45.0,0,135.0
70209,2026-01-21,Max,4,90.0,0,360.0
70210,2026-01-21,Basic,2,20.0,5,38.0
70211,2026-01-21,Plus,1,45.0,0,45.0
70212,2026-01-21,Basic,2,20.0,0,40.0
70213,2026-01-21,Max,4,90.0,0,360.0
70214,2026-01-21,Basic,2,20.0,0,40.0
70215,2026-01-22,Plus,3,45.0,5,128.25
70216,2026-01-22,Plus,2,45.0,5,85.5
70217,2026-01-22,Max,2,90.0,5,171.0
70218,2026-01-22,Plus,2,45.0,0,90.0
70219,2026-01-22,Basic,2,20.0,5,38.0
70220,2026-01-22,Basic,1,20.0,0,20.0
70221,2026-01-22,Max,4,90.0,0,360.0
70222,2026-01-22,Plus,4,45.0,0,180.0
70223,2026-01-22,Basic,2,20.0,0,40.0
70224,2026-01-22,Plus,2,45.0,10,81.0
70225,2026-01-22,Basic,1,20.0,0,20.0
70226,2026-01-23,Plus,2,45.0,0,90.0
70227,2026-01-23,Basic,1,20.0,10,18.0
70228,2026-01-23,Plus,2,45.0,5,85.5
70229,2026-01-23,Max,4,90.0,0,360.0
70230,2026-01-23,Plus,3,45.0,0,135.0
70231,2026-01-23,Basic,2,20.0,0,40.0
70232,2026-01-23,Basic,4,20.0,5,76.0
70233,2026-01-23,Basic,4,20.0,5,76.0
70234,2026-01-23,Plus,4,45.0,5,171.0
70235,2026-01-24,Max,1,90.0,10,81.0
70236,2026-01-24,Max,2,90.0,10,162.0
70237,2026-01-24,Max,4,90.0,5,342.0
70238,2026-01-24,Basic,3,20.0,0,60.0
70239,2026-01-24,Plus,1,45.0,10,40.5
70240,2026-01-24,Max,3,90.0,10,243.0
70241,2026-01-24,Plus,4,45.0,0,180.0
70242,2026-01-24,Max,3,90.0,0,270.0
70243,2026-01-24,Plus,3,45.0,10,121.5
70244,2026-01-24,Basic,4,20.0,5,76.0
70245,2026-01-25,Plus,2,45.0,0,90.0
70246,2026-01-25,Basic,2,20.0,0,40.0
70247,2026-01-25,Plus,3,45.0,5,128.25
70248,2026-01-25,Plus,3,45.0,10,121.5
70249,2026-01-25,Plus,3,45.0,5,128.25
70250,2026-01-25,Plus,2,45.0,0,90.0
70251,2026-01-25,Basic,3,20.0,5,57.0
70252,2026-01-25,Plus,1,45.0,0,45.0
70253,2026-01-25,Max,3,90.0,0,270.0
70254,2026-01-25,Plus,2,45.0,0,90.0
70255,2026-01-25,Basic,2,20.0,0,40.0
70256,2026-01-26,Basic,3,20.0,5,57.0
70257,2026-01-26,Basic,2,20.0,0,40.0
70258,2026-01-26,Max,1,90.0,0,90.0
70259,2026-01-26,Basic,2,20.0,0,40.0
70260,2026-01-26,Max,3,90.0,5,256.5
70261,2026-01-26,Basic,4,20.0,5,76.0
70262,2026-01-26,Max,4,90.0,5,342.0
70263,2026-01-26,Plus,3,45.0,5,128.25
70264,2026-01-26,Basic,3,20.0,5,57.0
70265,2026-01-26,Max,1,90.0,5,85.5
70266,2026-01-26,Plus,1,45.0,5,42.75
70267,2026-01-27,Basic,3,20.0,5,57.0
70268,2026-01-27,Max,3,90.0,5,256.5
70269,2026-01-27,Max,2,90.0,0,180.0
70270,2026-01-27,Max,2,90.0,5,171.0
70271,2026-01-27,Basic,4,20.0,0,80.0
70272,2026-01-27,Plus,1,45.0,0,45.0
70273,2026-01-27,Basic,2,20.0,5,38.0
70274,2026-01-27,Max,1,90.0,0,90.0
70275,2026-01-27,Plus,3,45.0,10,121.5
70276,2026-01-27,Basic,4,20.0,0,80.0
70277,2026-01-27,Plus,3,45.0,0,135.0
70278,2026-01-28,Max,3,90.0,10,243.0
70279,2026-01-28,Basic,3,20.0,10,54.0
70280,2026-01-28,Plus,1,45.0,5,42.75
70281,2026-01-28,Max,3,90.0,0,270.0
70282,2026-01-28,Basic,3,20.0,0,60.0
70283,2026-01-28,Plus,4,45.0,0,180.0
70284,2026-01-28,Max,1,90.0,0,90.0
70285,2026-01-28,Basic,1,20.0,0,20.0
70286,2026-01-28,Basic,2,20.0,10,36.0
70287,2026-01-28,Plus,1,45.0,0,45.0
70288,2026-01-28,Plus,1,45.0,10,40.5
70289,2026-01-28,Plus,2,45.0,5,85.5
70290,2026-01-29,Basic,3,20.0,0,60.0
70291,2026-01-29,Basic,2,20.0,5,38.0
70292,2026-01-29,Plus,1,45.0,0,45.0
70293,2026-01-29,Max,2,90.0,0,180.0
70294,2026-01-29,Basic,3,20.0,10,54.0
70295,2026-01-29,Max,2,90.0,0,180.0
70296,2026-01-29,Plus,1,45.0,5,42.75
70297,2026-01-29,Max,3,90.0,0,270.0
70298,2026-01-29,Basic,4,20.0,5,76.0
70299,2026-01-29,Basic,3,20.0,10,54.0
70300,2026-01-29,Basic,2,20.0,10,36.0
70301,2026-01-29,Plus,4,45.0,0,180.0
70302,2026-01-30,Basic,3,20.0,0,60.0
70303,2026-01-30,Max,4,90.0,0,360.0
70304,2026-01-30,Max,4,90.0,5,342.0
70305,2026-01-30,Basic,1,20.0,0,20.0
70306,2026-01-30,Basic,2,20.0,0,40.0
70307,2026-01-30,Plus,3,45.0,10,121.5
70308,2026-01-30,Basic,4,20.0,0,80.0
70309,2026-01-30,Plus,3,45.0,0,135.0
70310,2026-01-30,Max,4,90.0,5,342.0
70311,2026-01-30,Max,4,90.0,0,360.0
70312,2026-01-31,Basic,4,20.0,10,72.0
70313,2026-01-31,Basic,1,20.0,0,20.0
70314,2026-01-31,Plus,3,45.0,5,128.25
70315,2026-01-31,Basic,2,20.0,10,36.0
70316,2026-01-31,Plus,4,45.0,0,180.0
70317,2026-01-31,Plus,2,45.0,10,81.0
70318,2026-01-31,Plus,3,45.0,10,121.5
70319,2026-01-31,Plus,3,45.0,0,135.0
70320,2026-02-01,Max,2,90.0,0,180.0
70321,2026-02-01,Basic,2,20.0,10,36.0
70322,2026-02-01,Basic,4,20.0,5,76.0
70323,2026-02-01,Max,3,90.0,5,256.5
70324,2026-02-01,Max,4,90.0,0,360.0
70325,2026-02-01,Basic,3,20.0,10,54.0
70326,2026-02-01,Plus,4,45.0,5,171.0
70327,2026-02-01,Basic,3,20.0,0,60.0
70328,2026-02-01,Basic,2,20.0,10,36.0
70329,2026-02-01,Plus,4,45.0,5,171.0
70330,2026-02-02,Basic,4,20.0,0,80.0
70331,2026-02-02,Max,3,90.0,0,270.0
70332,2026-02-02,Max,3,90.0,0,270.0
70333,2026-02-02,Max,1,90.0,0,90.0
70334,2026-02-02,Basic,3,20.0,0,60.0
70335,2026-02-02,Basic,2,20.0,5,38.0
70336,2026-02-02,Plus,3,45.0,0,135.0
70337,2026-02-02,Max,3,90.0,0,270.0
70338,2026-02-02,Plus,4,45.0,5,171.0
70339,2026-02-02,Plus,2,45.0,5,85.5
70340,2026-02-02,Basic,3,20.0,0,60.0
70341,2026-02-02,Basic,3,20.0,0,60.0
70342,2026-02-03,Max,2,90.0,0,180.0
70343,2026-02-03,Plus,2,45.0,0,90.0
70344,2026-02-03,Basic,1,20.0,0,20.0
70345,2026-02-03,Basic,4,20.0,0,80.0
70346,2026-02-03,Plus,2,45.0,5,85.5
70347,2026-02-03,Plus,1,45.0,0,45.0
70348,2026-02-03,Max,4,90.0,0,360.0
70349,2026-02-03,Max,2,90.0,5,171.0
70350,2026-02-03,Basic,4,20.0,0,80.0
70351,2026-02-03,Basic,2,20.0,10,36.0
70352,2026-02-03,Basic,1,20.0,10,18.0
70353,2026-02-04,Plus,1,45.0,0,45.0
70354,2026-02-04,Plus,3,45.0,5,128.25
70355,2026-02-04,Basic,2,20.0,0,40.0
70356,2026-02-04,Basic,1,20.0,0,20.0
70357,2026-02-04,Max,4,90.0,0,360.0
70358,2026-02-04,Max,2,90.0,5,171.0
70359,2026-02-04,Plus,2,45.0,5,85.5
70360,2026-02-04,Max,4,90.0,5,342.0
70361,2026-02-04,Basic,2,20.0,0,40.0
70362,2026-02-04,Basic,2,20.0,5,38.0
70363,2026-02-05,Plus,1,45.0,5,42.75
70364,2026-02-05,Plus,4,45.0,5,171.0
70365,2026-02-05,Max,3,90.0,5,256.5
70366,2026-02-05,Basic,1,20.0,0,20.0
70367,2026-02-05,Max,3,90.0,0,270.0
70368,2026-02-05,Plus,3,45.0,0,135.0
70369,2026-02-05,Plus,4,45.0,5,171.0
70370,2026-02-05,Max,1,90.0,0,90.0
70371,2026-02-05,Max,4,90.0,10,324.0
70372,2026-02-05,Basic,3,20.0,5,57.0
70373,2026-02-05,Plus,3,45.0,0,135.0
70374,2026-02-05,Plus,2,45.0,5,85.5
70375,2026-02-06,Max,3,90.0,0,270.0
70376,2026-02-06,Max,1,90.0,0,90.0
70377,2026-02-06,Max,3,90.0,0,270.0
70378,2026-02-06,Max,4,90.0,0,360.0
70379,2026-02-06,Basic,1,20.0,5,19.0
70380,2026-02-06,Max,4,90.0,5,342.0
70381,2026-02-06,Max,4,90.0,0,360.0
70382,2026-02-06,Max,3,90.0,0,270.0
70383,2026-02-06,Plus,4,45.0,0,180.0
70384,2026-02-06,Max,3,90.0,10,243.0
70385,2026-02-07,Plus,4,45.0,0,180.0
70386,2026-02-07,Plus,1,45.0,0,45.0
70387,2026-02-07,Max,2,90.0,0,180.0
70388,2026-02-07,Plus,4,45.0,10,162.0
70389,2026-02-07,Max,2,90.0,5,171.0
70390,2026-02-07,Basic,4,20.0,10,72.0
70391,2026-02-07,Basic,3,20.0,0,60.0
70392,2026-02-07,Max,3,90.0,5,256.5
70393,2026-02-07,Max,4,90.0,0,360.0
70394,2026-02-07,Basic,4,20.0,0,80.0
70395,2026-02-08,Plus,2,45.0,5,85.5
70396,2026-02-08,Max,2,90.0,0,180.0
70397,2026-02-08,Max,1,90.0,0,90.0
70398,2026-02-08,Max,2,90.0,10,162.0
70399,2026-02-08,Max,1,90.0,10,81.0
70400,2026-02-08,Max,3,90.0,0,270.0
70401,2026-02-08,Max,1,90.0,0,90.0
70402,2026-02-08,Max,2,90.0,5,171.0
70403,2026-02-09,Basic,3,20.0,0,60.0
70404,2026-02-09,Plus,2,45.0,0,90.0
70405,2026-02-09,Plus,3,45.0,0,135.0
70406,2026-02-09,Basic,2,20.0,0,40.0
70407,2026-02-09,Basic,3,20.0,5,57.0
70408,2026-02-09,Max,2,90.0,10,162.0
70409,2026-02-09,Plus,1,45.0,5,42.75
70410,2026-02-09,Basic,1,20.0,10,18.0
70411,2026-02-09,Max,2,90.0,0,180.0
70412,2026-02-10,Plus,3,45.0,10,121.5
70413,2026-02-10,Max,1,90.0,0,90.0
70414,2026-02-10,Plus,2,45.0,0,90.0
70415,2026-02-10,Max,1,90.0,0,90.0
70416,2026-02-10,Plus,4,45.0,10,162.0
70417,2026-02-10,Plus,1,45.0,0,45.0
70418,2026-02-10,Max,4,90.0,10,324.0
70419,2026-02-10,Basic,4,20.0,10,72.0
70420,2026-02-10,Basic,1,20.0,5,19.0
70421,2026-02-10,Max,3,90.0,0,270.0
70422,2026-02-10,Plus,4,45.0,0,180.0
70423,2026-02-10,Basic,2,20.0,10,36.0
70424,2026-02-11,Plus,3,45.0,0,135.0
70425,2026-02-11,Max,3,90.0,0,270.0
70426,2026-02-11,Basic,2,20.0,5,38.0
70427,2026-02-11,Plus,4,45.0,0,180.0
70428,2026-02-11,Basic,3,20.0,5,57.0
70429,2026-02-11,Basic,4,20.0,0,80.0
70430,2026-02-11,Max,3,90.0,5,256.5
70431,2026-02-11,Plus,4,45.0,0,180.0
70432,2026-02-11,Max,2,90.0,5,171.0
70433,2026-02-11,Basic,4,20.0,0,80.0
70434,2026-02-11,Plus,4,45.0,0,180.0
70435,2026-02-11,Basic,3,20.0,5,57.0
70436,2026-02-12,Plus,4,45.0,0,180.0
70437,2026-02-12,Plus,1,45.0,5,42.75
70438,2026-02-12,Plus,3,45.0,5,128.25
70439,2026-02-12,Plus,4,45.0,5,171.0
70440,2026-02-12,Max,1,90.0,5,85.5
70441,2026-02-12,Max,1,90.0,0,90.0
70442,2026-02-12,Max,2,90.0,5,171.0
70443,2026-02-12,Basic,4,20.0,5,76.0
70444,2026-02-13,Plus,2,45.0,5,85.5
70445,2026-02-13,Max,2,90.0,5,171.0
70446,2026-02-13,Max,3,90.0,10,243.0
70447,2026-02-13,Max,2,90.0,5,171.0
70448,2026-02-13,Basic,1,20.0,0,20.0
70449,2026-02-13,Basic,2,20.0,0,40.0
70450,2026-02-13,Max,3,90.0,0,270.0
70451,2026-02-13,Basic,4,20.0,5,76.0
70452,2026-02-13,Plus,3,45.0,0,135.0
70453,2026-02-14,Basic,3,20.0,0,60.0
70454,2026-02-14,Max,1,90.0,5,85.5
70455,2026-02-14,Max,4,90.0,10,324.0
70456,2026-02-14,Max,3,90.0,10,243.0
70457,2026-02-14,Max,4,90.0,10,324.0
70458,2026-02-14,Plus,2,45.0,10,81.0
70459,2026-02-14,Max,1,90.0,0,90.0
70460,2026-02-14,Plus,2,45.0,10,81.0
70461,2026-02-15,Max,4,90.0,0,360.0
70462,2026-02-15,Max,1,90.0,5,85.5
70463,2026-02-15,Max,2,90.0,5,171.0
70464,2026-02-15,Plus,4,45.0,5,171.0
70465,2026-02-15,Max,3,90.0,10,243.0
70466,2026-02-15,Basic,1,20.0,5,19.0
70467,2026-02-15,Max,4,90.0,0,360.0
70468,2026-02-15,Max,4,90.0,5,342.0
70469,2026-02-15,Plus,1,45.0,5,42.75
70470,2026-02-16,Basic,4,20.0,5,76.0
70471,2026-02-16,Plus,4,45.0,0,180.0
70472,2026-02-16,Max,3,90.0,0,270.0
70473,2026-02-16,Plus,2,45.0,5,85.5
70474,2026-02-16,Basic,4,20.0,0,80.0
70475,2026-02-16,Plus,1,45.0,0,45.0
70476,2026-02-16,Plus,1,45.0,0,45.0
70477,2026-02-16,Max,2,90.0,5,171.0
70478,2026-02-16,Plus,3,45.0,0,135.0
70479,2026-02-16,Plus,4,45.0,5,171.0
70480,2026-02-16,Max,2,90.0,10,162.0
70481,2026-02-17,Basic,3,20.0,0,60.0
70482,2026-02-17,Plus,1,45.0,0,45.0
70483,2026-02-17,Plus,3,45.0,0,135.0
70484,2026-02-17,Basic,4,20.0,0,80.0
70485,2026-02-17,Max,4,90.0,5,342.0
70486,2026-02-17,Plus,2,45.0,5,85.5
70487,2026-02-17,Basic,3,20.0,0,60.0
70488,2026-02-17,Plus,2,45.0,10,81.0
70489,2026-02-17,Basic,1,20.0,10,18.0
70490,2026-02-17,Basic,2,20.0,0,40.0
70491,2026-02-18,Max,2,90.0,10,162.0
70492,2026-02-18,Basic,1,20.0,0,20.0
70493,2026-02-18,Max,4,90.0,10,324.0
70494,2026-02-18,Plus,2,45.0,0,90.0
70495,2026-02-18,Plus,2,45.0,10,81.0
70496,2026-02-18,Max,4,90.0,10,324.0
70497,2026-02-18,Max,2,90.0,0,180.0
70498,2026-02-18,Max,3,90.0,5,256.5
70499,2026-02-19,Plus,2,45.0,5,85.5
70500,2026-02-19,Basic,1,20.0,0,20.0
70501,2026-02-19,Plus,1,45.0,10,40.5
70502,2026-02-19,Plus,2,45.0,10,81.0
70503,2026-02-19,Basic,4,20.0,10,72.0
70504,2026-02-19,Max,2,90.0,5,171.0
70505,2026-02-19,Plus,4,45.0,5,171.0
70506,2026-02-19,Max,1,90.0,5,85.5
70507,2026-02-20,Max,4,90.0,0,360.0
70508,2026-02-20,Plus,1,45.0,0,45.0
70509,2026-02-20,Max,2,90.0,5,171.0
70510,2026-02-20,Plus,3,45.0,0,135.0
70511,2026-02-20,Max,1,90.0,0,90.0
70512,2026-02-20,Plus,3,45.0,10,121.5
70513,2026-02-20,Plus,4,45.0,0,180.0
70514,2026-02-20,Basic,3,20.0,0,60.0
70515,2026-02-20,Max,4,90.0,10,324.0
70516,2026-02-21,Basic,2,20.0,5,38.0
70517,2026-02-21,Max,3,90.0,0,270.0
70518,2026-02-21,Basic,4,20.0,0,80.0
70519,2026-02-21,Plus,2,45.0,0,90.0
70520,2026-02-21,Basic,3,20.0,5,57.0
70521,2026-02-21,Plus,3,45.0,0,135.0
70522,2026-02-21,Max,3,90.0,5,256.5
70523,2026-02-21,Max,1,90.0,10,81.0
70524,2026-02-21,Plus,4,45.0,10,162.0
70525,2026-02-21,Max,1,90.0,10,81.0
70526,2026-02-21,Plus,4,45.0,0,180.0
70527,2026-02-22,Max,3,90.0,10,243.0
70528,2026-02-22,Max,2,90.0,5,171.0
70529,2026-02-22,Max,4,90.0,0,360.0
70530,2026-02-22,Max,3,90.0,10,243.0
70531,2026-02-22,Basic,1,20.0,10,18.0
70532,2026-02-22,Max,1,90.0,5,85.5
70533,2026-02-22,Basic,4,20.0,0,80.0
70534,2026-02-22,Plus,1,45.0,5,42.75
70535,2026-02-22,Plus,3,45.0,10,121.5
70536,2026-02-22,Basic,1,20.0,10,18.0
70537,2026-02-22,Max,3,90.0,0,270.0
70538,2026-02-22,Basic,1,20.0,0,20.0
70539,2026-02-23,Plus,4,45.0,5,171.0
70540,2026-02-23,Plus,3,45.0,10,121.5
70541,2026-02-23,Max,1,90.0,0,90.0
70542,2026-02-23,Basic,3,20.0,0,60.0
70543,2026-02-23,Plus,2,45.0,10,81.0
70544,2026-02-23,Basic,3,20.0,10,54.0
70545,2026-02-23,Max,1,90.0,0,90.0
70546,2026-02-23,Plus,4,45.0,5,171.0
70547,2026-02-23,Max,1,90.0,0,90.0
70548,2026-02-24,Basic,2,20.0,5,38.0
70549,2026-02-24,Basic,2,20.0,0,40.0
70550,2026-02-24,Basic,1,20.0,0,20.0
70551,2026-02-24,Basic,1,20.0,0,20.0
70552,2026-02-24,Basic,3,20.0,0,60.0
70553,2026-02-24,Basic,2,20.0,0,40.0
70554,2026-02-24,Max,3,90.0,5,256.5
70555,2026-02-24,Plus,2,45.0,0,90.0
70556,2026-02-24,Basic,3,20.0,0,60.0
70557,2026-02-24,Plus,4,45.0,0,180.0
70558,2026-02-24,Max,1,90.0,0,90.0
70559,2026-02-25,Basic,3,20.0,5,57.0
70560,2026-02-25,Basic,1,20.0,10,18.0
70561,2026-02-25,Max,3,90.0,10,243.0
70562,2026-02-25,Plus,3,45.0,0,135.0
70563,2026-02-25,Basic,3,20.0,10,54.0
70564,2026-02-25,Basic,4,20.0,10,72.0
70565,2026-02-25,Max,1,90.0,5,85.5
70566,2026-02-25,Basic,4,20.0,0,80.0
70567,2026-02-25,Basic,4,20.0,5,76.0
70568,2026-02-26,Max,2,90.0,10,162.0
70569,2026-02-26,Plus,1,45.0,5,42.75
70570,2026-02-26,Basic,2,20.0,5,38.0
70571,2026-02-26,Plus,4,45.0,0,180.0
70572,2026-02-26,Max,2,90.0,0,180.0
70573,2026-02-26,Plus,2,45.0,0,90.0
70574,2026-02-26,Basic,3,20.0,0,60.0
70575,2026-02-26,Max,1,90.0,0,90.0
70576,2026-02-26,Basic,3,20.0,0,60.0
70577,2026-02-27,Plus,1,45.0,10,40.5
70578,2026-02-27,Plus,3,45.0,0,135.0
70579,2026-02-27,Max,3,90.0,0,270.0
70580,2026-02-27,Plus,3,45.0,0,135.0
70581,2026-02-27,Plus,4,45.0,0,180.0
70582,2026-02-27,Plus,3,45.0,0,135.0
70583,2026-02-27,Plus,1,45.0,10,40.5
70584,2026-02-27,Basic,1,20.0,10,18.0
70585,2026-02-27,Basic,2,20.0,5,38.0
70586,2026-02-27,Max,4,90.0,10,324.0
70587,2026-02-27,Plus,3,45.0,5,128.25
70588,2026-02-28,Max,3,90.0,5,256.5
70589,2026-02-28,Basic,4,20.0,5,76.0
70590,2026-02-28,Plus,4,45.0,10,162.0
70591,2026-02-28,Basic,3,20.0,5,57.0
70592,2026-02-28,Plus,4,45.0,10,162.0
70593,2026-02-28,Basic,4,20.0,0,80.0
70594,2026-02-28,Basic,2,20.0,5,38.0
70595,2026-02-28,Basic,4,20.0,10,72.0
70596,2026-03-01,Max,3,90.0,10,243.0
70597,2026-03-01,Max,3,90.0,5,256.5
70598,2026-03-01,Plus,3,45.0,10,121.5
70599,2026-03-01,Plus,2,45.0,10,81.0
70600,2026-03-01,Max,3,90.0,0,270.0
70601,2026-03-01,Max,2,90.0,0,180.0
70602,2026-03-01,Plus,3,45.0,0,135.0
70603,2026-03-01,Basic,3,20.0,10,54.0
70604,2026-03-01,Plus,4,45.0,0,180.0
70605,2026-03-01,Max,3,90.0,10,243.0
70606,2026-03-01,Max,1,90.0,0,90.0
70607,2026-03-01,Plus,2,45.0,10,81.0
70608,2026-03-02,Basic,2,20.0,0,40.0
70609,2026-03-02,Basic,1,20.0,5,19.0
70610,2026-03-02,Basic,3,20.0,0,60.0
70611,2026-03-02,Basic,4,20.0,5,76.0
70612,2026-03-02,Max,3,90.0,0,270.0
70613,2026-03-02,Plus,4,45.0,0,180.0
70614,2026-03-02,Max,2,90.0,10,162.0
70615,2026-03-02,Plus,3,45.0,10,121.5
70616,2026-03-02,Max,2,90.0,0,180.0
70617,2026-03-02,Max,1,90.0,5,85.5
70618,2026-03-02,Basic,3,20.0,5,57.0
70619,2026-03-02,Plus,1,45.0,10,40.5
70620,2026-03-03,Plus,2,45.0,10,81.0
70621,2026-03-03,Max,4,90.0,5,342.0
70622,2026-03-03,Max,4,90.0,0,360.0
70623,2026-03-03,Basic,4,20.0,0,80.0
70624,2026-03-03,Max,1,90.0,10,81.0
70625,2026-03-03,Plus,4,45.0,10,162.0
70626,2026-03-03,Max,3,90.0,0,270.0
70627,2026-03-03,Max,4,90.0,5,342.0
70628,2026-03-03,Plus,4,45.0,0,180.0
70629,2026-03-04,Basic,1,20.0,5,19.0
70630,2026-03-04,Plus,3,45.0,5,128.25
70631,2026-03-04,Basic,1,20.0,0,20.0
70632,2026-03-04,Plus,4,45.0,5,171.0
70633,2026-03-04,Basic,3,20.0,0,60.0
70634,2026-03-04,Basic,2,20.0,5,38.0
70635,2026-03-04,Max,1,90.0,0,90.0
70636,2026-03-04,Basic,1,20.0,0,20.0
70637,2026-03-04,Max,1,90.0,0,90.0
70638,2026-03-04,Basic,4,20.0,0,80.0
70639,2026-03-04,Max,1,90.0,0,90.0
70640,2026-03-05,Basic,4,20.0,0,80.0
70641,2026-03-05,Basic,3,20.0,0,60.0
70642,2026-03-05,Plus,2,45.0,0,90.0
70643,2026-03-05,Plus,2,45.0,0,90.0
70644,2026-03-05,Plus,2,45.0,5,85.5
70645,2026-03-05,Basic,4,20.0,0,80.0
70646,2026-03-05,Plus,2,45.0,10,81.0
70647,2026-03-05,Plus,4,45.0,10,162.0
70648,2026-03-06,Plus,3,45.0,0,135.0
70649,2026-03-06,Max,3,90.0,5,256.5
70650,2026-03-06,Basic,4,20.0,0,80.0
70651,2026-03-06,Plus,3,45.0,0,135.0
70652,2026-03-06,Max,3,90.0,0,270.0
70653,2026-03-06,Max,4,90.0,5,342.0
70654,2026-03-06,Max,3,90.0,10,243.0
70655,2026-03-06,Max,1,90.0,5,85.5
70656,2026-03-06,Plus,3,45.0,10,121.5
70657,2026-03-07,Basic,2,20.0,10,36.0
70658,2026-03-07,Max,4,90.0,5,342.0
70659,2026-03-07,Plus,1,45.0,0,45.0
70660,2026-03-07,Basic,4,20.0,0,80.0
70661,2026-03-07,Max,2,90.0,5,171.0
70662,2026-03-07,Plus,4,45.0,0,180.0
70663,2026-03-07,Basic,2,20.0,5,38.0
70664,2026-03-07,Plus,2,45.0,10,81.0
70665,2026-03-07,Plus,2,45.0,5,85.5
70666,2026-03-07,Plus,4,45.0,0,180.0
70667,2026-03-08,Basic,4,20.0,5,76.0
70668,2026-03-08,Max,2,90.0,10,162.0
70669,2026-03-08,Basic,4,20.0,0,80.0
70670,2026-03-08,Basic,4,20.0,0,80.0
70671,2026-03-08,Max,1,90.0,0,90.0
70672,2026-03-08,Max,2,90.0,0,180.0
70673,2026-03-08,Basic,2,20.0,5,38.0
70674,2026-03-08,Max,3,90.0,0,270.0
70675,2026-03-08,Basic,3,20.0,0,60.0
70676,2026-03-08,Plus,2,45.0,0,90.0
70677,2026-03-09,Max,1,90.0,5,85.5
70678,2026-03-09,Max,3,90.0,0,270.0
70679,2026-03-09,Plus,1,45.0,10,40.5
70680,2026-03-09,Basic,1,20.0,5,19.0
70681,2026-03-09,Basic,4,20.0,0,80.0
70682,2026-03-09,Max,3,90.0,0,270.0
70683,2026-03-09,Max,2,90.0,5,171.0
70684,2026-03-09,Basic,1,20.0,5,19.0
70685,2026-03-09,Max,2,90.0,10,162.0
70686,2026-03-09,Basic,3,20.0,0,60.0
70687,2026-03-09,Basic,1,20.0,0,20.0
70688,2026-03-09,Basic,2,20.0,0,40.0
70689,2026-03-10,Max,1,90.0,10,81.0
70690,2026-03-10,Max,4,90.0,10,324.0
70691,2026-03-10,Max,1,90.0,5,85.5
70692,2026-03-10,Plus,2,45.0,0,90.0
70693,2026-03-10,Max,4,90.0,5,342.0
70694,2026-03-10,Plus,4,45.0,0,180.0
70695,2026-03-10,Basic,1,20.0,0,20.0
70696,2026-03-10,Basic,2,20.0,10,36.0
70697,2026-03-11,Max,2,90.0,5,171.0
70698,2026-03-11,Max,3,90.0,0,270.0
70699,2026-03-11,Max,1,90.0,5,85.5
70700,2026-03-11,Basic,3,20.0,0,60.0
70701,2026-03-11,Max,1,90.0,0,90.0
70702,2026-03-11,Max,4,90.0,0,360.0
70703,2026-03-11,Max,4,90.0,0,360.0
70704,2026-03-11,Max,4,90.0,5,342.0
70705,2026-03-11,Plus,2,45.0,10,81.0
70706,2026-03-11,Basic,4,20.0,10,72.0
70707,2026-03-12,Basic,4,20.0,0,80.0
70708,2026-03-12,Max,3,90.0,0,270.0
70709,2026-03-12,Max,3,90.0,10,243.0
70710,2026-03-12,Basic,2,20.0,0,40.0
70711,2026-03-12,Plus,1,45.0,10,40.5
70712,2026-03-12,Plus,2,45.0,0,90.0
70713,2026-03-12,Max,4,90.0,0,360.0
70714,2026-03-12,Basic,2,20.0,5,38.0
70715,2026-03-12,Plus,2,45.0,10,81.0
70716,2026-03-12,Plus,1,45.0,0,45.0
70717,2026-03-13,Max,2,90.0,5,171.0
70718,2026-03-13,Max,3,90.0,5,256.5
70719,2026-03-13,Plus,3,45.0,0,135.0
70720,2026-03-13,Plus,1,45.0,10,40.5
70721,2026-03-13,Max,4,90.0,0,360.0
70722,2026-03-13,Max,1,90.0,5,85.5
70723,2026-03-13,Max,2,90.0,10,162.0
70724,2026-03-13,Basic,2,20.0,5,38.0
70725,2026-03-13,Plus,4,45.0,0,180.0
70726,2026-03-14,Max,1,90.0,10,81.0
70727,2026-03-14,Basic,3,20.0,10,54.0
70728,2026-03-14,Basic,1,20.0,5,19.0
70729,2026-03-14,Basic,4,20.0,5,76.0
70730,2026-03-14,Basic,2,20.0,5,38.0
70731,2026-03-14,Plus,1,45.0,0,45.0
70732,2026-03-14,Basic,3,20.0,10,54.0
70733,2026-03-14,Max,2,90.0,0,180.0
70734,2026-03-14,Plus,1,45.0,5,42.75
70735,2026-03-15,Basic,3,20.0,0,60.0
70736,2026-03-15,Max,2,90.0,0,180.0
70737,2026-03-15,Plus,2,45.0,10,81.0
70738,2026-03-15,Basic,3,20.0,0,60.0
70739,2026-03-15,Max,3,90.0,0,270.0
70740,2026-03-15,Basic,2,20.0,5,38.0
70741,2026-03-15,Plus,1,45.0,0,45.0
70742,2026-03-15,Basic,4,20.0,0,80.0
70743,2026-03-15,Plus,3,45.0,0,135.0
70744,2026-03-15,Basic,4,20.0,10,72.0
70745,2026-03-16,Plus,2,45.0,0,90.0
70746,2026-03-16,Basic,3,20.0,10,54.0
70747,2026-03-16,Basic,3,20.0,0,60.0
70748,2026-03-16,Basic,4,20.0,0,80.0
70749,2026-03-16,Max,3,90.0,0,270.0
70750,2026-03-16,Plus,1,45.0,10,40.5
70751,2026-03-16,Max,3,90.0,10,243.0
70752,2026-03-16,Max,3,90.0,0,270.0
70753,2026-03-16,Basic,2,20.0,5,38.0
70754,2026-03-16,Plus,3,45.0,5,128.25
70755,2026-03-16,Max,2,90.0,0,180.0
70756,2026-03-17,Plus,3,45.0,0,135.0
70757,2026-03-17,Plus,3,45.0,0,135.0
70758,2026-03-17,Basic,2,20.0,0,40.0
70759,2026-03-17,Max,3,90.0,5,256.5
70760,2026-03-17,Max,3,90.0,0,270.0
70761,2026-03-17,Plus,4,45.0,0,180.0
70762,2026-03-17,Max,4,90.0,0,360.0
70763,2026-03-17,Basic,1,20.0,0,20.0
70764,2026-03-18,Max,1,90.0,10,81.0
70765,2026-03-18,Plus,3,45.0,0,135.0
70766,2026-03-18,Plus,4,45.0,10,162.0
70767,2026-03-18,Basic,3,20.0,0,60.0
70768,2026-03-18,Basic,3,20.0,10,54.0
70769,2026-03-18,Plus,1,45.0,5,42.75
70770,2026-03-18,Basic,4,20.0,0,80.0
70771,2026-03-18,Plus,2,45.0,5,85.5
70772,2026-03-18,Basic,3,20.0,5,57.0
70773,2026-03-18,Plus,3,45.0,5,128.25
70774,2026-03-18,Plus,3,45.0,10,121.5
70775,2026-03-18,Basic,4,20.0,0,80.0
70776,2026-03-19,Max,4,90.0,5,342.0
70777,2026-03-19,Basic,1,20.0,10,18.0
70778,2026-03-19,Plus,2,45.0,0,90.0
70779,2026-03-19,Plus,3,45.0,0,135.0
70780,2026-03-19,Max,2,90.0,5,171.0
70781,2026-03-19,Plus,1,45.0,0,45.0
70782,2026-03-19,Max,2,90.0,5,171.0
70783,2026-03-19,Basic,2,20.0,5,38.0
70784,2026-03-19,Max,2,90.0,0,180.0
70785,2026-03-19,Plus,4,45.0,0,180.0
70786,2026-03-20,Basic,2,20.0,0,40.0
70787,2026-03-20,Plus,1,45.0,0,45.0
70788,2026-03-20,Max,3,90.0,0,270.0
70789,2026-03-20,Basic,4,20.0,0,80.0
70790,2026-03-20,Max,2,90.0,10,162.0
70791,2026-03-20,Basic,1,20.0,5,19.0
70792,2026-03-20,Max,4,90.0,5,342.0
70793,2026-03-20,Max,3,90.0,5,256.5
70794,2026-03-20,Max,4,90.0,0,360.0
70795,2026-03-20,Basic,4,20.0,0,80.0
70796,2026-03-21,Max,3,90.0,10,243.0
70797,2026-03-21,Plus,4,45.0,5,171.0
70798,2026-03-21,Plus,2,45.0,10,81.0
70799,2026-03-21,Plus,2,45.0,0,90.0
70800,2026-03-21,Max,3,90.0,10,243.0
70801,2026-03-21,Basic,1,20.0,5,19.0
70802,2026-03-21,Basic,1,20.0,10,18.0
70803,2026-03-21,Basic,1,20.0,5,19.0
70804,2026-03-21,Plus,1,45.0,5,42.75
70805,2026-03-21,Basic,1,20.0,0,20.0
70806,2026-03-22,Max,1,90.0,0,90.0
70807,2026-03-22,Max,4,90.0,0,360.0
70808,2026-03-22,Basic,3,20.0,10,54.0
70809,2026-03-22,Basic,2,20.0,5,38.0
70810,2026-03-22,Max,2,90.0,10,162.0
70811,2026-03-22,Basic,1,20.0,10,18.0
70812,2026-03-22,Max,3,90.0,5,256.5
70813,2026-03-22,Basic,2,20.0,0,40.0
70814,2026-03-22,Plus,3,45.0,5,128.25
70815,2026-03-22,Plus,4,45.0,0,180.0
70816,2026-03-22,Basic,1,20.0,0,20.0
70817,2026-03-23,Plus,2,45.0,10,81.0
70818,2026-03-23,Plus,1,45.0,5,42.75
70819,2026-03-23,Max,3,90.0,5,256.5
70820,2026-03-23,Plus,4,45.0,0,180.0
70821,2026-03-23,Basic,2,20.0,10,36.0
70822,2026-03-23,Plus,3,45.0,0,135.0
70823,2026-03-23,Max,2,90.0,10,162.0
70824,2026-03-23,Plus,3,45.0,0,135.0
70825,2026-03-23,Plus,1,45.0,0,45.0
70826,2026-03-24,Max,2,90.0,0,180.0
70827,2026-03-24,Max,1,90.0,0,90.0
70828,2026-03-24,Plus,3,45.0,0,135.0
70829,2026-03-24,Plus,1,45.0,0,45.0
70830,2026-03-24,Plus,1,45.0,5,42.75
70831,2026-03-24,Max,1,90.0,0,90.0
70832,2026-03-24,Basic,1,20.0,10,18.0
70833,2026-03-24,Basic,4,20.0,5,76.0
70834,2026-03-24,Plus,1,45.0,0,45.0
70835,2026-03-24,Basic,4,20.0,0,80.0
70836,2026-03-24,Basic,3,20.0,0,60.0
70837,2026-03-24,Max,4,90.0,5,342.0
70838,2026-03-25,Basic,4,20.0,0,80.0
70839,2026-03-25,Max,1,90.0,5,85.5
70840,2026-03-25,Basic,1,20.0,10,18.0
70841,2026-03-25,Max,3,90.0,10,243.0
70842,2026-03-25,Plus,3,45.0,10,121.5
70843,2026-03-25,Plus,2,45.0,5,85.5
70844,2026-03-25,Plus,1,45.0,10,40.5
70845,2026-03-25,Max,4,90.0,10,324.0
70846,2026-03-25,Basic,4,20.0,0,80.0
70847,2026-03-26,Basic,1,20.0,0,20.0
70848,2026-03-26,Basic,4,20.0,0,80.0
70849,2026-03-26,Basic,1,20.0,0,20.0
70850,2026-03-26,Max,4,90.0,0,360.0
70851,2026-03-26,Basic,4,20.0,0,80.0
70852,2026-03-26,Basic,4,20.0,5,76.0
70853,2026-03-26,Plus,2,45.0,0,90.0
70854,2026-03-26,Max,1,90.0,0,90.0
70855,2026-03-26,Plus,2,45.0,5,85.5
70856,2026-03-26,Max,4,90.0,0,360.0
70857,2026-03-26,Plus,2,45.0,0,90.0
70858,2026-03-27,Max,3,90.0,0,270.0
70859,2026-03-27,Plus,2,45.0,0,90.0
70860,2026-03-27,Basic,1,20.0,0,20.0
70861,2026-03-27,Max,4,90.0,0,360.0
70862,2026-03-27,Plus,2,45.0,0,90.0
70863,2026-03-27,Basic,3,20.0,5,57.0
70864,2026-03-27,Max,2,90.0,5,171.0
70865,2026-03-27,Basic,2,20.0,5,38.0
70866,2026-03-27,Basic,3,20.0,10,54.0
70867,2026-03-27,Plus,2,45.0,5,85.5
70868,2026-03-27,Plus,3,45.0,0,135.0
70869,2026-03-28,Basic,2,20.0,0,40.0
70870,2026-03-28,Plus,3,45.0,0,135.0
70871,2026-03-28,Plus,1,45.0,0,45.0
70872,2026-03-28,Max,1,90.0,10,81.0
70873,2026-03-28,Basic,1,20.0,0,20.0
70874,2026-03-28,Max,1,90.0,0,90.0
70875,2026-03-28,Basic,1,20.0,0,20.0
70876,2026-03-28,Max,3,90.0,0,270.0
70877,2026-03-28,Basic,3,20.0,0,60.0
70878,2026-03-29,Plus,2,45.0,10,81.0
70879,2026-03-29,Plus,2,45.0,10,81.0
70880,2026-03-29,Plus,4,45.0,0,180.0
70881,2026-03-29,Basic,4,20.0,5,76.0
70882,2026-03-29,Basic,3,20.0,0,60.0
70883,2026-03-29,Plus,4,45.0,0,180.0
70884,2026-03-29,Basic,3,20.0,0,60.0
70885,2026-03-29,Max,2,90.0,10,162.0
70886,2026-03-29,Basic,3,20.0,0,60.0
70887,2026-03-29,Basic,1,20.0,5,19.0
70888,2026-03-29,Plus,2,45.0,10,81.0
70889,2026-03-29,Max,1,90.0,10,81.0
70890,2026-03-30,Max,1,90.0,5,85.5
70891,2026-03-30,Max,3,90.0,10,243.0
70892,2026-03-30,Max,2,90.0,0,180.0
70893,2026-03-30,Basic,3,20.0,5,57.0
70894,2026-03-30,Plus,1,45.0,10,40.5
70895,2026-03-30,Max,1,90.0,5,85.5
70896,2026-03-30,Max,2,90.0,5,171.0
70897,2026-03-30,Plus,1,45.0,10,40.5
70898,2026-03-31,Plus,1,45.0,0,45.0
70899,2026-03-31,Plus,3,45.0,0,135.0
70900,2026-03-31,Max,4,90.0,0,360.0
70901,2026-03-31,Basic,1,20.0,5,19.0
70902,2026-03-31,Max,4,90.0,0,360.0
70903,2026-03-31,Plus,2,45.0,5,85.5
70904,2026-03-31,Basic,1,20.0,10,18.0
70905,2026-03-31,Basic,1,20.0,0,20.0
70906,2026-03-31,Plus,4,45.0,0,180.0
70907,2026-03-31,Max,3,90.0,0,270.0
70908,2026-04-01,Basic,1,20.0,20,16.0
70909,2026-04-01,Basic,1,20.0,20,16.0
70910,2026-04-01,Plus,4,45.0,20,144.0
70911,2026-04-01,Max,1,90.0,25,67.5
70912,2026-04-01,Plus,1,45.0,20,36.0
70913,2026-04-01,Plus,3,45.0,10,121.5
70914,2026-04-01,Max,1,90.0,25,67.5
70915,2026-04-01,Plus,2,45.0,15,76.5
70916,2026-04-01,Plus,1,45.0,15,38.25
70917,2026-04-02,Plus,3,45.0,10,121.5
70918,2026-04-02,Plus,3,45.0,20,108.0
70919,2026-04-02,Max,4,90.0,15,306.0
70920,2026-04-02,Plus,4,45.0,10,162.0
70921,2026-04-02,Plus,4,45.0,15,153.0
70922,2026-04-02,Max,3,90.0,20,216.0
70923,2026-04-02,Max,1,90.0,15,76.5
70924,2026-04-02,Basic,1,20.0,10,18.0
70925,2026-04-02,Basic,1,20.0,20,16.0
70926,2026-04-02,Basic,1,20.0,20,16.0
70927,2026-04-03,Max,1,90.0,15,76.5
70928,2026-04-03,Plus,3,45.0,10,121.5
70929,2026-04-03,Basic,1,20.0,20,16.0
70930,2026-04-03,Plus,3,45.0,15,114.75
70931,2026-04-03,Basic,4,20.0,20,64.0
70932,2026-04-03,Max,1,90.0,10,81.0
70933,2026-04-03,Plus,2,45.0,20,72.0
70934,2026-04-03,Max,4,90.0,20,288.0
70935,2026-04-03,Basic,3,20.0,20,48.0
70936,2026-04-03,Plus,4,45.0,15,153.0
70937,2026-04-03,Plus,4,45.0,10,162.0
70938,2026-04-04,Basic,4,20.0,20,64.0
70939,2026-04-04,Plus,4,45.0,10,162.0
70940,2026-04-04,Plus,4,45.0,20,144.0
70941,2026-04-04,Max,3,90.0,15,229.5
70942,2026-04-04,Basic,2,20.0,20,32.0
70943,2026-04-04,Plus,1,45.0,25,33.75
70944,2026-04-04,Max,4,90.0,20,288.0
70945,2026-04-04,Basic,1,20.0,10,18.0
70946,2026-04-04,Max,2,90.0,15,153.0
70947,2026-04-05,Plus,4,45.0,15,153.0
70948,2026-04-05,Plus,3,45.0,25,101.25
70949,2026-04-05,Plus,1,45.0,25,33.75
70950,2026-04-05,Plus,3,45.0,15,114.75
70951,2026-04-05,Max,1,90.0,10,81.0
70952,2026-04-05,Basic,3,20.0,15,51.0
70953,2026-04-05,Plus,4,45.0,15,153.0
70954,2026-04-05,Basic,3,20.0,10,54.0
70955,2026-04-05,Max,1,90.0,20,72.0
70956,2026-04-05,Plus,3,45.0,20,108.0
70957,2026-04-06,Basic,3,20.0,15,51.0
70958,2026-04-06,Basic,3,20.0,25,45.0
70959,2026-04-06,Plus,4,45.0,20,144.0
70960,2026-04-06,Plus,2,45.0,10,81.0
70961,2026-04-06,Plus,4,45.0,10,162.0
70962,2026-04-06,Basic,3,20.0,10,54.0
70963,2026-04-06,Plus,2,45.0,10,81.0
70964,2026-04-06,Basic,3,20.0,10,54.0
70965,2026-04-06,Plus,2,45.0,25,67.5
70966,2026-04-06,Plus,4,45.0,25,135.0
70967,2026-04-06,Max,3,90.0,15,229.5
70968,2026-04-07,Plus,3,45.0,15,114.75
70969,2026-04-07,Max,3,90.0,20,216.0
70970,2026-04-07,Plus,4,45.0,25,135.0
70971,2026-04-07,Basic,4,20.0,20,64.0
70972,2026-04-07,Basic,1,20.0,10,18.0
70973,2026-04-07,Plus,4,45.0,15,153.0
70974,2026-04-07,Max,3,90.0,15,229.5
70975,2026-04-07,Plus,1,45.0,25,33.75
70976,2026-04-07,Basic,3,20.0,10,54.0
70977,2026-04-07,Plus,4,45.0,15,153.0
70978,2026-04-07,Max,1,90.0,10,81.0
70979,2026-04-08,Max,4,90.0,25,270.0
70980,2026-04-08,Max,2,90.0,20,144.0
70981,2026-04-08,Basic,2,20.0,15,34.0
70982,2026-04-08,Plus,1,45.0,10,40.5
70983,2026-04-08,Basic,3,20.0,20,48.0
70984,2026-04-08,Plus,3,45.0,25,101.25
70985,2026-04-08,Basic,1,20.0,25,15.0
70986,2026-04-08,Max,3,90.0,20,216.0
70987,2026-04-08,Max,4,90.0,15,306.0
70988,2026-04-08,Max,3,90.0,10,243.0
70989,2026-04-08,Plus,4,45.0,10,162.0
70990,2026-04-08,Plus,2,45.0,15,76.5
70991,2026-04-09,Max,2,90.0,20,144.0
70992,2026-04-09,Max,3,90.0,25,202.5
70993,2026-04-09,Max,2,90.0,10,162.0
70994,2026-04-09,Max,4,90.0,20,288.0
70995,2026-04-09,Max,4,90.0,10,324.0
70996,2026-04-09,Plus,1,45.0,10,40.5
70997,2026-04-09,Plus,2,45.0,10,81.0
70998,2026-04-09,Plus,3,45.0,20,108.0
70999,2026-04-10,Basic,1,20.0,20,16.0
71000,2026-04-10,Basic,1,20.0,20,16.0
71001,2026-04-10,Basic,4,20.0,10,72.0
71002,2026-04-10,Plus,4,45.0,10,162.0
71003,2026-04-10,Basic,1,20.0,10,18.0
71004,2026-04-10,Max,3,90.0,25,202.5
71005,2026-04-10,Basic,4,20.0,10,72.0
71006,2026-04-10,Basic,2,20.0,25,30.0
71007,2026-04-10,Basic,4,20.0,25,60.0
71008,2026-04-11,Plus,1,45.0,20,36.0
71009,2026-04-11,Basic,4,20.0,15,68.0
71010,2026-04-11,Basic,2,20.0,15,34.0
71011,2026-04-11,Basic,4,20.0,15,68.0
71012,2026-04-11,Basic,2,20.0,10,36.0
71013,2026-04-11,Max,2,90.0,10,162.0
71014,2026-04-11,Plus,3,45.0,25,101.25
71015,2026-04-11,Max,2,90.0,10,162.0
71016,2026-04-12,Max,1,90.0,25,67.5
71017,2026-04-12,Plus,1,45.0,10,40.5
71018,2026-04-12,Plus,2,45.0,25,67.5
71019,2026-04-12,Max,3,90.0,20,216.0
71020,2026-04-12,Max,4,90.0,10,324.0
71021,2026-04-12,Plus,2,45.0,15,76.5
71022,2026-04-12,Max,1,90.0,15,76.5
71023,2026-04-12,Plus,1,45.0,20,36.0
71024,2026-04-12,Basic,4,20.0,20,64.0
71025,2026-04-13,Basic,3,20.0,10,54.0
71026,2026-04-13,Max,1,90.0,10,81.0
71027,2026-04-13,Basic,2,20.0,20,32.0
71028,2026-04-13,Plus,4,45.0,10,162.0
71029,2026-04-13,Plus,2,45.0,25,67.5
71030,2026-04-13,Max,3,90.0,10,243.0
71031,2026-04-13,Max,3,90.0,10,243.0
71032,2026-04-13,Plus,1,45.0,10,40.5
71033,2026-04-13,Plus,2,45.0,25,67.5
71034,2026-04-13,Plus,4,45.0,10,162.0
71035,2026-04-14,Plus,3,45.0,15,114.75
71036,2026-04-14,Plus,1,45.0,20,36.0
71037,2026-04-14,Plus,2,45.0,10,81.0
71038,2026-04-14,Basic,3,20.0,10,54.0
71039,2026-04-14,Basic,4,20.0,25,60.0
71040,2026-04-14,Plus,4,45.0,25,135.0
71041,2026-04-14,Max,4,90.0,25,270.0
71042,2026-04-14,Max,1,90.0,20,72.0
71043,2026-04-15,Plus,1,45.0,25,33.75
71044,2026-04-15,Plus,2,45.0,10,81.0
71045,2026-04-15,Plus,2,45.0,15,76.5
71046,2026-04-15,Max,2,90.0,10,162.0
71047,2026-04-15,Max,1,90.0,10,81.0
71048,2026-04-15,Max,1,90.0,20,72.0
71049,2026-04-15,Basic,3,20.0,15,51.0
71050,2026-04-15,Basic,2,20.0,10,36.0
71051,2026-04-15,Basic,3,20.0,25,45.0
71052,2026-04-15,Basic,4,20.0,15,68.0
71053,2026-04-16,Plus,3,45.0,25,101.25
71054,2026-04-16,Max,1,90.0,25,67.5
71055,2026-04-16,Basic,3,20.0,15,51.0
71056,2026-04-16,Basic,4,20.0,15,68.0
71057,2026-04-16,Plus,1,45.0,10,40.5
71058,2026-04-16,Basic,2,20.0,20,32.0
71059,2026-04-16,Basic,4,20.0,25,60.0
71060,2026-04-16,Max,4,90.0,20,288.0
71061,2026-04-16,Max,2,90.0,20,144.0
71062,2026-04-16,Max,4,90.0,20,288.0
71063,2026-04-16,Plus,3,45.0,15,114.75
71064,2026-04-17,Max,1,90.0,25,67.5
71065,2026-04-17,Basic,4,20.0,20,64.0
71066,2026-04-17,Basic,4,20.0,15,68.0
71067,2026-04-17,Max,1,90.0,15,76.5
71068,2026-04-17,Plus,4,45.0,20,144.0
71069,2026-04-17,Max,2,90.0,10,162.0
71070,2026-04-17,Basic,1,20.0,15,17.0
71071,2026-04-17,Basic,2,20.0,10,36.0
71072,2026-04-17,Max,3,90.0,20,216.0
71073,2026-04-17,Plus,4,45.0,25,135.0
71074,2026-04-17,Basic,3,20.0,25,45.0
71075,2026-04-17,Basic,3,20.0,20,48.0
71076,2026-04-18,Plus,4,45.0,10,162.0
71077,2026-04-18,Plus,4,45.0,10,162.0
71078,2026-04-18,Max,2,90.0,20,144.0
71079,2026-04-18,Basic,3,20.0,15,51.0
71080,2026-04-18,Plus,3,45.0,20,108.0
71081,2026-04-18,Max,1,90.0,20,72.0
71082,2026-04-18,Max,3,90.0,15,229.5
71083,2026-04-18,Plus,2,45.0,15,76.5
71084,2026-04-19,Basic,3,20.0,10,54.0
71085,2026-04-19,Plus,2,45.0,25,67.5
71086,2026-04-19,Basic,1,20.0,25,15.0
71087,2026-04-19,Basic,3,20.0,25,45.0
71088,2026-04-19,Basic,1,20.0,20,16.0
71089,2026-04-19,Max,1,90.0,10,81.0
71090,2026-04-19,Max,1,90.0,20,72.0
71091,2026-04-19,Plus,3,45.0,20,108.0
71092,2026-04-19,Plus,3,45.0,15,114.75
71093,2026-04-20,Basic,1,20.0,10,18.0
71094,2026-04-20,Max,1,90.0,25,67.5
71095,2026-04-20,Max,1,90.0,10,81.0
71096,2026-04-20,Plus,1,45.0,25,33.75
71097,2026-04-20,Plus,4,45.0,25,135.0
71098,2026-04-20,Plus,3,45.0,15,114.75
71099,2026-04-20,Max,4,90.0,25,270.0
71100,2026-04-20,Basic,2,20.0,20,32.0
71101,2026-04-20,Max,2,90.0,15,153.0
71102,2026-04-21,Basic,2,20.0,20,32.0
71103,2026-04-21,Max,1,90.0,20,72.0
71104,2026-04-21,Max,1,90.0,20,72.0
71105,2026-04-21,Max,3,90.0,20,216.0
71106,2026-04-21,Max,3,90.0,25,202.5
71107,2026-04-21,Max,4,90.0,10,324.0
71108,2026-04-21,Max,3,90.0,10,243.0
71109,2026-04-21,Max,2,90.0,15,153.0
71110,2026-04-21,Plus,3,45.0,25,101.25
71111,2026-04-21,Max,2,90.0,25,135.0
71112,2026-04-21,Plus,4,45.0,25,135.0
71113,2026-04-21,Max,4,90.0,25,270.0
71114,2026-04-22,Max,4,90.0,10,324.0
71115,2026-04-22,Max,4,90.0,15,306.0
71116,2026-04-22,Max,4,90.0,25,270.0
71117,2026-04-22,Basic,2,20.0,10,36.0
71118,2026-04-22,Max,2,90.0,20,144.0
71119,2026-04-22,Basic,1,20.0,10,18.0
71120,2026-04-22,Max,2,90.0,10,162.0
71121,2026-04-22,Max,4,90.0,20,288.0
71122,2026-04-22,Max,2,90.0,25,135.0
71123,2026-04-22,Basic,1,20.0,25,15.0
71124,2026-04-22,Basic,3,20.0,10,54.0
71125,2026-04-23,Plus,1,45.0,25,33.75
71126,2026-04-23,Basic,4,20.0,25,60.0
71127,2026-04-23,Max,2,90.0,20,144.0
71128,2026-04-23,Plus,1,45.0,20,36.0
71129,2026-04-23,Max,1,90.0,10,81.0
71130,2026-04-23,Plus,2,45.0,15,76.5
71131,2026-04-23,Max,4,90.0,10,324.0
71132,2026-04-23,Basic,1,20.0,15,17.0
71133,2026-04-23,Basic,3,20.0,15,51.0
71134,2026-04-24,Plus,4,45.0,10,162.0
71135,2026-04-24,Basic,3,20.0,15,51.0
71136,2026-04-24,Plus,3,45.0,15,114.75
71137,2026-04-24,Max,4,90.0,15,306.0
71138,2026-04-24,Plus,1,45.0,10,40.5
71139,2026-04-24,Plus,4,45.0,10,162.0
71140,2026-04-24,Basic,1,20.0,25,15.0
71141,2026-04-24,Basic,2,20.0,10,36.0
71142,2026-04-25,Plus,4,45.0,10,162.0
71143,2026-04-25,Plus,4,45.0,25,135.0
71144,2026-04-25,Max,3,90.0,25,202.5
71145,2026-04-25,Basic,3,20.0,25,45.0
71146,2026-04-25,Plus,2,45.0,25,67.5
71147,2026-04-25,Plus,3,45.0,20,108.0
71148,2026-04-25,Basic,2,20.0,25,30.0
71149,2026-04-25,Basic,2,20.0,10,36.0
71150,2026-04-25,Basic,2,20.0,25,30.0
71151,2026-04-25,Max,2,90.0,20,144.0
71152,2026-04-25,Max,2,90.0,20,144.0
71153,2026-04-25,Plus,2,45.0,10,81.0
71154,2026-04-26,Plus,1,45.0,10,40.5
71155,2026-04-26,Max,2,90.0,20,144.0
71156,2026-04-26,Plus,2,45.0,25,67.5
71157,2026-04-26,Plus,3,45.0,25,101.25
71158,2026-04-26,Max,4,90.0,15,306.0
71159,2026-04-26,Basic,3,20.0,20,48.0
71160,2026-04-26,Max,2,90.0,20,144.0
71161,2026-04-26,Plus,2,45.0,15,76.5
71162,2026-04-26,Plus,2,45.0,15,76.5
71163,2026-04-26,Max,3,90.0,20,216.0
71164,2026-04-26,Plus,2,45.0,20,72.0
71165,2026-04-27,Plus,2,45.0,15,76.5
71166,2026-04-27,Max,1,90.0,20,72.0
71167,2026-04-27,Basic,3,20.0,25,45.0
71168,2026-04-27,Plus,1,45.0,20,36.0
71169,2026-04-27,Plus,3,45.0,10,121.5
71170,2026-04-27,Basic,2,20.0,25,30.0
71171,2026-04-27,Plus,1,45.0,15,38.25
71172,2026-04-27,Basic,3,20.0,20,48.0
71173,2026-04-27,Max,4,90.0,10,324.0
71174,2026-04-27,Max,2,90.0,15,153.0
71175,2026-04-27,Max,4,90.0,20,288.0
71176,2026-04-27,Max,4,90.0,10,324.0
71177,2026-04-28,Basic,1,20.0,15,17.0
71178,2026-04-28,Max,2,90.0,10,162.0
71179,2026-04-28,Basic,2,20.0,20,32.0
71180,2026-04-28,Max,3,90.0,20,216.0
71181,2026-04-28,Basic,3,20.0,10,54.0
71182,2026-04-28,Max,2,90.0,20,144.0
71183,2026-04-28,Max,2,90.0,25,135.0
71184,2026-04-28,Basic,1,20.0,15,17.0
71185,2026-04-28,Plus,2,45.0,10,81.0
71186,2026-04-28,Basic,3,20.0,20,48.0
71187,2026-04-28,Plus,4,45.0,15,153.0
71188,2026-04-29,Basic,2,20.0,10,36.0
71189,2026-04-29,Plus,4,45.0,20,144.0
71190,2026-04-29,Max,3,90.0,25,202.5
71191,2026-04-29,Basic,3,20.0,20,48.0
71192,2026-04-29,Basic,1,20.0,10,18.0
71193,2026-04-29,Plus,2,45.0,15,76.5
71194,2026-04-29,Basic,4,20.0,15,68.0
71195,2026-04-29,Basic,1,20.0,15,17.0
71196,2026-04-29,Max,2,90.0,25,135.0
71197,2026-04-30,Plus,3,45.0,15,114.75
71198,2026-04-30,Basic,2,20.0,15,34.0
71199,2026-04-30,Basic,3,20.0,20,48.0
71200,2026-04-30,Basic,3,20.0,10,54.0
71201,2026-04-30,Plus,1,45.0,25,33.75
71202,2026-04-30,Plus,4,45.0,20,144.0
71203,2026-04-30,Plus,3,45.0,15,114.75
71204,2026-04-30,Max,4,90.0,15,306.0
71205,2026-04-30,Max,4,90.0,20,288.0
71206,2026-05-01,Plus,1,45.0,20,36.0
71207,2026-05-01,Max,2,90.0,10,162.0
71208,2026-05-01,Basic,4,20.0,20,64.0
71209,2026-05-01,Plus,2,45.0,15,76.5
71210,2026-05-01,Max,2,90.0,20,144.0
71211,2026-05-01,Max,3,90.0,20,216.0
71212,2026-05-01,Plus,2,45.0,25,67.5
71213,2026-05-01,Basic,3,20.0,25,45.0
71214,2026-05-02,Max,3,90.0,25,202.5
71215,2026-05-02,Basic,2,20.0,10,36.0
71216,2026-05-02,Basic,4,20.0,15,68.0
71217,2026-05-02,Basic,4,20.0,25,60.0
71218,2026-05-02,Plus,1,45.0,25,33.75
71219,2026-05-02,Basic,2,20.0,25,30.0
71220,2026-05-02,Max,2,90.0,15,153.0
71221,2026-05-02,Plus,4,45.0,20,144.0
71222,2026-05-02,Basic,4,20.0,20,64.0
71223,2026-05-03,Plus,4,45.0,25,135.0
71224,2026-05-03,Plus,2,45.0,10,81.0
71225,2026-05-03,Basic,2,20.0,10,36.0
71226,2026-05-03,Max,1,90.0,15,76.5
71227,2026-05-03,Max,1,90.0,20,72.0
71228,2026-05-03,Plus,4,45.0,20,144.0
71229,2026-05-03,Basic,4,20.0,25,60.0
71230,2026-05-03,Plus,1,45.0,25,33.75
71231,2026-05-04,Basic,4,20.0,20,64.0
71232,2026-05-04,Basic,1,20.0,15,17.0
71233,2026-05-04,Basic,2,20.0,15,34.0
71234,2026-05-04,Basic,2,20.0,25,30.0
71235,2026-05-04,Plus,1,45.0,15,38.25
71236,2026-05-04,Basic,3,20.0,10,54.0
71237,2026-05-04,Max,3,90.0,10,243.0
71238,2026-05-04,Plus,1,45.0,15,38.25
71239,2026-05-05,Max,1,90.0,15,76.5
71240,2026-05-05,Basic,4,20.0,10,72.0
71241,2026-05-05,Max,4,90.0,15,306.0
71242,2026-05-05,Max,2,90.0,25,135.0
71243,2026-05-05,Max,4,90.0,20,288.0
71244,2026-05-05,Basic,2,20.0,10,36.0
71245,2026-05-05,Basic,1,20.0,10,18.0
71246,2026-05-05,Max,1,90.0,15,76.5
71247,2026-05-06,Plus,4,45.0,10,162.0
71248,2026-05-06,Plus,2,45.0,25,67.5
71249,2026-05-06,Plus,3,45.0,15,114.75
71250,2026-05-06,Plus,3,45.0,25,101.25
71251,2026-05-06,Plus,1,45.0,15,38.25
71252,2026-05-06,Max,4,90.0,25,270.0
71253,2026-05-06,Max,2,90.0,10,162.0
71254,2026-05-06,Basic,4,20.0,10,72.0
71255,2026-05-06,Plus,2,45.0,25,67.5
71256,2026-05-06,Basic,4,20.0,25,60.0
71257,2026-05-06,Max,4,90.0,25,270.0
71258,2026-05-06,Plus,3,45.0,15,114.75
71259,2026-05-07,Basic,1,20.0,20,16.0
71260,2026-05-07,Max,3,90.0,20,216.0
71261,2026-05-07,Plus,3,45.0,25,101.25
71262,2026-05-07,Plus,3,45.0,10,121.5
71263,2026-05-07,Plus,4,45.0,25,135.0
71264,2026-05-07,Basic,3,20.0,10,54.0
71265,2026-05-07,Basic,3,20.0,20,48.0
71266,2026-05-07,Max,1,90.0,10,81.0
71267,2026-05-08,Plus,2,45.0,25,67.5
71268,2026-05-08,Max,1,90.0,25,67.5
71269,2026-05-08,Basic,3,20.0,25,45.0
71270,2026-05-08,Max,2,90.0,20,144.0
71271,2026-05-08,Max,2,90.0,20,144.0
71272,2026-05-08,Max,4,90.0,10,324.0
71273,2026-05-08,Basic,3,20.0,15,51.0
71274,2026-05-08,Max,3,90.0,15,229.5
71275,2026-05-08,Plus,2,45.0,20,72.0
71276,2026-05-08,Max,4,90.0,20,288.0
71277,2026-05-08,Max,2,90.0,20,144.0
71278,2026-05-08,Max,3,90.0,25,202.5
71279,2026-05-09,Basic,2,20.0,20,32.0
71280,2026-05-09,Max,2,90.0,20,144.0
71281,2026-05-09,Basic,1,20.0,15,17.0
71282,2026-05-09,Plus,2,45.0,25,67.5
71283,2026-05-09,Basic,4,20.0,10,72.0
71284,2026-05-09,Max,4,90.0,10,324.0
71285,2026-05-09,Max,2,90.0,10,162.0
71286,2026-05-09,Plus,1,45.0,20,36.0
71287,2026-05-10,Max,4,90.0,25,270.0
71288,2026-05-10,Max,2,90.0,10,162.0
71289,2026-05-10,Max,4,90.0,10,324.0
71290,2026-05-10,Plus,3,45.0,10,121.5
71291,2026-05-10,Max,2,90.0,15,153.0
71292,2026-05-10,Basic,3,20.0,20,48.0
71293,2026-05-10,Plus,2,45.0,20,72.0
71294,2026-05-10,Basic,1,20.0,20,16.0
71295,2026-05-11,Max,2,90.0,20,144.0
71296,2026-05-11,Plus,4,45.0,20,144.0
71297,2026-05-11,Max,3,90.0,10,243.0
71298,2026-05-11,Max,3,90.0,20,216.0
71299,2026-05-11,Plus,4,45.0,25,135.0
71300,2026-05-11,Basic,2,20.0,25,30.0
71301,2026-05-11,Plus,1,45.0,15,38.25
71302,2026-05-11,Max,4,90.0,15,306.0
71303,2026-05-11,Basic,3,20.0,25,45.0
71304,2026-05-11,Basic,4,20.0,20,64.0
71305,2026-05-11,Basic,3,20.0,20,48.0
71306,2026-05-12,Plus,2,45.0,25,67.5
71307,2026-05-12,Plus,3,45.0,10,121.5
71308,2026-05-12,Max,2,90.0,15,153.0
71309,2026-05-12,Max,1,90.0,15,76.5
71310,2026-05-12,Max,4,90.0,20,288.0
71311,2026-05-12,Basic,4,20.0,20,64.0
71312,2026-05-12,Basic,4,20.0,15,68.0
71313,2026-05-12,Max,3,90.0,15,229.5
71314,2026-05-12,Max,2,90.0,25,135.0
71315,2026-05-12,Max,3,90.0,20,216.0
71316,2026-05-12,Plus,3,45.0,15,114.75
71317,2026-05-12,Plus,3,45.0,10,121.5
71318,2026-05-13,Plus,2,45.0,20,72.0
71319,2026-05-13,Max,1,90.0,25,67.5
71320,2026-05-13,Max,3,90.0,20,216.0
71321,2026-05-13,Plus,3,45.0,10,121.5
71322,2026-05-13,Max,2,90.0,15,153.0
71323,2026-05-13,Basic,1,20.0,20,16.0
71324,2026-05-13,Plus,1,45.0,20,36.0
71325,2026-05-13,Plus,1,45.0,15,38.25
71326,2026-05-13,Max,4,90.0,10,324.0
71327,2026-05-13,Basic,3,20.0,20,48.0
71328,2026-05-13,Basic,4,20.0,20,64.0
71329,2026-05-14,Plus,3,45.0,10,121.5
71330,2026-05-14,Max,4,90.0,10,324.0
71331,2026-05-14,Max,3,90.0,25,202.5
71332,2026-05-14,Plus,3,45.0,20,108.0
71333,2026-05-14,Basic,2,20.0,15,34.0
71334,2026-05-14,Plus,4,45.0,10,162.0
71335,2026-05-14,Basic,2,20.0,10,36.0
71336,2026-05-14,Max,3,90.0,25,202.5
71337,2026-05-14,Basic,4,20.0,25,60.0
71338,2026-05-14,Basic,4,20.0,10,72.0
71339,2026-05-14,Basic,2,20.0,20,32.0
71340,2026-05-14,Max,2,90.0,10,162.0
71341,2026-05-15,Plus,4,45.0,10,162.0
71342,2026-05-15,Basic,3,20.0,15,51.0
71343,2026-05-15,Basic,1,20.0,15,17.0
71344,2026-05-15,Basic,3,20.0,25,45.0
71345,2026-05-15,Max,3,90.0,10,243.0
71346,2026-05-15,Plus,1,45.0,25,33.75
71347,2026-05-15,Max,1,90.0,15,76.5
71348,2026-05-15,Max,3,90.0,25,202.5
71349,2026-05-15,Plus,3,45.0,25,101.25
71350,2026-05-15,Plus,2,45.0,10,81.0
71351,2026-05-15,Plus,1,45.0,10,40.5
71352,2026-05-16,Max,1,90.0,20,72.0
71353,2026-05-16,Plus,3,45.0,10,121.5
71354,2026-05-16,Basic,3,20.0,15,51.0
71355,2026-05-16,Max,4,90.0,15,306.0
71356,2026-05-16,Plus,4,45.0,25,135.0
71357,2026-05-16,Max,2,90.0,20,144.0
71358,2026-05-16,Plus,4,45.0,20,144.0
71359,2026-05-16,Basic,3,20.0,15,51.0
71360,2026-05-16,Plus,1,45.0,20,36.0
71361,2026-05-16,Plus,2,45.0,15,76.5
71362,2026-05-16,Max,1,90.0,20,72.0
71363,2026-05-16,Max,3,90.0,15,229.5
71364,2026-05-17,Basic,3,20.0,10,54.0
71365,2026-05-17,Plus,3,45.0,10,121.5
71366,2026-05-17,Basic,3,20.0,20,48.0
71367,2026-05-17,Max,1,90.0,25,67.5
71368,2026-05-17,Max,4,90.0,15,306.0
71369,2026-05-17,Plus,1,45.0,25,33.75
71370,2026-05-17,Max,1,90.0,20,72.0
71371,2026-05-17,Max,4,90.0,10,324.0
71372,2026-05-17,Basic,1,20.0,10,18.0
71373,2026-05-18,Basic,4,20.0,25,60.0
71374,2026-05-18,Plus,2,45.0,10,81.0
71375,2026-05-18,Basic,4,20.0,25,60.0
71376,2026-05-18,Plus,2,45.0,15,76.5
71377,2026-05-18,Max,2,90.0,15,153.0
71378,2026-05-18,Max,2,90.0,15,153.0
71379,2026-05-18,Basic,2,20.0,25,30.0
71380,2026-05-18,Max,4,90.0,10,324.0
71381,2026-05-19,Basic,1,20.0,10,18.0
71382,2026-05-19,Plus,1,45.0,20,36.0
71383,2026-05-19,Max,3,90.0,10,243.0
71384,2026-05-19,Plus,4,45.0,20,144.0
71385,2026-05-19,Max,3,90.0,25,202.5
71386,2026-05-19,Plus,2,45.0,20,72.0
71387,2026-05-19,Max,2,90.0,10,162.0
71388,2026-05-19,Max,4,90.0,25,270.0
71389,2026-05-19,Basic,1,20.0,10,18.0
71390,2026-05-20,Basic,1,20.0,10,18.0
71391,2026-05-20,Basic,4,20.0,15,68.0
71392,2026-05-20,Basic,4,20.0,10,72.0
71393,2026-05-20,Plus,4,45.0,25,135.0
71394,2026-05-20,Max,3,90.0,10,243.0
71395,2026-05-20,Basic,2,20.0,10,36.0
71396,2026-05-20,Plus,2,45.0,10,81.0
71397,2026-05-20,Plus,3,45.0,15,114.75
71398,2026-05-20,Basic,3,20.0,10,54.0
71399,2026-05-20,Basic,3,20.0,10,54.0
71400,2026-05-20,Plus,3,45.0,25,101.25
71401,2026-05-20,Max,4,90.0,10,324.0
71402,2026-05-21,Max,1,90.0,20,72.0
71403,2026-05-21,Basic,3,20.0,10,54.0
71404,2026-05-21,Max,1,90.0,20,72.0
71405,2026-05-21,Basic,4,20.0,25,60.0
71406,2026-05-21,Plus,3,45.0,10,121.5
71407,2026-05-21,Basic,3,20.0,20,48.0
71408,2026-05-21,Max,4,90.0,25,270.0
71409,2026-05-21,Basic,1,20.0,15,17.0
71410,2026-05-21,Plus,2,45.0,10,81.0
71411,2026-05-21,Max,4,90.0,10,324.0
71412,2026-05-21,Max,2,90.0,15,153.0
71413,2026-05-21,Basic,3,20.0,20,48.0
71414,2026-05-22,Plus,3,45.0,10,121.5
71415,2026-05-22,Basic,1,20.0,20,16.0
71416,2026-05-22,Basic,4,20.0,15,68.0
71417,2026-05-22,Plus,2,45.0,10,81.0
71418,2026-05-22,Plus,1,45.0,15,38.25
71419,2026-05-22,Plus,2,45.0,20,72.0
71420,2026-05-22,Basic,4,20.0,15,68.0
71421,2026-05-22,Plus,2,45.0,25,67.5
71422,2026-05-22,Max,4,90.0,20,288.0
71423,2026-05-22,Max,4,90.0,25,270.0
71424,2026-05-22,Plus,4,45.0,25,135.0
71425,2026-05-22,Plus,2,45.0,10,81.0
71426,2026-05-23,Plus,2,45.0,10,81.0
71427,2026-05-23,Max,1,90.0,15,76.5
71428,2026-05-23,Plus,2,45.0,20,72.0
71429,2026-05-23,Max,3,90.0,20,216.0
71430,2026-05-23,Plus,2,45.0,25,67.5
71431,2026-05-23,Max,2,90.0,15,153.0
71432,2026-05-23,Basic,3,20.0,25,45.0
71433,2026-05-23,Max,2,90.0,15,153.0
71434,2026-05-24,Max,2,90.0,20,144.0
71435,2026-05-24,Plus,1,45.0,20,36.0
71436,2026-05-24,Max,3,90.0,20,216.0
71437,2026-05-24,Max,2,90.0,20,144.0
71438,2026-05-24,Basic,3,20.0,10,54.0
71439,2026-05-24,Basic,4,20.0,15,68.0
71440,2026-05-24,Plus,2,45.0,15,76.5
71441,2026-05-24,Max,1,90.0,20,72.0
71442,2026-05-24,Max,4,90.0,15,306.0
71443,2026-05-24,Max,2,90.0,20,144.0
71444,2026-05-25,Max,1,90.0,10,81.0
71445,2026-05-25,Plus,4,45.0,25,135.0
71446,2026-05-25,Basic,2,20.0,10,36.0
71447,2026-05-25,Max,1,90.0,15,76.5
71448,2026-05-25,Basic,1,20.0,15,17.0
71449,2026-05-25,Basic,3,20.0,25,45.0
71450,2026-05-25,Max,2,90.0,25,135.0
71451,2026-05-25,Basic,4,20.0,20,64.0
71452,2026-05-25,Basic,1,20.0,10,18.0
71453,2026-05-25,Plus,4,45.0,10,162.0
71454,2026-05-26,Basic,1,20.0,15,17.0
71455,2026-05-26,Basic,2,20.0,15,34.0
71456,2026-05-26,Basic,1,20.0,15,17.0
71457,2026-05-26,Basic,2,20.0,25,30.0
71458,2026-05-26,Plus,1,45.0,10,40.5
71459,2026-05-26,Max,1,90.0,15,76.5
71460,2026-05-26,Max,2,90.0,25,135.0
71461,2026-05-26,Max,2,90.0,20,144.0
71462,2026-05-26,Plus,3,45.0,10,121.5
71463,2026-05-26,Basic,2,20.0,25,30.0
71464,2026-05-26,Max,1,90.0,25,67.5
71465,2026-05-27,Basic,3,20.0,10,54.0
71466,2026-05-27,Basic,2,20.0,10,36.0
71467,2026-05-27,Plus,1,45.0,15,38.25
71468,2026-05-27,Max,3,90.0,10,243.0
71469,2026-05-27,Plus,1,45.0,20,36.0
71470,2026-05-27,Plus,2,45.0,15,76.5
71471,2026-05-27,Max,1,90.0,20,72.0
71472,2026-05-27,Basic,4,20.0,25,60.0
71473,2026-05-28,Max,3,90.0,15,229.5
71474,2026-05-28,Max,4,90.0,10,324.0
71475,2026-05-28,Basic,2,20.0,25,30.0
71476,2026-05-28,Plus,1,45.0,25,33.75
71477,2026-05-28,Basic,3,20.0,10,54.0
71478,2026-05-28,Basic,2,20.0,15,34.0
71479,2026-05-28,Plus,2,45.0,25,67.5
71480,2026-05-28,Max,4,90.0,25,270.0
71481,2026-05-28,Max,1,90.0,20,72.0
71482,2026-05-29,Max,4,90.0,15,306.0
71483,2026-05-29,Basic,1,20.0,20,16.0
71484,2026-05-29,Plus,1,45.0,25,33.75
71485,2026-05-29,Max,4,90.0,25,270.0
71486,2026-05-29,Basic,2,20.0,10,36.0
71487,2026-05-29,Max,3,90.0,10,243.0
71488,2026-05-29,Basic,3,20.0,10,54.0
71489,2026-05-29,Basic,2,20.0,10,36.0
71490,2026-05-29,Plus,3,45.0,15,114.75
71491,2026-05-30,Plus,2,45.0,15,76.5
71492,2026-05-30,Max,1,90.0,20,72.0
71493,2026-05-30,Max,4,90.0,10,324.0
71494,2026-05-30,Max,3,90.0,15,229.5
71495,2026-05-30,Basic,4,20.0,15,68.0
71496,2026-05-30,Basic,3,20.0,15,51.0
71497,2026-05-30,Max,2,90.0,20,144.0
71498,2026-05-30,Plus,2,45.0,20,72.0
71499,2026-05-30,Basic,1,20.0,20,16.0
71500,2026-05-30,Max,3,90.0,25,202.5
71501,2026-05-30,Plus,2,45.0,20,72.0
71502,2026-05-31,Basic,1,20.0,25,15.0
71503,2026-05-31,Plus,2,45.0,20,72.0
71504,2026-05-31,Max,1,90.0,15,76.5
71505,2026-05-31,Plus,3,45.0,20,108.0
71506,2026-05-31,Plus,2,45.0,15,76.5
71507,2026-05-31,Plus,1,45.0,10,40.5
71508,2026-05-31,Plus,2,45.0,15,76.5
71509,2026-05-31,Max,3,90.0,15,229.5
71510,2026-05-31,Max,2,90.0,15,153.0
71511,2026-06-01,Plus,1,45.0,15,38.25
71512,2026-06-01,Max,1,90.0,15,76.5
71513,2026-06-01,Max,2,90.0,10,162.0
71514,2026-06-01,Plus,4,45.0,25,135.0
71515,2026-06-01,Plus,2,45.0,20,72.0
71516,2026-06-01,Plus,3,45.0,20,108.0
71517,2026-06-01,Plus,4,45.0,10,162.0
71518,2026-06-01,Max,3,90.0,15,229.5
71519,2026-06-01,Max,2,90.0,15,153.0
71520,2026-06-01,Max,1,90.0,10,81.0
71521,2026-06-02,Basic,2,20.0,25,30.0
71522,2026-06-02,Plus,2,45.0,15,76.5
71523,2026-06-02,Max,1,90.0,20,72.0
71524,2026-06-02,Basic,1,20.0,25,15.0
71525,2026-06-02,Plus,4,45.0,10,162.0
71526,2026-06-02,Plus,3,45.0,15,114.75
71527,2026-06-02,Basic,3,20.0,10,54.0
71528,2026-06-02,Max,2,90.0,25,135.0
71529,2026-06-02,Plus,3,45.0,10,121.5
71530,2026-06-02,Basic,3,20.0,25,45.0
71531,2026-06-02,Max,3,90.0,20,216.0
71532,2026-06-03,Basic,2,20.0,10,36.0
71533,2026-06-03,Plus,3,45.0,25,101.25
71534,2026-06-03,Basic,2,20.0,10,36.0
71535,2026-06-03,Plus,2,45.0,15,76.5
71536,2026-06-03,Basic,1,20.0,20,16.0
71537,2026-06-03,Max,2,90.0,25,135.0
71538,2026-06-03,Max,3,90.0,10,243.0
71539,2026-06-03,Plus,2,45.0,10,81.0
71540,2026-06-03,Plus,1,45.0,20,36.0
71541,2026-06-03,Basic,2,20.0,20,32.0
71542,2026-06-03,Max,3,90.0,10,243.0
71543,2026-06-04,Plus,1,45.0,15,38.25
71544,2026-06-04,Plus,2,45.0,15,76.5
71545,2026-06-04,Basic,3,20.0,20,48.0
71546,2026-06-04,Max,1,90.0,10,81.0
71547,2026-06-04,Plus,4,45.0,15,153.0
71548,2026-06-04,Basic,1,20.0,25,15.0
71549,2026-06-04,Plus,1,45.0,15,38.25
71550,2026-06-04,Plus,3,45.0,10,121.5
71551,2026-06-04,Basic,4,20.0,20,64.0
71552,2026-06-05,Max,3,90.0,25,202.5
71553,2026-06-05,Max,3,90.0,20,216.0
71554,2026-06-05,Plus,3,45.0,25,101.25
71555,2026-06-05,Basic,2,20.0,10,36.0
71556,2026-06-05,Max,3,90.0,25,202.5
71557,2026-06-05,Max,2,90.0,10,162.0
71558,2026-06-05,Plus,2,45.0,15,76.5
71559,2026-06-05,Basic,4,20.0,20,64.0
71560,2026-06-06,Basic,1,20.0,15,17.0
71561,2026-06-06,Max,1,90.0,20,72.0
71562,2026-06-06,Basic,4,20.0,10,72.0
71563,2026-06-06,Plus,1,45.0,10,40.5
71564,2026-06-06,Basic,2,20.0,15,34.0
71565,2026-06-06,Max,3,90.0,15,229.5
71566,2026-06-06,Plus,1,45.0,10,40.5
71567,2026-06-06,Plus,4,45.0,10,162.0
71568,2026-06-06,Plus,2,45.0,25,67.5
71569,2026-06-07,Basic,4,20.0,20,64.0
71570,2026-06-07,Plus,3,45.0,20,108.0
71571,2026-06-07,Basic,3,20.0,25,45.0
71572,2026-06-07,Basic,2,20.0,25,30.0
71573,2026-06-07,Max,4,90.0,15,306.0
71574,2026-06-07,Basic,4,20.0,15,68.0
71575,2026-06-07,Plus,4,45.0,10,162.0
71576,2026-06-07,Max,3,90.0,10,243.0
71577,2026-06-07,Max,3,90.0,15,229.5
71578,2026-06-08,Basic,4,20.0,20,64.0
71579,2026-06-08,Plus,4,45.0,20,144.0
71580,2026-06-08,Plus,2,45.0,25,67.5
71581,2026-06-08,Basic,3,20.0,25,45.0
71582,2026-06-08,Plus,2,45.0,25,67.5
71583,2026-06-08,Basic,1,20.0,10,18.0
71584,2026-06-08,Max,1,90.0,25,67.5
71585,2026-06-08,Plus,1,45.0,20,36.0
71586,2026-06-08,Max,3,90.0,25,202.5
71587,2026-06-08,Basic,1,20.0,15,17.0
71588,2026-06-08,Max,2,90.0,25,135.0
71589,2026-06-08,Basic,2,20.0,20,32.0
71590,2026-06-09,Plus,2,45.0,10,81.0
71591,2026-06-09,Max,3,90.0,25,202.5
71592,2026-06-09,Plus,2,45.0,10,81.0
71593,2026-06-09,Plus,4,45.0,20,144.0
71594,2026-06-09,Max,1,90.0,10,81.0
71595,2026-06-09,Max,1,90.0,15,76.5
71596,2026-06-09,Basic,2,20.0,15,34.0
71597,2026-06-09,Plus,2,45.0,20,72.0
71598,2026-06-10,Basic,2,20.0,10,36.0
71599,2026-06-10,Plus,1,45.0,15,38.25
71600,2026-06-10,Max,1,90.0,20,72.0
71601,2026-06-10,Basic,4,20.0,10,72.0
71602,2026-06-10,Basic,4,20.0,15,68.0
71603,2026-06-10,Basic,3,20.0,20,48.0
71604,2026-06-10,Max,1,90.0,15,76.5
71605,2026-06-10,Plus,4,45.0,25,135.0
71606,2026-06-10,Basic,1,20.0,15,17.0
71607,2026-06-11,Basic,1,20.0,20,16.0
71608,2026-06-11,Max,3,90.0,15,229.5
71609,2026-06-11,Max,3,90.0,25,202.5
71610,2026-06-11,Max,2,90.0,20,144.0
71611,2026-06-11,Plus,4,45.0,10,162.0
71612,2026-06-11,Max,1,90.0,20,72.0
71613,2026-06-11,Plus,2,45.0,15,76.5
71614,2026-06-11,Max,3,90.0,10,243.0
71615,2026-06-11,Basic,1,20.0,20,16.0
71616,2026-06-11,Plus,1,45.0,25,33.75
71617,2026-06-11,Plus,1,45.0,10,40.5
71618,2026-06-12,Max,2,90.0,25,135.0
71619,2026-06-12,Plus,3,45.0,25,101.25
71620,2026-06-12,Plus,1,45.0,10,40.5
71621,2026-06-12,Basic,1,20.0,10,18.0
71622,2026-06-12,Plus,2,45.0,10,81.0
71623,2026-06-12,Plus,2,45.0,20,72.0
71624,2026-06-12,Max,4,90.0,25,270.0
71625,2026-06-12,Max,1,90.0,15,76.5
71626,2026-06-12,Basic,3,20.0,10,54.0
71627,2026-06-12,Plus,2,45.0,20,72.0
71628,2026-06-13,Plus,4,45.0,25,135.0
71629,2026-06-13,Max,4,90.0,15,306.0
71630,2026-06-13,Plus,1,45.0,15,38.25
71631,2026-06-13,Max,3,90.0,20,216.0
71632,2026-06-13,Basic,3,20.0,10,54.0
71633,2026-06-13,Max,1,90.0,25,67.5
71634,2026-06-13,Basic,3,20.0,20,48.0
71635,2026-06-13,Basic,1,20.0,15,17.0
71636,2026-06-13,Max,1,90.0,15,76.5
71637,2026-06-13,Basic,1,20.0,10,18.0
71638,2026-06-13,Basic,2,20.0,10,36.0
71639,2026-06-14,Plus,3,45.0,15,114.75
71640,2026-06-14,Basic,1,20.0,15,17.0
71641,2026-06-14,Basic,2,20.0,15,34.0
71642,2026-06-14,Basic,4,20.0,25,60.0
71643,2026-06-14,Max,3,90.0,20,216.0
71644,2026-06-14,Max,1,90.0,20,72.0
71645,2026-06-14,Basic,4,20.0,20,64.0
71646,2026-06-14,Plus,4,45.0,20,144.0
71647,2026-06-14,Basic,4,20.0,25,60.0
71648,2026-06-14,Max,4,90.0,10,324.0
71649,2026-06-14,Plus,2,45.0,20,72.0
71650,2026-06-14,Max,3,90.0,25,202.5
71651,2026-06-15,Max,4,90.0,25,270.0
71652,2026-06-15,Max,3,90.0,20,216.0
71653,2026-06-15,Max,3,90.0,25,202.5
71654,2026-06-15,Max,1,90.0,25,67.5
71655,2026-06-15,Max,2,90.0,15,153.0
71656,2026-06-15,Plus,3,45.0,15,114.75
71657,2026-06-15,Basic,2,20.0,15,34.0
71658,2026-06-15,Max,2,90.0,25,135.0
71659,2026-06-15,Plus,2,45.0,20,72.0
71660,2026-06-15,Plus,3,45.0,25,101.25
71661,2026-06-15,Basic,4,20.0,15,68.0
71662,2026-06-16,Max,4,90.0,25,270.0
71663,2026-06-16,Max,2,90.0,25,135.0
71664,2026-06-16,Max,2,90.0,20,144.0
71665,2026-06-16,Plus,4,45.0,25,135.0
71666,2026-06-16,Basic,4,20.0,15,68.0
71667,2026-06-16,Basic,1,20.0,25,15.0
71668,2026-06-16,Plus,3,45.0,25,101.25
71669,2026-06-16,Max,3,90.0,15,229.5
71670,2026-06-16,Basic,4,20.0,15,68.0
71671,2026-06-16,Basic,4,20.0,20,64.0
71672,2026-06-16,Basic,1,20.0,10,18.0
71673,2026-06-17,Basic,1,20.0,25,15.0
71674,2026-06-17,Max,1,90.0,10,81.0
71675,2026-06-17,Plus,2,45.0,15,76.5
71676,2026-06-17,Max,3,90.0,25,202.5
71677,2026-06-17,Plus,4,45.0,20,144.0
71678,2026-06-17,Basic,1,20.0,25,15.0
71679,2026-06-17,Basic,3,20.0,15,51.0
71680,2026-06-17,Plus,3,45.0,20,108.0
71681,2026-06-17,Basic,2,20.0,25,30.0
71682,2026-06-17,Basic,1,20.0,20,16.0
71683,2026-06-17,Plus,1,45.0,20,36.0
71684,2026-06-17,Max,1,90.0,20,72.0
71685,2026-06-18,Max,4,90.0,25,270.0
71686,2026-06-18,Basic,2,20.0,25,30.0
71687,2026-06-18,Max,4,90.0,15,306.0
71688,2026-06-18,Max,4,90.0,25,270.0
71689,2026-06-18,Max,1,90.0,20,72.0
71690,2026-06-18,Plus,4,45.0,20,144.0
71691,2026-06-18,Plus,1,45.0,10,40.5
71692,2026-06-18,Basic,2,20.0,15,34.0
71693,2026-06-19,Max,2,90.0,25,135.0
71694,2026-06-19,Plus,4,45.0,25,135.0
71695,2026-06-19,Plus,1,45.0,25,33.75
71696,2026-06-19,Plus,1,45.0,15,38.25
71697,2026-06-19,Basic,2,20.0,10,36.0
71698,2026-06-19,Max,4,90.0,10,324.0
71699,2026-06-19,Max,4,90.0,20,288.0
71700,2026-06-19,Basic,2,20.0,25,30.0
71701,2026-06-19,Basic,1,20.0,15,17.0
71702,2026-06-19,Max,4,90.0,10,324.0
71703,2026-06-20,Max,1,90.0,15,76.5
71704,2026-06-20,Max,1,90.0,15,76.5
71705,2026-06-20,Basic,4,20.0,20,64.0
71706,2026-06-20,Plus,2,45.0,10,81.0
71707,2026-06-20,Max,2,90.0,25,135.0
71708,2026-06-20,Max,2,90.0,15,153.0
71709,2026-06-20,Plus,1,45.0,10,40.5
71710,2026-06-20,Max,4,90.0,20,288.0
71711,2026-06-20,Plus,1,45.0,25,33.75
71712,2026-06-20,Basic,3,20.0,15,51.0
71713,2026-06-20,Plus,4,45.0,15,153.0
71714,2026-06-20,Max,3,90.0,10,243.0
71715,2026-06-21,Plus,1,45.0,20,36.0
71716,2026-06-21,Basic,4,20.0,20,64.0
71717,2026-06-21,Plus,4,45.0,20,144.0
71718,2026-06-21,Plus,3,45.0,15,114.75
71719,2026-06-21,Plus,4,45.0,20,144.0
71720,2026-06-21,Basic,4,20.0,15,68.0
71721,2026-06-21,Plus,3,45.0,25,101.25
71722,2026-06-21,Basic,1,20.0,20,16.0
71723,2026-06-21,Plus,2,45.0,15,76.5
71724,2026-06-21,Max,4,90.0,15,306.0
71725,2026-06-21,Max,4,90.0,15,306.0
71726,2026-06-21,Max,1,90.0,20,72.0
71727,2026-06-22,Basic,1,20.0,25,15.0
71728,2026-06-22,Max,2,90.0,10,162.0
71729,2026-06-22,Basic,2,20.0,25,30.0
71730,2026-06-22,Max,3,90.0,20,216.0
71731,2026-06-22,Basic,3,20.0,15,51.0
71732,2026-06-22,Basic,3,20.0,20,48.0
71733,2026-06-22,Max,4,90.0,15,306.0
71734,2026-06-22,Max,2,90.0,25,135.0
71735,2026-06-22,Max,4,90.0,15,306.0
71736,2026-06-23,Basic,3,20.0,20,48.0
71737,2026-06-23,Plus,4,45.0,15,153.0
71738,2026-06-23,Max,4,90.0,25,270.0
71739,2026-06-23,Basic,1,20.0,25,15.0
71740,2026-06-23,Basic,4,20.0,10,72.0
71741,2026-06-23,Plus,1,45.0,20,36.0
71742,2026-06-23,Basic,2,20.0,10,36.0
71743,2026-06-23,Plus,4,45.0,10,162.0
71744,2026-06-23,Max,3,90.0,25,202.5
71745,2026-06-23,Plus,4,45.0,25,135.0
71746,2026-06-24,Basic,1,20.0,20,16.0
71747,2026-06-24,Basic,1,20.0,10,18.0
71748,2026-06-24,Plus,3,45.0,25,101.25
71749,2026-06-24,Max,4,90.0,15,306.0
71750,2026-06-24,Plus,2,45.0,15,76.5
71751,2026-06-24,Basic,1,20.0,10,18.0
71752,2026-06-24,Max,2,90.0,20,144.0
71753,2026-06-24,Basic,2,20.0,15,34.0
71754,2026-06-24,Max,1,90.0,20,72.0
71755,2026-06-24,Basic,3,20.0,25,45.0
71756,2026-06-24,Basic,1,20.0,20,16.0
71757,2026-06-25,Basic,1,20.0,15,17.0
71758,2026-06-25,Plus,4,45.0,25,135.0
71759,2026-06-25,Basic,1,20.0,15,17.0
71760,2026-06-25,Max,3,90.0,10,243.0
71761,2026-06-25,Plus,1,45.0,25,33.75
71762,2026-06-25,Basic,2,20.0,10,36.0
71763,2026-06-25,Plus,1,45.0,20,36.0
71764,2026-06-25,Max,2,90.0,15,153.0
71765,2026-06-25,Plus,4,45.0,10,162.0
71766,2026-06-25,Plus,1,45.0,25,33.75
71767,2026-06-26,Basic,4,20.0,15,68.0
71768,2026-06-26,Basic,4,20.0,15,68.0
71769,2026-06-26,Max,1,90.0,15,76.5
71770,2026-06-26,Basic,1,20.0,10,18.0
71771,2026-06-26,Max,2,90.0,10,162.0
71772,2026-06-26,Plus,2,45.0,25,67.5
71773,2026-06-26,Basic,3,20.0,20,48.0
71774,2026-06-26,Plus,3,45.0,25,101.25
71775,2026-06-26,Max,1,90.0,25,67.5
71776,2026-06-26,Basic,3,20.0,15,51.0
71777,2026-06-27,Plus,2,45.0,20,72.0
71778,2026-06-27,Basic,1,20.0,20,16.0
71779,2026-06-27,Plus,4,45.0,20,144.0
71780,2026-06-27,Max,2,90.0,15,153.0
71781,2026-06-27,Plus,4,45.0,15,153.0
71782,2026-06-27,Plus,3,45.0,10,121.5
71783,2026-06-27,Basic,3,20.0,15,51.0
71784,2026-06-27,Plus,4,45.0,10,162.0
71785,2026-06-27,Plus,4,45.0,15,153.0
71786,2026-06-27,Plus,3,45.0,10,121.5
71787,2026-06-27,Max,4,90.0,10,324.0
71788,2026-06-27,Plus,2,45.0,15,76.5
71789,2026-06-28,Basic,2,20.0,15,34.0
71790,2026-06-28,Basic,2,20.0,15,34.0
71791,2026-06-28,Max,2,90.0,10,162.0
71792,2026-06-28,Max,1,90.0,10,81.0
71793,2026-06-28,Max,4,90.0,10,324.0
71794,2026-06-28,Max,1,90.0,20,72.0
71795,2026-06-28,Max,4,90.0,20,288.0
71796,2026-06-28,Plus,2,45.0,15,76.5
71797,2026-06-28,Basic,1,20.0,25,15.0
71798,2026-06-28,Basic,2,20.0,25,30.0
71799,2026-06-28,Max,1,90.0,20,72.0
71800,2026-06-28,Basic,1,20.0,15,17.0
71801,2026-06-29,Plus,2,45.0,20,72.0
71802,2026-06-29,Basic,3,20.0,15,51.0
71803,2026-06-29,Max,2,90.0,10,162.0
71804,2026-06-29,Max,1,90.0,15,76.5
71805,2026-06-29,Basic,2,20.0,25,30.0
71806,2026-06-29,Basic,1,20.0,25,15.0
71807,2026-06-29,Plus,4,45.0,15,153.0
71808,2026-06-29,Max,2,90.0,15,153.0
71809,2026-06-29,Plus,4,45.0,25,135.0
71810,2026-06-30,Plus,2,45.0,20,72.0
71811,2026-06-30,Max,4,90.0,10,324.0
71812,2026-06-30,Basic,1,20.0,25,15.0
71813,2026-06-30,Basic,2,20.0,15,34.0
71814,2026-06-30,Max,3,90.0,10,243.0
71815,2026-06-30,Basic,3,20.0,20,48.0
71816,2026-06-30,Max,2,90.0,10,162.0
71817,2026-06-30,Max,4,90.0,10,324.0
