customer_id,plan,started_on,ended_on
1,Free,2025-09-23,
2,Free,2025-08-12,
3,Free,2025-01-06,
4,Free,2025-04-26,
5,Free,2025-03-12,
6,Free,2025-12-27,2026-01-19
7,Free,2025-06-19,
8,Free,2025-01-11,
9,Free,2025-11-29,
10,Free,2025-02-03,
11,Free,2025-12-23,2026-05-21
12,Free,2025-09-05,2026-07-26
13,Free,2025-12-05,2026-01-31
14,Free,2025-10-27,
15,Free,2025-07-11,
16,Free,2025-08-21,2026-07-21
17,Free,2025-07-07,
18,Free,2025-09-14,
19,Free,2025-08-16,
20,Free,2025-02-17,2026-02-23
21,Free,2025-11-11,
22,Free,2025-06-28,2026-05-05
23,Free,2025-04-08,2026-05-02
24,Free,2025-03-10,
25,Free,2025-11-06,
26,Free,2025-09-30,
27,Free,2025-11-03,2026-08-27
28,Free,2025-07-22,
29,Free,2025-03-16,2026-09-29
30,Free,2025-07-31,
31,Free,2025-05-27,2026-07-07
32,Free,2025-07-01,
33,Free,2025-09-16,
34,Free,2025-08-23,2026-05-16
35,Free,2025-03-17,
36,Free,2025-09-17,2026-01-31
37,Free,2025-06-22,
38,Free,2025-03-08,2026-02-16
39,Free,2025-08-22,2026-05-26
40,Free,2025-08-15,2026-05-23
41,Free,2025-12-11,
42,Free,2025-04-19,
43,Free,2025-10-20,2026-05-19
44,Free,2025-05-07,
45,Free,2025-05-13,2026-04-18
46,Free,2025-10-29,
47,Free,2025-05-19,2026-06-07
48,Free,2025-10-25,2026-02-22
49,Free,2025-02-14,2026-02-22
50,Free,2025-10-28,
51,Free,2025-11-26,
52,Free,2025-11-20,2026-06-01
53,Free,2025-08-28,2026-02-11
54,Free,2025-09-10,
55,Free,2025-06-28,
56,Free,2025-07-23,
57,Free,2025-11-21,
58,Free,2025-07-21,2026-06-18
59,Free,2025-05-05,2026-01-12
60,Free,2025-09-16,
61,Free,2025-10-16,
62,Free,2025-07-19,2026-01-10
63,Free,2025-03-10,
64,Free,2025-07-21,
65,Free,2025-02-11,
66,Free,2025-11-02,2026-03-04
67,Free,2025-05-21,2026-09-02
68,Free,2025-01-22,
69,Free,2025-05-02,
70,Free,2025-06-07,
71,Free,2025-03-12,
72,Free,2025-12-01,
73,Free,2025-10-07,2026-03-26
74,Free,2025-07-18,2026-03-08
75,Free,2025-02-28,2026-04-26
76,Free,2025-06-02,
77,Free,2025-04-12,2026-08-18
78,Free,2025-08-20,
79,Free,2025-01-17,
80,Free,2025-09-13,
81,Free,2025-09-02,
82,Free,2025-01-24,
83,Free,2025-01-17,2026-08-06
84,Free,2025-09-10,
85,Free,2025-02-04,2026-01-02
86,Free,2025-03-19,
87,Free,2025-12-07,2026-04-04
88,Free,2025-06-26,2026-03-15
89,Free,2025-06-02,
90,Free,2025-02-15,
91,Free,2025-02-17,2026-09-09
92,Free,2025-09-30,2026-06-30
93,Free,2025-05-20,
94,Free,2025-05-20,
95,Free,2025-09-09,
96,Free,2025-04-07,
97,Free,2025-08-27,
98,Free,2025-02-06,2026-05-16
99,Free,2025-01-29,2026-07-15
100,Free,2025-05-22,
101,Free,2025-07-27,2026-02-05
102,Free,2025-03-29,2026-06-12
103,Free,2025-05-03,
104,Free,2025-08-03,2026-03-29
105,Free,2025-08-30,
106,Free,2025-10-18,2026-02-18
107,Free,2025-03-01,
108,Free,2025-06-25,
109,Free,2025-01-30,
110,Free,2025-08-26,
111,Free,2025-09-30,
112,Free,2025-02-13,
113,Free,2025-02-10,2026-02-24
114,Free,2025-11-11,
115,Free,2025-04-01,2026-01-02
116,Free,2025-12-19,
117,Free,2025-12-18,
118,Free,2025-09-25,
119,Free,2025-03-18,
120,Free,2025-02-14,2026-03-05
121,Free,2025-10-09,
122,Free,2025-10-11,2026-05-30
123,Free,2025-01-26,
124,Free,2025-11-04,2026-04-05
125,Free,2025-10-14,
126,Free,2025-09-25,
127,Free,2025-08-02,
128,Free,2025-07-19,
129,Free,2025-07-27,2026-04-26
130,Free,2025-05-03,
131,Free,2025-11-27,
132,Free,2025-02-26,
133,Free,2025-01-11,
134,Free,2025-02-23,2026-07-28
135,Free,2025-03-26,
136,Free,2025-06-22,2026-09-03
137,Free,2025-09-02,2026-02-07
138,Free,2025-12-05,2026-09-30
139,Free,2025-07-16,2026-05-17
140,Free,2025-12-04,
141,Free,2025-04-29,
142,Free,2025-06-16,
143,Free,2025-01-26,2026-05-28
144,Free,2025-10-26,
145,Free,2025-03-03,
146,Free,2025-11-23,
147,Free,2025-12-02,
148,Free,2025-04-07,2026-09-22
149,Free,2025-04-10,2026-04-17
150,Free,2025-01-20,
151,Free,2025-11-01,2026-01-25
152,Free,2025-11-13,
153,Free,2025-08-27,
154,Free,2025-11-21,
155,Free,2025-12-22,
156,Free,2025-01-29,
157,Free,2025-10-20,
158,Free,2025-04-17,2026-01-25
159,Free,2025-09-01,2026-04-09
160,Free,2025-02-01,
161,Free,2025-09-12,2026-08-11
162,Free,2025-03-23,2026-05-21
163,Free,2025-01-27,2026-05-12
164,Free,2025-02-19,
165,Free,2025-05-13,
166,Free,2025-06-10,
167,Free,2025-12-18,2026-07-05
168,Free,2025-04-13,
169,Free,2025-03-26,
170,Free,2025-04-26,
171,Free,2025-07-26,2026-01-14
172,Free,2025-01-09,2026-01-11
173,Free,2025-06-05,
174,Free,2025-04-10,
175,Free,2025-11-06,
176,Free,2025-08-24,
177,Free,2025-08-10,
178,Free,2025-02-15,
179,Free,2025-07-31,
180,Free,2025-11-08,
181,Free,2025-01-09,
182,Free,2025-09-13,
183,Free,2025-05-18,
184,Free,2025-05-10,
185,Free,2025-07-04,
186,Free,2025-10-03,
187,Free,2025-05-27,
188,Free,2025-08-13,2026-09-22
189,Free,2025-02-17,
190,Free,2025-02-08,
191,Free,2025-12-01,2026-04-26
192,Free,2025-01-22,
193,Free,2025-04-27,
194,Free,2025-09-20,
195,Free,2025-03-13,2026-05-16
196,Free,2025-08-22,
197,Free,2025-01-26,2026-02-14
198,Free,2025-04-16,
199,Free,2025-08-19,
200,Free,2025-12-06,
201,Free,2025-02-22,2026-08-14
202,Free,2025-09-06,2026-05-03
203,Free,2025-05-03,2026-03-06
204,Free,2025-08-14,
205,Free,2025-10-19,2026-02-24
206,Free,2025-07-22,
207,Free,2025-02-16,2026-04-22
208,Free,2025-12-09,
209,Free,2025-01-25,2026-03-07
210,Free,2025-03-27,
211,Free,2025-01-10,2026-07-13
212,Free,2025-03-30,
213,Free,2025-10-22,2026-01-05
214,Free,2025-06-20,
215,Free,2025-09-28,
216,Free,2025-11-03,2026-06-08
217,Free,2025-06-25,
218,Free,2025-03-01,
219,Free,2025-08-02,2026-08-25
220,Free,2025-08-04,
221,Free,2025-06-30,
222,Free,2025-09-02,
223,Free,2025-03-10,
224,Free,2025-06-03,2026-07-12
225,Free,2025-07-29,
226,Free,2025-10-17,
227,Free,2025-06-06,
228,Free,2025-10-28,
229,Free,2025-03-01,2026-06-06
230,Free,2025-03-08,
231,Free,2025-03-23,2026-05-25
232,Free,2025-08-07,2026-07-10
233,Free,2025-01-31,
234,Free,2025-05-22,
235,Free,2025-03-18,2026-08-01
236,Free,2025-11-30,
237,Free,2025-12-24,2026-01-08
238,Free,2025-03-25,
239,Free,2025-12-25,
240,Free,2025-05-31,
241,Free,2025-02-11,2026-07-17
242,Free,2025-12-17,2026-04-27
243,Free,2025-12-26,2026-06-01
244,Free,2025-11-30,
245,Free,2025-08-14,2026-05-22
246,Free,2025-12-23,2026-04-04
247,Free,2025-06-12,
248,Free,2025-06-16,
249,Free,2025-08-17,
250,Free,2025-08-08,2026-08-17
251,Free,2025-03-10,
252,Free,2025-01-16,
253,Free,2025-06-04,2026-03-01
254,Free,2025-04-09,
255,Free,2025-12-06,
256,Free,2025-10-13,2026-04-17
257,Free,2025-05-27,
258,Free,2025-11-14,
259,Free,2025-05-04,
260,Free,2025-10-26,2026-01-26
261,Free,2025-11-30,
262,Free,2025-05-13,
263,Free,2025-12-05,
264,Free,2025-06-29,2026-08-10
265,Free,2025-03-12,
266,Free,2025-05-29,
267,Free,2025-09-26,
268,Free,2025-08-16,2026-07-26
269,Free,2025-11-01,2026-07-25
270,Free,2025-04-30,
271,Free,2025-01-01,2026-07-24
272,Free,2025-03-09,
273,Free,2025-03-17,
274,Free,2025-10-03,
275,Free,2025-07-26,2026-02-15
276,Free,2025-03-22,2026-01-08
277,Free,2025-04-04,2026-03-09
278,Free,2025-04-13,
279,Free,2025-09-23,2026-04-27
280,Free,2025-10-12,2026-03-16
281,Free,2025-01-28,
282,Free,2025-09-23,2026-09-22
283,Free,2025-05-16,2026-01-27
284,Free,2025-01-16,2026-01-19
285,Free,2025-06-24,2026-09-28
286,Free,2025-10-09,
287,Free,2025-12-21,
288,Free,2025-09-25,
289,Free,2025-09-11,2026-03-15
290,Free,2025-05-21,
291,Free,2025-02-16,
292,Free,2025-11-30,2026-02-11
293,Free,2025-02-04,
294,Free,2025-05-13,2026-01-07
295,Free,2025-07-05,
296,Free,2025-08-12,
297,Free,2025-04-11,
298,Free,2025-06-14,
299,Free,2025-08-06,2026-05-30
300,Free,2025-03-02,2026-02-05
301,Free,2025-06-10,
302,Free,2025-06-13,
303,Free,2025-06-06,2026-03-06
304,Free,2025-12-18,
305,Free,2025-05-22,2026-09-21
306,Free,2025-02-14,
307,Free,2025-08-21,
308,Free,2025-11-28,2026-09-15
309,Free,2025-01-21,2026-05-14
310,Free,2025-01-24,2026-01-30
311,Free,2025-09-19,
312,Free,2025-03-08,
313,Free,2025-12-16,2026-05-21
314,Free,2025-12-20,2026-09-22
315,Free,2025-08-19,
316,Free,2025-05-11,
317,Free,2025-04-10,
318,Free,2025-04-19,
319,Free,2025-05-15,
320,Free,2025-09-17,
321,Free,2025-03-02,
322,Free,2025-06-03,
323,Free,2025-06-25,
324,Free,2025-11-05,
325,Free,2025-12-10,
326,Free,2025-11-24,
327,Free,2025-04-15,
328,Free,2025-09-12,2026-04-09
329,Free,2025-02-11,
330,Free,2025-10-31,2026-05-31
331,Free,2025-02-02,2026-03-13
332,Free,2025-08-13,
333,Free,2025-12-20,
334,Free,2025-05-17,
335,Free,2025-09-02,2026-09-15
336,Free,2025-04-26,2026-04-05
337,Free,2025-04-23,
338,Free,2025-11-05,
339,Free,2025-08-27,
340,Free,2025-09-18,
341,Free,2025-12-22,
342,Free,2025-07-27,2026-01-28
343,Free,2025-05-23,
344,Free,2025-10-26,
345,Free,2025-08-16,2026-01-21
346,Free,2025-05-06,2026-03-04
347,Free,2025-06-06,2026-09-09
348,Free,2025-03-05,
349,Free,2025-06-08,2026-04-19
350,Free,2025-06-03,2026-06-21
351,Free,2025-12-11,
352,Free,2025-06-29,
353,Free,2025-09-07,2026-03-30
354,Free,2025-02-18,
355,Free,2025-04-14,2026-01-24
356,Free,2025-04-13,
357,Free,2025-06-14,2026-01-26
358,Free,2025-04-15,2026-03-30
359,Free,2025-06-17,
360,Free,2025-01-13,
361,Free,2025-02-08,
362,Free,2025-06-13,
363,Free,2025-08-10,
364,Free,2025-10-31,2026-06-01
365,Free,2025-07-08,2026-03-11
366,Free,2025-07-08,
367,Free,2025-08-30,2026-04-04
368,Free,2025-01-31,2026-05-23
369,Free,2025-08-13,
370,Free,2025-12-21,2026-08-23
371,Free,2025-05-29,
372,Free,2025-01-18,
373,Free,2025-09-29,
374,Free,2025-08-25,
375,Free,2025-06-27,2026-07-07
376,Free,2025-10-16,
377,Free,2025-07-21,2026-07-24
378,Free,2025-10-17,
379,Free,2025-12-07,2026-09-13
380,Free,2025-10-19,
381,Free,2025-06-16,
382,Free,2025-06-08,
383,Free,2025-04-04,
384,Free,2025-04-02,2026-03-20
385,Free,2025-05-30,
386,Free,2025-03-10,2026-08-17
387,Free,2025-05-06,2026-04-18
388,Free,2025-09-10,
389,Free,2025-06-25,
390,Free,2025-12-22,2026-02-26
391,Free,2025-03-04,
392,Free,2025-05-10,
393,Free,2025-06-17,2026-08-04
394,Free,2025-06-11,
395,Free,2025-07-31,2026-08-23
396,Free,2025-05-20,
397,Free,2025-10-24,2026-09-20
398,Free,2025-07-06,
399,Free,2025-10-20,
400,Free,2025-05-07,
401,Starter,2025-09-28,
402,Starter,2025-09-13,
403,Starter,2025-02-28,
404,Starter,2025-11-01,
405,Starter,2025-11-27,
406,Starter,2025-12-27,
407,Starter,2025-08-30,2026-02-05
408,Starter,2025-04-06,2026-06-09
409,Starter,2025-12-22,2026-07-20
410,Starter,2025-12-15,
411,Starter,2025-11-04,
412,Starter,2025-12-24,
413,Starter,2025-11-02,
414,Starter,2025-06-11,
415,Starter,2025-05-23,
416,Starter,2025-01-08,
417,Starter,2025-12-23,
418,Starter,2025-04-11,
419,Starter,2025-11-18,
420,Starter,2025-10-28,
421,Starter,2025-02-03,
422,Starter,2025-01-01,
423,Starter,2025-10-10,
424,Starter,2025-09-07,
425,Starter,2025-08-24,
426,Starter,2025-11-18,
427,Starter,2025-09-04,2026-02-23
428,Starter,2025-09-23,
429,Starter,2025-06-13,
430,Starter,2025-02-14,2026-06-29
431,Starter,2025-12-18,2026-01-13
432,Starter,2025-06-16,
433,Starter,2025-08-22,
434,Starter,2025-05-21,
435,Starter,2025-04-07,
436,Starter,2025-03-28,
437,Starter,2025-01-17,
438,Starter,2025-12-27,
439,Starter,2025-05-15,
440,Starter,2025-07-09,
441,Starter,2025-07-27,2026-03-11
442,Starter,2025-03-19,
443,Starter,2025-01-24,
444,Starter,2025-12-12,
445,Starter,2025-10-28,
446,Starter,2025-10-01,2026-08-04
447,Starter,2025-05-09,
448,Starter,2025-08-26,
449,Starter,2025-03-10,2026-07-10
450,Starter,2025-03-04,2026-05-06
451,Starter,2025-06-20,
452,Starter,2025-03-21,2026-09-21
453,Starter,2025-04-09,2026-05-02
454,Starter,2025-09-25,
455,Starter,2025-03-20,
456,Starter,2025-06-23,
457,Starter,2025-09-13,
458,Starter,2025-10-08,
459,Starter,2025-06-16,
460,Starter,2025-06-18,2026-05-17
461,Starter,2025-11-27,
462,Starter,2025-06-02,
463,Starter,2025-11-17,
464,Starter,2025-11-06,
465,Starter,2025-07-29,2026-01-28
466,Starter,2025-11-09,
467,Starter,2025-02-17,
468,Starter,2025-04-26,
469,Starter,2025-06-16,
470,Starter,2025-03-19,
471,Starter,2025-09-24,
472,Starter,2025-02-21,
473,Starter,2025-01-20,
474,Starter,2025-01-02,
475,Starter,2025-08-30,
476,Starter,2025-08-19,
477,Starter,2025-06-02,
478,Starter,2025-07-07,
479,Starter,2025-11-15,
480,Starter,2025-01-08,
481,Starter,2025-03-17,2026-03-15
482,Starter,2025-05-11,
483,Starter,2025-03-15,
484,Starter,2025-05-30,
485,Starter,2025-03-13,2026-02-16
486,Starter,2025-11-02,
487,Starter,2025-01-24,
488,Starter,2025-08-08,2026-03-05
489,Starter,2025-01-17,2026-06-11
490,Starter,2025-04-19,
491,Starter,2025-03-30,2026-01-01
492,Starter,2025-09-14,
493,Starter,2025-01-22,
494,Starter,2025-05-24,2026-02-20
495,Starter,2025-04-02,
496,Starter,2025-06-13,
497,Starter,2025-06-11,
498,Starter,2025-07-22,
499,Starter,2025-03-26,
500,Starter,2025-02-07,2026-04-11
501,Starter,2025-05-14,
502,Starter,2025-01-18,
503,Starter,2025-06-29,
504,Starter,2025-09-13,2026-09-07
505,Starter,2025-01-05,
506,Starter,2025-08-03,2026-02-12
507,Starter,2025-06-16,
508,Starter,2025-11-14,
509,Starter,2025-07-31,
510,Starter,2025-01-12,2026-09-11
511,Starter,2025-11-23,
512,Starter,2025-08-16,2026-03-28
513,Starter,2025-02-13,
514,Starter,2025-05-23,
515,Starter,2025-07-16,
516,Starter,2025-06-27,
517,Starter,2025-05-05,
518,Starter,2025-05-31,2026-09-10
519,Starter,2025-07-06,
520,Starter,2025-01-15,
521,Starter,2025-08-25,2026-07-10
522,Starter,2025-06-14,2026-08-23
523,Starter,2025-08-25,
524,Starter,2025-01-19,
525,Starter,2025-06-29,
526,Starter,2025-11-05,
527,Starter,2025-07-01,2026-05-05
528,Starter,2025-11-30,
529,Starter,2025-09-23,
530,Starter,2025-02-07,
531,Starter,2025-06-26,
532,Starter,2025-09-27,
533,Starter,2025-12-26,2026-05-31
534,Starter,2025-04-06,
535,Starter,2025-12-20,
536,Starter,2025-11-11,2026-05-07
537,Starter,2025-01-04,2026-04-23
538,Starter,2025-06-28,
539,Starter,2025-01-19,
540,Starter,2025-06-12,
541,Starter,2025-06-08,2026-06-18
542,Starter,2025-09-26,
543,Starter,2025-01-01,2026-03-23
544,Starter,2025-08-26,2026-05-11
545,Starter,2025-07-04,
546,Starter,2025-02-08,
547,Starter,2025-02-24,
548,Starter,2025-04-05,
549,Starter,2025-04-16,
550,Starter,2025-05-09,
551,Starter,2025-06-18,
552,Starter,2025-03-05,
553,Starter,2025-11-04,2026-07-22
554,Starter,2025-05-06,
555,Starter,2025-08-24,
556,Starter,2025-11-15,
557,Starter,2025-07-27,
558,Starter,2025-01-22,
559,Starter,2025-03-27,
560,Starter,2025-04-15,
561,Starter,2025-04-10,2026-05-26
562,Starter,2025-04-09,
563,Starter,2025-11-04,
564,Starter,2025-06-03,
565,Starter,2025-06-25,
566,Starter,2025-03-10,
567,Starter,2025-12-19,
568,Starter,2025-09-19,
569,Starter,2025-08-15,
570,Starter,2025-06-27,
571,Starter,2025-10-20,
572,Starter,2025-05-13,2026-02-06
573,Starter,2025-04-15,
574,Starter,2025-10-16,
575,Starter,2025-10-07,
576,Starter,2025-08-10,
577,Starter,2025-04-16,
578,Starter,2025-06-30,
579,Starter,2025-02-06,
580,Starter,2025-09-30,
581,Starter,2025-03-09,
582,Starter,2025-02-09,2026-05-21
583,Starter,2025-11-20,
584,Starter,2025-11-29,
585,Starter,2025-05-24,
586,Starter,2025-06-11,
587,Starter,2025-08-31,
588,Starter,2025-12-22,
589,Starter,2025-08-09,
590,Starter,2025-10-19,2026-01-30
591,Starter,2025-02-20,
592,Starter,2025-06-07,
593,Starter,2025-09-21,2026-07-25
594,Starter,2025-10-27,
595,Starter,2025-09-27,
596,Starter,2025-02-15,
597,Starter,2025-09-10,
598,Starter,2025-11-03,
599,Starter,2025-02-15,
600,Starter,2025-10-21,
601,Starter,2025-01-19,
602,Starter,2025-12-17,
603,Starter,2025-12-11,
604,Starter,2025-08-17,
605,Starter,2025-07-12,
606,Starter,2025-04-21,
607,Starter,2025-08-08,
608,Starter,2025-07-19,
609,Starter,2025-06-16,
610,Starter,2025-11-17,
611,Starter,2025-09-24,2026-02-08
612,Starter,2025-10-22,
613,Starter,2025-06-14,
614,Starter,2025-09-12,
615,Starter,2025-11-17,
616,Starter,2025-11-12,
617,Starter,2025-04-18,
618,Starter,2025-11-28,
619,Starter,2025-06-24,
620,Starter,2025-11-30,
621,Starter,2025-05-03,
622,Starter,2025-06-13,
623,Starter,2025-10-27,
624,Starter,2025-02-05,
625,Starter,2025-01-29,
626,Starter,2025-09-29,
627,Starter,2025-02-23,
628,Starter,2025-02-23,
629,Starter,2025-04-03,
630,Starter,2025-11-30,
631,Starter,2025-09-24,
632,Starter,2025-09-23,
633,Starter,2025-11-01,
634,Starter,2025-12-24,
635,Starter,2025-06-06,
636,Starter,2025-02-03,
637,Starter,2025-10-19,2026-02-13
638,Starter,2025-02-27,
639,Starter,2025-08-12,
640,Starter,2025-02-13,
641,Starter,2025-01-23,
642,Starter,2025-07-31,
643,Starter,2025-02-27,
644,Starter,2025-08-11,2026-04-10
645,Starter,2025-04-08,
646,Starter,2025-08-23,
647,Starter,2025-11-15,2026-04-27
648,Starter,2025-08-07,
649,Starter,2025-06-04,
650,Starter,2025-07-11,2026-07-16
651,Starter,2025-02-28,
652,Starter,2025-01-25,
653,Starter,2025-09-17,2026-03-02
654,Starter,2025-05-26,
655,Starter,2025-03-09,
656,Starter,2025-01-26,
657,Starter,2025-05-20,
658,Starter,2025-06-01,
659,Starter,2025-10-15,
660,Starter,2025-03-04,
661,Starter,2025-05-04,
662,Starter,2025-09-20,
663,Starter,2025-01-08,
664,Starter,2025-04-29,
665,Starter,2025-12-16,
666,Starter,2025-04-07,
667,Starter,2025-04-20,
668,Starter,2025-10-28,
669,Starter,2025-11-26,
670,Starter,2025-11-02,2026-02-17
671,Starter,2025-04-22,
672,Starter,2025-12-26,
673,Starter,2025-08-31,
674,Starter,2025-03-29,
675,Starter,2025-11-24,
676,Starter,2025-07-02,
677,Starter,2025-10-27,
678,Starter,2025-01-12,
679,Starter,2025-09-03,
680,Starter,2025-02-13,
681,Starter,2025-08-03,
682,Starter,2025-07-19,
683,Starter,2025-05-20,
684,Starter,2025-02-02,2026-02-21
685,Starter,2025-01-20,
686,Starter,2025-01-30,
687,Starter,2025-12-19,
688,Starter,2025-04-23,
689,Starter,2025-08-24,
690,Starter,2025-06-18,
691,Starter,2025-10-22,
692,Starter,2025-01-28,
693,Starter,2025-11-07,
694,Starter,2025-03-11,
695,Starter,2025-03-21,
696,Starter,2025-01-23,2026-08-20
697,Starter,2025-07-06,
698,Starter,2025-11-01,
699,Starter,2025-05-12,
700,Starter,2025-01-06,
701,Starter,2025-05-28,
702,Starter,2025-12-20,
703,Starter,2025-04-08,2026-05-13
704,Starter,2025-03-10,
705,Starter,2025-08-15,2026-09-13
706,Starter,2025-02-08,
707,Starter,2025-01-02,
708,Starter,2025-10-03,
709,Starter,2025-12-23,
710,Starter,2025-06-14,
711,Starter,2025-05-04,2026-09-01
712,Starter,2025-08-12,
713,Starter,2025-05-04,
714,Starter,2025-11-23,
715,Starter,2025-02-05,
716,Starter,2025-05-20,2026-06-17
717,Starter,2025-03-19,2026-04-13
718,Starter,2025-07-08,
719,Starter,2025-08-12,
720,Starter,2025-07-04,2026-05-09
721,Starter,2025-07-12,
722,Starter,2025-05-01,
723,Starter,2025-03-25,2026-02-16
724,Starter,2025-12-20,
725,Starter,2025-03-11,
726,Starter,2025-04-28,
727,Starter,2025-01-02,
728,Starter,2025-02-19,
729,Starter,2025-12-22,
730,Starter,2025-11-11,
731,Starter,2025-05-31,
732,Starter,2025-05-28,2026-09-18
733,Starter,2025-02-19,2026-06-09
734,Starter,2025-01-04,
735,Starter,2025-04-11,2026-05-02
736,Starter,2025-08-12,
737,Starter,2025-06-25,2026-06-10
738,Starter,2025-06-17,
739,Starter,2025-05-04,2026-09-22
740,Starter,2025-08-18,2026-06-17
741,Starter,2025-07-11,
742,Starter,2025-06-07,
743,Starter,2025-10-18,
744,Starter,2025-04-30,
745,Starter,2025-02-22,2026-06-05
746,Starter,2025-06-03,
747,Starter,2025-08-02,2026-03-16
748,Starter,2025-11-27,2026-01-14
749,Starter,2025-07-09,
750,Starter,2025-12-02,
751,Starter,2025-09-13,2026-09-13
752,Starter,2025-12-12,
753,Starter,2025-09-10,
754,Starter,2025-08-16,
755,Starter,2025-05-03,2026-04-29
756,Starter,2025-12-01,
757,Starter,2025-04-15,
758,Starter,2025-02-12,
759,Starter,2025-07-24,
760,Starter,2025-05-30,
761,Starter,2025-06-09,
762,Starter,2025-05-31,
763,Starter,2025-07-31,2026-04-29
764,Starter,2025-10-13,
765,Starter,2025-04-08,
766,Starter,2025-05-25,
767,Starter,2025-06-23,2026-09-13
768,Starter,2025-07-21,
769,Starter,2025-02-05,
770,Starter,2025-05-28,
771,Starter,2025-05-30,
772,Starter,2025-09-24,
773,Starter,2025-07-17,
774,Starter,2025-05-29,
775,Starter,2025-06-11,
776,Starter,2025-03-09,
777,Starter,2025-12-22,
778,Starter,2025-11-06,
779,Starter,2025-11-17,
780,Starter,2025-06-12,
781,Starter,2025-09-02,
782,Starter,2025-10-07,
783,Starter,2025-09-12,2026-09-28
784,Starter,2025-07-26,
785,Starter,2025-03-31,
786,Starter,2025-08-06,
787,Starter,2025-12-08,2026-02-15
788,Starter,2025-08-28,
789,Starter,2025-02-22,
790,Starter,2025-12-21,
791,Starter,2025-11-04,
792,Starter,2025-04-22,
793,Starter,2025-07-26,2026-04-17
794,Starter,2025-09-19,
795,Starter,2025-08-22,
796,Starter,2025-01-07,
797,Starter,2025-02-27,
798,Starter,2025-08-25,
799,Starter,2025-09-01,
800,Starter,2025-04-13,
801,Team,2025-08-08,2026-05-13
802,Team,2025-11-20,
803,Team,2025-08-16,
804,Team,2025-07-24,
805,Team,2025-11-24,
806,Team,2025-01-03,
807,Team,2025-10-29,2026-07-18
808,Team,2025-10-23,
809,Team,2025-03-18,
810,Team,2025-03-11,2026-03-25
811,Team,2025-05-22,
812,Team,2025-02-15,
813,Team,2025-10-01,
814,Team,2025-10-26,2026-04-16
815,Team,2025-01-23,
816,Team,2025-05-17,
817,Team,2025-06-11,
818,Team,2025-12-04,
819,Team,2025-11-24,
820,Team,2025-04-10,2026-08-27
821,Team,2025-11-17,
822,Team,2025-06-20,2026-09-21
823,Team,2025-02-07,
824,Team,2025-08-02,
825,Team,2025-04-10,2026-09-25
826,Team,2025-07-22,
827,Team,2025-10-14,2026-09-07
828,Team,2025-06-03,
829,Team,2025-10-07,
830,Team,2025-12-06,
831,Team,2025-03-28,
832,Team,2025-12-11,
833,Team,2025-04-30,
834,Team,2025-04-30,
835,Team,2025-10-27,2026-09-19
836,Team,2025-06-07,2026-09-18
837,Team,2025-03-04,
838,Team,2025-09-23,
839,Team,2025-11-29,
840,Team,2025-03-09,2026-01-30
841,Team,2025-01-06,
842,Team,2025-11-04,
843,Team,2025-03-09,
844,Team,2025-11-20,2026-08-20
845,Team,2025-10-16,2026-07-02
846,Team,2025-12-10,
847,Team,2025-04-17,2026-06-04
848,Team,2025-02-14,
849,Team,2025-05-26,2026-07-12
850,Team,2025-05-14,2026-07-12
851,Team,2025-05-17,
852,Team,2025-06-12,
853,Team,2025-08-11,
854,Team,2025-07-30,
855,Team,2025-08-08,
856,Team,2025-10-14,
857,Team,2025-04-02,
858,Team,2025-10-15,
859,Team,2025-05-20,
860,Team,2025-12-10,
861,Team,2025-04-23,2026-09-20
862,Team,2025-12-14,
863,Team,2025-05-17,2026-08-31
864,Team,2025-08-13,
865,Team,2025-05-11,
866,Team,2025-05-28,
867,Team,2025-05-15,
868,Team,2025-02-27,2026-09-30
869,Team,2025-05-13,2026-09-25
870,Team,2025-05-15,
871,Team,2025-03-03,
872,Team,2025-09-17,
873,Team,2025-09-21,
874,Team,2025-04-25,
875,Team,2025-08-21,
876,Team,2025-12-17,
877,Team,2025-06-20,
878,Team,2025-11-20,2026-02-28
879,Team,2025-11-06,
880,Team,2025-07-15,
881,Team,2025-02-12,
882,Team,2025-03-19,
883,Team,2025-11-28,2026-08-11
884,Team,2025-06-16,
885,Team,2025-06-08,
886,Team,2025-11-30,
887,Team,2025-11-29,2026-08-13
888,Team,2025-08-13,
889,Team,2025-09-25,
890,Team,2025-11-19,
891,Team,2025-12-24,2026-08-30
892,Team,2025-11-24,
893,Team,2025-12-08,
894,Team,2025-07-18,
895,Team,2025-01-11,
896,Team,2025-11-08,
897,Team,2025-01-17,
898,Team,2025-02-01,
899,Team,2025-05-10,
900,Team,2025-04-03,
901,Team,2025-08-23,
902,Team,2025-08-20,
903,Team,2025-01-17,2026-09-24
904,Team,2025-10-27,
905,Team,2025-01-01,2026-07-04
906,Team,2025-03-15,
907,Team,2025-09-29,
908,Team,2025-09-07,
909,Team,2025-12-23,
910,Team,2025-09-20,2026-07-02
911,Team,2025-01-20,
912,Team,2025-01-26,
913,Team,2025-04-27,2026-08-01
914,Team,2025-09-30,
915,Team,2025-10-01,2026-08-17
916,Team,2025-04-09,2026-08-20
917,Team,2025-07-14,
918,Team,2025-03-31,
919,Team,2025-09-17,2026-09-24
920,Team,2025-06-11,
921,Team,2025-03-15,
922,Team,2025-04-10,
923,Team,2025-03-31,
924,Team,2025-02-07,
925,Team,2025-05-24,
926,Team,2025-09-03,
927,Team,2025-07-06,
928,Team,2025-11-24,
929,Team,2025-08-02,2026-07-14
930,Team,2025-04-02,
931,Team,2025-06-17,
932,Team,2025-12-13,2026-07-17
933,Team,2025-05-31,
934,Team,2025-06-17,2026-09-05
935,Team,2025-11-13,
936,Team,2025-11-01,
937,Team,2025-09-16,
938,Team,2025-08-04,
939,Team,2025-06-04,
940,Team,2025-04-20,
941,Team,2025-09-14,
942,Team,2025-05-08,
943,Team,2025-10-02,
944,Team,2025-04-13,
945,Team,2025-06-10,
946,Team,2025-05-19,2026-07-16
947,Team,2025-06-17,
948,Team,2025-01-01,
949,Team,2025-05-16,
950,Team,2025-10-01,
951,Team,2025-09-18,
952,Team,2025-02-13,
953,Team,2025-07-20,2026-08-25
954,Team,2025-04-03,
955,Team,2025-09-07,2026-08-27
956,Team,2025-11-06,
957,Team,2025-05-01,2026-02-18
958,Team,2025-06-25,2026-07-16
959,Team,2025-12-19,2026-09-19
960,Team,2025-01-31,2026-09-09
961,Team,2025-01-28,
962,Team,2025-03-20,
963,Team,2025-04-04,
964,Team,2025-11-23,
965,Team,2025-07-29,
966,Team,2025-01-05,
967,Team,2025-09-06,
968,Team,2025-02-21,
969,Team,2025-12-21,
970,Team,2025-03-04,2026-08-08
971,Team,2025-09-04,2026-05-17
972,Team,2025-08-20,2026-08-21
973,Team,2025-10-08,
974,Team,2025-10-06,2026-08-16
975,Team,2025-08-10,
976,Team,2025-06-17,2026-08-17
977,Team,2025-10-08,2026-07-06
978,Team,2025-04-09,
979,Team,2025-10-31,
980,Team,2025-03-31,
981,Team,2025-03-10,
982,Team,2025-04-11,
983,Team,2025-01-04,
984,Team,2025-05-19,2026-09-04
985,Team,2025-11-30,
986,Team,2025-09-04,
987,Team,2025-06-28,2026-08-05
988,Team,2025-04-21,2026-07-16
989,Team,2025-11-22,
990,Team,2025-07-27,
991,Team,2025-11-01,2026-08-06
992,Team,2025-04-17,
993,Team,2025-04-26,
994,Team,2025-06-14,
995,Team,2025-10-31,2026-05-11
996,Team,2025-11-29,
997,Team,2025-09-14,
998,Team,2025-06-22,
999,Team,2025-08-09,
1000,Team,2025-06-29,2026-08-30
1001,Team,2025-08-25,2026-08-11
1002,Team,2025-03-16,
1003,Team,2025-11-08,
1004,Team,2025-07-23,2026-04-05
1005,Team,2025-05-04,
1006,Team,2025-08-20,
1007,Team,2025-12-06,2026-07-17
1008,Team,2025-11-30,
1009,Team,2025-05-23,
1010,Team,2025-10-31,
1011,Team,2025-09-13,
1012,Team,2025-06-21,
1013,Team,2025-01-01,
1014,Team,2025-11-08,2026-09-28
1015,Team,2025-05-05,
1016,Team,2025-10-06,2026-02-15
1017,Team,2025-10-13,2026-08-19
1018,Team,2025-04-05,
1019,Team,2025-03-13,
1020,Team,2025-02-21,
1021,Team,2025-09-05,2026-07-06
1022,Team,2025-07-07,
1023,Team,2025-07-27,
1024,Team,2025-05-20,
1025,Team,2025-05-01,2026-07-03
1026,Team,2025-05-19,
1027,Team,2025-04-05,2026-08-16
1028,Team,2025-06-10,
1029,Team,2025-11-28,
1030,Team,2025-11-16,2026-07-11
1031,Team,2025-02-11,
1032,Team,2025-10-05,
1033,Team,2025-09-27,
1034,Team,2025-04-10,
1035,Team,2025-01-31,
1036,Team,2025-04-04,2026-08-25
1037,Team,2025-06-06,2026-09-02
1038,Team,2025-07-09,
1039,Team,2025-01-19,2026-08-24
1040,Team,2025-07-31,2026-07-09
1041,Team,2025-09-27,
1042,Team,2025-07-08,2026-07-21
1043,Team,2025-11-21,
1044,Team,2025-09-11,
1045,Team,2025-08-26,2026-03-31
1046,Team,2025-05-26,2026-09-27
1047,Team,2025-09-19,2026-07-12
1048,Team,2025-05-23,
1049,Team,2025-11-09,2026-07-16
1050,Team,2025-05-23,2026-04-19
1051,Team,2025-08-05,
1052,Team,2025-01-24,
1053,Team,2025-06-18,
1054,Team,2025-09-14,2026-02-25
1055,Team,2025-03-11,2026-07-04
1056,Team,2025-01-15,
1057,Team,2025-03-10,
1058,Team,2025-12-23,
1059,Team,2025-08-04,
1060,Team,2025-07-15,
1061,Team,2025-06-07,
1062,Team,2025-03-01,2026-04-04
1063,Team,2025-09-21,
1064,Team,2025-01-25,2026-09-27
1065,Team,2025-06-05,
1066,Team,2025-07-06,
1067,Team,2025-02-18,
1068,Team,2025-09-12,
1069,Team,2025-08-08,2026-09-15
1070,Team,2025-06-15,
1071,Team,2025-10-11,
1072,Team,2025-06-27,2026-03-05
1073,Team,2025-09-22,2026-09-09
1074,Team,2025-06-21,
1075,Team,2025-03-29,
1076,Team,2025-05-14,
1077,Team,2025-06-06,
1078,Team,2025-02-15,
1079,Team,2025-12-26,
1080,Team,2025-10-23,
1081,Team,2025-10-08,
1082,Team,2025-10-04,
1083,Team,2025-04-11,2026-09-19
1084,Team,2025-05-26,
1085,Team,2025-05-16,
1086,Team,2025-01-24,2026-01-05
1087,Team,2025-04-11,
1088,Team,2025-04-23,2026-08-03
1089,Team,2025-08-15,
1090,Team,2025-01-13,
1091,Team,2025-07-18,
1092,Team,2025-07-12,
1093,Team,2025-05-18,
1094,Team,2025-11-02,
1095,Team,2025-04-17,
1096,Team,2025-01-11,
1097,Team,2025-04-17,
1098,Team,2025-02-22,
1099,Team,2025-11-10,2026-09-15
1100,Team,2025-02-14,
1101,Team,2025-07-05,
1102,Team,2025-11-01,2026-09-19
1103,Team,2025-09-17,2026-08-04
1104,Team,2025-08-02,
1105,Team,2025-11-13,
1106,Team,2025-10-22,
1107,Team,2025-07-26,
1108,Team,2025-11-03,
1109,Team,2025-07-10,
1110,Team,2025-09-03,
1111,Team,2025-02-16,
1112,Team,2025-01-04,
1113,Team,2025-08-09,
1114,Team,2025-06-27,
1115,Team,2025-11-11,2026-07-31
1116,Team,2025-06-16,
1117,Team,2025-07-25,
1118,Team,2025-03-26,
1119,Team,2025-08-05,
1120,Team,2025-05-27,2026-05-08
1121,Team,2025-04-02,
1122,Team,2025-03-06,
1123,Team,2025-11-25,
1124,Team,2025-08-10,
1125,Team,2025-10-22,
1126,Team,2025-05-20,2026-07-29
1127,Team,2025-09-25,
1128,Team,2025-11-16,
1129,Team,2025-10-18,2026-01-03
1130,Team,2025-09-19,
1131,Team,2025-09-17,
1132,Team,2025-04-24,2026-08-14
1133,Team,2025-01-01,
1134,Team,2025-11-24,
1135,Team,2025-01-09,
1136,Team,2025-02-27,
1137,Team,2025-04-17,2026-05-20
1138,Team,2025-10-01,2026-09-27
1139,Team,2025-05-12,
1140,Team,2025-05-01,
1141,Team,2025-07-09,
1142,Team,2025-08-04,
1143,Team,2025-06-02,2026-07-12
1144,Team,2025-05-22,
1145,Team,2025-01-19,
1146,Team,2025-06-27,
1147,Team,2025-04-30,
1148,Team,2025-08-24,2026-02-10
1149,Team,2025-08-24,
1150,Team,2025-12-15,
1151,Team,2025-12-26,
1152,Team,2025-05-18,
1153,Team,2025-04-15,
1154,Team,2025-09-04,2026-08-25
1155,Team,2025-10-16,2026-09-22
1156,Team,2025-01-21,2026-02-13
1157,Team,2025-06-06,
1158,Team,2025-01-12,
1159,Team,2025-11-01,
1160,Team,2025-01-31,
1161,Team,2025-02-19,2026-06-29
1162,Team,2025-07-07,
1163,Team,2025-10-21,2026-07-12
1164,Team,2025-06-17,2026-08-16
1165,Team,2025-04-02,
1166,Team,2025-12-11,2026-05-01
1167,Team,2025-12-21,2026-01-01
1168,Team,2025-04-26,
1169,Team,2025-06-10,
1170,Team,2025-03-28,
1171,Team,2025-01-08,
1172,Team,2025-09-12,
1173,Team,2025-04-12,2026-08-08
1174,Team,2025-03-09,
1175,Team,2025-07-30,
1176,Team,2025-01-02,
1177,Team,2025-06-12,
1178,Team,2025-04-07,2026-07-09
1179,Team,2025-12-03,
1180,Team,2025-06-21,
1181,Team,2025-02-22,2026-07-28
1182,Team,2025-03-31,
1183,Team,2025-04-19,
1184,Team,2025-02-12,
1185,Team,2025-02-28,2026-06-22
1186,Team,2025-09-12,
1187,Team,2025-10-07,
1188,Team,2025-01-09,
1189,Team,2025-08-28,
1190,Team,2025-07-13,
1191,Team,2025-11-29,
1192,Team,2025-04-17,
1193,Team,2025-05-07,2026-04-18
1194,Team,2025-08-16,2026-08-09
1195,Team,2025-12-03,
1196,Team,2025-06-08,
1197,Team,2025-06-29,
1198,Team,2025-01-21,2026-09-19
1199,Team,2025-01-06,
1200,Team,2025-01-03,
1201,Enterprise,2025-09-30,
1202,Enterprise,2025-01-21,
1203,Enterprise,2025-02-27,
1204,Enterprise,2025-03-07,
1205,Enterprise,2025-05-03,
1206,Enterprise,2025-12-25,
1207,Enterprise,2025-07-23,
1208,Enterprise,2025-10-01,
1209,Enterprise,2025-02-15,
1210,Enterprise,2025-09-19,
1211,Enterprise,2025-08-24,
1212,Enterprise,2025-08-28,
1213,Enterprise,2025-08-22,
1214,Enterprise,2025-03-18,
1215,Enterprise,2025-04-27,
1216,Enterprise,2025-06-07,
1217,Enterprise,2025-11-28,
1218,Enterprise,2025-08-22,
1219,Enterprise,2025-12-16,
1220,Enterprise,2025-07-15,
1221,Enterprise,2025-11-02,
1222,Enterprise,2025-06-25,
1223,Enterprise,2025-07-26,
1224,Enterprise,2025-09-25,2026-05-16
1225,Enterprise,2025-12-14,
1226,Enterprise,2025-08-02,
1227,Enterprise,2025-04-10,
1228,Enterprise,2025-11-25,
1229,Enterprise,2025-08-31,
1230,Enterprise,2025-11-18,
1231,Enterprise,2025-08-23,
1232,Enterprise,2025-09-13,
1233,Enterprise,2025-02-19,
1234,Enterprise,2025-09-24,2026-01-16
1235,Enterprise,2025-10-04,2026-03-05
1236,Enterprise,2025-05-24,
1237,Enterprise,2025-09-08,
1238,Enterprise,2025-07-19,
1239,Enterprise,2025-07-11,
1240,Enterprise,2025-10-09,
1241,Enterprise,2025-09-28,
1242,Enterprise,2025-12-24,
1243,Enterprise,2025-01-22,
1244,Enterprise,2025-11-09,
1245,Enterprise,2025-04-22,
1246,Enterprise,2025-12-18,
1247,Enterprise,2025-06-16,
1248,Enterprise,2025-06-30,
1249,Enterprise,2025-05-18,
1250,Enterprise,2025-06-25,
1251,Enterprise,2025-10-09,
1252,Enterprise,2025-11-21,
1253,Enterprise,2025-05-29,
1254,Enterprise,2025-09-15,
1255,Enterprise,2025-11-27,
1256,Enterprise,2025-01-19,
1257,Enterprise,2025-09-10,
1258,Enterprise,2025-02-28,
1259,Enterprise,2025-06-04,
1260,Enterprise,2025-01-22,
1261,Enterprise,2025-09-06,
1262,Enterprise,2025-05-03,
1263,Enterprise,2025-07-29,
1264,Enterprise,2025-11-08,2026-04-19
1265,Enterprise,2025-03-15,
1266,Enterprise,2025-05-06,
1267,Enterprise,2025-07-19,
1268,Enterprise,2025-12-09,
1269,Enterprise,2025-12-13,
1270,Enterprise,2025-01-15,
1271,Enterprise,2025-09-14,
1272,Enterprise,2025-08-31,
1273,Enterprise,2025-03-21,
1274,Enterprise,2025-03-14,
1275,Enterprise,2025-09-24,
1276,Enterprise,2025-03-14,
1277,Enterprise,2025-05-13,
1278,Enterprise,2025-01-29,
1279,Enterprise,2025-03-02,
1280,Enterprise,2025-09-08,
1281,Enterprise,2025-01-08,
1282,Enterprise,2025-06-07,
1283,Enterprise,2025-05-26,
1284,Enterprise,2025-10-27,
1285,Enterprise,2025-06-18,
1286,Enterprise,2025-11-25,
1287,Enterprise,2025-12-12,
1288,Enterprise,2025-02-04,2026-01-11
1289,Enterprise,2025-03-31,
1290,Enterprise,2025-08-24,2026-04-27
1291,Enterprise,2025-02-16,
1292,Enterprise,2025-04-23,
1293,Enterprise,2025-08-05,
1294,Enterprise,2025-08-06,
1295,Enterprise,2025-07-08,
1296,Enterprise,2025-03-31,
1297,Enterprise,2025-01-05,
1298,Enterprise,2025-05-09,
1299,Enterprise,2025-06-20,
1300,Enterprise,2025-08-11,2026-04-01
1301,Enterprise,2025-08-07,
1302,Enterprise,2025-08-15,
1303,Enterprise,2025-10-29,
1304,Enterprise,2025-01-10,
1305,Enterprise,2025-06-01,
1306,Enterprise,2025-04-16,
1307,Enterprise,2025-01-25,
1308,Enterprise,2025-08-01,
1309,Enterprise,2025-08-02,
1310,Enterprise,2025-08-10,
1311,Enterprise,2025-05-29,
1312,Enterprise,2025-10-31,
1313,Enterprise,2025-01-15,
1314,Enterprise,2025-08-18,
1315,Enterprise,2025-11-04,
1316,Enterprise,2025-05-14,
1317,Enterprise,2025-02-15,
1318,Enterprise,2025-03-04,
1319,Enterprise,2025-11-18,
1320,Enterprise,2025-03-23,
1321,Enterprise,2025-11-24,
1322,Enterprise,2025-03-11,
1323,Enterprise,2025-06-20,
1324,Enterprise,2025-08-23,
1325,Enterprise,2025-04-18,
1326,Enterprise,2025-07-01,2026-08-31
1327,Enterprise,2025-12-04,
1328,Enterprise,2025-09-15,
1329,Enterprise,2025-11-26,
1330,Enterprise,2025-05-26,
1331,Enterprise,2025-03-22,
1332,Enterprise,2025-12-08,
1333,Enterprise,2025-04-02,
1334,Enterprise,2025-07-08,
1335,Enterprise,2025-05-09,
1336,Enterprise,2025-02-07,
1337,Enterprise,2025-04-20,
1338,Enterprise,2025-09-01,
1339,Enterprise,2025-01-19,
1340,Enterprise,2025-03-18,
1341,Enterprise,2025-03-07,
1342,Enterprise,2025-05-29,
1343,Enterprise,2025-09-11,
1344,Enterprise,2025-09-24,
1345,Enterprise,2025-06-13,
1346,Enterprise,2025-11-27,
1347,Enterprise,2025-07-30,
1348,Enterprise,2025-12-10,
1349,Enterprise,2025-03-23,
1350,Enterprise,2025-12-05,
1351,Enterprise,2025-05-24,
1352,Enterprise,2025-10-16,
1353,Enterprise,2025-12-01,
1354,Enterprise,2025-06-14,
1355,Enterprise,2025-01-07,
1356,Enterprise,2025-05-21,
1357,Enterprise,2025-02-03,
1358,Enterprise,2025-08-26,
1359,Enterprise,2025-01-10,
1360,Enterprise,2025-08-14,
1361,Enterprise,2025-10-31,
1362,Enterprise,2025-02-26,
1363,Enterprise,2025-01-24,
1364,Enterprise,2025-07-08,
1365,Enterprise,2025-11-23,
1366,Enterprise,2025-08-26,2026-02-01
1367,Enterprise,2025-12-15,
1368,Enterprise,2025-04-03,
1369,Enterprise,2025-07-21,
1370,Enterprise,2025-05-30,
1371,Enterprise,2025-10-21,
1372,Enterprise,2025-07-13,
1373,Enterprise,2025-08-02,
1374,Enterprise,2025-01-24,
1375,Enterprise,2025-06-22,
1376,Enterprise,2025-08-24,
1377,Enterprise,2025-05-26,
1378,Enterprise,2025-08-23,
1379,Enterprise,2025-12-20,
1380,Enterprise,2025-05-13,
1381,Enterprise,2025-05-31,
1382,Enterprise,2025-11-23,
1383,Enterprise,2025-03-08,2026-08-02
1384,Enterprise,2025-08-02,
1385,Enterprise,2025-04-07,
1386,Enterprise,2025-01-15,
1387,Enterprise,2025-10-19,
1388,Enterprise,2025-08-04,
1389,Enterprise,2025-01-16,
1390,Enterprise,2025-02-11,
1391,Enterprise,2025-10-28,
1392,Enterprise,2025-10-21,
1393,Enterprise,2025-05-14,
1394,Enterprise,2025-12-21,
1395,Enterprise,2025-07-02,
1396,Enterprise,2025-04-18,
1397,Enterprise,2025-12-02,
1398,Enterprise,2025-12-19,
1399,Enterprise,2025-04-24,
1400,Enterprise,2025-01-04,
1401,Enterprise,2025-12-15,
1402,Enterprise,2025-06-24,
1403,Enterprise,2025-08-29,
1404,Enterprise,2025-10-25,
1405,Enterprise,2025-08-13,
1406,Enterprise,2025-12-22,
1407,Enterprise,2025-03-08,
1408,Enterprise,2025-11-24,
1409,Enterprise,2025-01-24,
1410,Enterprise,2025-09-03,
1411,Enterprise,2025-08-22,
1412,Enterprise,2025-11-01,
1413,Enterprise,2025-01-12,
1414,Enterprise,2025-10-10,
1415,Enterprise,2025-08-19,
1416,Enterprise,2025-01-18,
1417,Enterprise,2025-06-20,
1418,Enterprise,2025-01-29,
1419,Enterprise,2025-07-02,
1420,Enterprise,2025-03-11,
1421,Enterprise,2025-05-30,2026-07-18
1422,Enterprise,2025-02-03,
1423,Enterprise,2025-02-04,
1424,Enterprise,2025-12-15,
1425,Enterprise,2025-01-13,
1426,Enterprise,2025-04-17,
1427,Enterprise,2025-08-06,
1428,Enterprise,2025-10-10,
1429,Enterprise,2025-01-12,
1430,Enterprise,2025-06-10,
1431,Enterprise,2025-01-30,
1432,Enterprise,2025-11-30,
1433,Enterprise,2025-01-04,
1434,Enterprise,2025-07-13,
1435,Enterprise,2025-10-29,
1436,Enterprise,2025-07-04,
1437,Enterprise,2025-06-06,
1438,Enterprise,2025-01-07,
1439,Enterprise,2025-09-26,
1440,Enterprise,2025-10-02,
1441,Enterprise,2025-12-03,
1442,Enterprise,2025-02-25,
1443,Enterprise,2025-04-23,
1444,Enterprise,2025-05-09,
1445,Enterprise,2025-11-12,
1446,Enterprise,2025-09-30,
1447,Enterprise,2025-09-04,
1448,Enterprise,2025-09-13,
1449,Enterprise,2025-09-26,
1450,Enterprise,2025-03-29,
1451,Enterprise,2025-04-07,
1452,Enterprise,2025-08-08,
1453,Enterprise,2025-01-15,
1454,Enterprise,2025-09-12,
1455,Enterprise,2025-08-19,
1456,Enterprise,2025-08-30,
1457,Enterprise,2025-07-25,
1458,Enterprise,2025-08-26,
1459,Enterprise,2025-03-08,
1460,Enterprise,2025-09-10,
1461,Enterprise,2025-08-22,
1462,Enterprise,2025-02-17,
1463,Enterprise,2025-03-27,
1464,Enterprise,2025-09-06,
1465,Enterprise,2025-03-28,
1466,Enterprise,2025-02-19,
1467,Enterprise,2025-05-11,
1468,Enterprise,2025-11-09,
1469,Enterprise,2025-09-04,
1470,Enterprise,2025-12-26,
1471,Enterprise,2025-11-21,
1472,Enterprise,2025-09-25,
1473,Enterprise,2025-06-25,
1474,Enterprise,2025-06-15,
1475,Enterprise,2025-11-30,
1476,Enterprise,2025-03-21,
1477,Enterprise,2025-09-28,
1478,Enterprise,2025-05-16,
1479,Enterprise,2025-06-29,
1480,Enterprise,2025-10-28,
1481,Enterprise,2025-05-31,
1482,Enterprise,2025-03-12,
1483,Enterprise,2025-01-22,
1484,Enterprise,2025-08-01,
1485,Enterprise,2025-01-28,
1486,Enterprise,2025-10-02,
1487,Enterprise,2025-08-22,
1488,Enterprise,2025-01-05,
1489,Enterprise,2025-12-23,
1490,Enterprise,2025-08-07,
1491,Enterprise,2025-12-20,
1492,Enterprise,2025-09-11,
1493,Enterprise,2025-01-20,
1494,Enterprise,2025-04-10,
1495,Enterprise,2025-03-23,
1496,Enterprise,2025-12-06,
1497,Enterprise,2025-03-10,
1498,Enterprise,2025-06-10,
1499,Enterprise,2025-08-24,
1500,Enterprise,2025-01-11,
1501,Enterprise,2025-07-08,
1502,Enterprise,2025-07-06,
1503,Enterprise,2025-09-07,
1504,Enterprise,2025-05-27,
1505,Enterprise,2025-09-11,
1506,Enterprise,2025-09-20,
1507,Enterprise,2025-12-05,
1508,Enterprise,2025-04-09,
1509,Enterprise,2025-02-22,
1510,Enterprise,2025-02-16,
1511,Enterprise,2025-01-13,
1512,Enterprise,2025-01-29,2026-01-10
1513,Enterprise,2025-10-04,
1514,Enterprise,2025-10-10,
1515,Enterprise,2025-02-13,
1516,Enterprise,2025-08-31,
1517,Enterprise,2025-03-31,
1518,Enterprise,2025-09-11,
1519,Enterprise,2025-12-16,
1520,Enterprise,2025-10-12,
1521,Enterprise,2025-05-20,
1522,Enterprise,2025-08-20,
1523,Enterprise,2025-05-20,
1524,Enterprise,2025-06-09,
1525,Enterprise,2025-04-05,
1526,Enterprise,2025-09-30,
1527,Enterprise,2025-12-20,
1528,Enterprise,2025-10-10,
1529,Enterprise,2025-06-01,
1530,Enterprise,2025-12-27,
1531,Enterprise,2025-07-09,
1532,Enterprise,2025-10-21,
1533,Enterprise,2025-04-19,
1534,Enterprise,2025-04-22,
1535,Enterprise,2025-08-12,
1536,Enterprise,2025-01-05,
1537,Enterprise,2025-12-22,
1538,Enterprise,2025-03-26,2026-09-09
1539,Enterprise,2025-11-21,
1540,Enterprise,2025-02-14,
1541,Enterprise,2025-05-25,
1542,Enterprise,2025-05-01,
1543,Enterprise,2025-06-05,
1544,Enterprise,2025-06-28,
1545,Enterprise,2025-10-10,
1546,Enterprise,2025-09-11,
1547,Enterprise,2025-01-01,
1548,Enterprise,2025-12-18,
1549,Enterprise,2025-06-11,
1550,Enterprise,2025-04-11,
1551,Enterprise,2025-05-31,2026-08-29
1552,Enterprise,2025-10-30,
1553,Enterprise,2025-09-25,
1554,Enterprise,2025-01-24,
1555,Enterprise,2025-08-18,
1556,Enterprise,2025-02-15,
1557,Enterprise,2025-08-26,
1558,Enterprise,2025-09-21,
1559,Enterprise,2025-05-24,
1560,Enterprise,2025-05-31,2026-02-05
1561,Enterprise,2025-09-30,
1562,Enterprise,2025-11-17,
1563,Enterprise,2025-05-29,
1564,Enterprise,2025-05-18,
1565,Enterprise,2025-09-27,
1566,Enterprise,2025-11-09,
1567,Enterprise,2025-09-15,
1568,Enterprise,2025-11-01,
1569,Enterprise,2025-06-30,
1570,Enterprise,2025-08-04,
1571,Enterprise,2025-08-27,
1572,Enterprise,2025-07-21,
1573,Enterprise,2025-07-07,
1574,Enterprise,2025-01-25,
1575,Enterprise,2025-02-09,
1576,Enterprise,2025-06-01,
1577,Enterprise,2025-05-21,
1578,Enterprise,2025-12-26,
1579,Enterprise,2025-10-11,
1580,Enterprise,2025-08-01,
1581,Enterprise,2025-03-07,
1582,Enterprise,2025-03-12,
1583,Enterprise,2025-02-26,
1584,Enterprise,2025-03-02,
1585,Enterprise,2025-08-28,
1586,Enterprise,2025-09-22,
1587,Enterprise,2025-02-07,
1588,Enterprise,2025-05-25,
1589,Enterprise,2025-05-27,
1590,Enterprise,2025-12-20,
1591,Enterprise,2025-03-10,
1592,Enterprise,2025-05-09,
1593,Enterprise,2025-08-20,
1594,Enterprise,2025-01-25,
1595,Enterprise,2025-03-01,
1596,Enterprise,2025-07-04,
1597,Enterprise,2025-05-17,
1598,Enterprise,2025-03-09,
1599,Enterprise,2025-10-27,
1600,Enterprise,2025-06-17,
