date,region,orders,revenue
2025-01-01,south,40,4870.16
2025-01-02,south,57,2660.88
2025-01-03,south,40,3350.83
2025-01-04,north,65,3618.83
2025-01-05,south,50,4585.03
2025-01-06,south,54,5618.86
2025-01-07,north,28,4915.13
2025-01-08,south,20,4452.43
2025-01-09,south,49,2105.42
2025-01-10,south,80,5897.4
2025-01-11,north,40,2226.83
2025-01-12,north,44,5983.85
2025-01-13,north,77,1643.44
2025-01-14,north,29,1763.28
2025-01-15,north,37,3158.53
2025-01-16,south,64,5343.29
2025-01-17,south,58,1795.62
2025-01-18,south,55,4958.85
2025-01-19,north,34,2846.79
2025-01-20,north,35,4402.44
2025-01-21,north,23,4976.48
2025-01-22,south,79,2216.84
2025-01-23,south,77,5869.24
2025-01-24,north,26,3167.73
2025-01-25,north,66,4214.19
2025-01-26,north,51,3454.85
2025-01-27,north,55,3141.37
2025-01-28,north,75,5588.93
2025-01-29,south,68,4379.01
2025-01-30,south,49,3311.44
2025-01-31,north,37,5091.13
2025-02-01,north,51,3303.79
2025-02-02,south,71,2514.79
2025-02-03,north,62,5263.37
2025-02-04,north,30,3754.9
2025-02-05,south,26,2139.88
2025-02-06,south,34,3199.71
2025-02-07,south,65,2586.86
2025-02-08,south,35,5376.77
2025-02-09,south,53,4778.25
2025-02-10,north,64,4887.86
2025-02-11,south,45,3277.86
2025-02-12,south,27,2898.34
2025-02-13,south,47,4585.06
2025-02-14,south,25,4200.1
2025-02-15,north,31,1693.13
2025-02-16,north,55,2832.31
2025-02-17,south,30,5947.37
2025-02-18,north,36,5033.23
2025-02-19,north,66,2870.99
2025-02-20,north,22,3288.02
2025-02-21,south,44,5885.05
2025-02-22,south,65,5006.61
2025-02-23,north,21,5223.98
2025-02-24,north,65,5264.42
2025-02-25,north,80,5051.87
2025-02-26,north,54,5316.36
2025-02-27,north,43,5119.39
2025-02-28,north,48,5057.01
2025-03-01,south,54,3518.01
2025-03-02,south,50,2085.89
2025-03-03,north,37,3181.08
2025-03-04,north,28,5641.96
2025-03-05,north,25,3261.4
2025-03-06,south,68,2381.68
2025-03-07,south,49,2960.72
2025-03-08,south,56,5735.09
2025-03-09,north,65,2873.83
2025-03-10,south,78,1906.64
2025-03-11,north,32,4857.51
2025-03-12,north,48,4236.71
2025-03-13,north,46,2642.04
2025-03-14,north,67,3118.4
2025-03-15,north,77,5537.11
2025-03-16,south,30,5767.8
2025-03-17,north,35,5606.69
2025-03-18,south,69,5153.45
2025-03-19,south,66,5196.1
2025-03-20,south,47,2182.86
2025-03-21,south,75,1709.55
2025-03-22,north,28,5472.06
2025-03-23,north,63,1850.89
2025-03-24,south,27,4417.77
2025-03-25,south,32,5536.03
2025-03-26,south,31,3164.73
2025-03-27,south,36,1948.75
2025-03-28,south,43,1802.25
2025-03-29,south,51,2190.34
2025-03-30,south,33,4595.16
2025-03-31,north,76,4641.77
2025-04-01,south,71,5000.78
2025-04-02,north,35,3687.58
2025-04-03,south,60,4222.33
2025-04-04,south,66,1991.13
2025-04-05,south,63,4497.63
2025-04-06,north,32,4567.84
2025-04-07,south,73,1838.09
2025-04-08,south,68,2955.69
2025-04-09,north,66,3318.67
2025-04-10,south,59,2776.77
2025-04-11,south,30,3847.87
2025-04-12,north,30,5564.95
2025-04-13,north,71,4160.42
2025-04-14,south,33,5183.59
2025-04-15,north,45,2627.58
2025-04-16,south,35,4784.42
2025-04-17,north,77,4767.12
2025-04-18,south,31,5843.41
2025-04-19,south,58,2406.61
2025-04-20,north,38,3478.53
2025-04-21,south,48,1617.67
2025-04-22,south,34,3784.38
2025-04-23,south,55,2792.83
2025-04-24,south,53,4154.57
2025-04-25,south,66,5485.15
2025-04-26,south,34,5435.74
2025-04-27,north,64,3666.7
2025-04-28,south,48,4445.59
2025-04-29,north,35,2353.51
2025-04-30,north,69,2807.63
2025-05-01,south,31,3315.48
2025-05-02,south,27,4074.59
2025-05-03,north,26,3088.06
2025-05-04,south,49,4339.06
2025-05-05,north,68,2023.85
2025-05-06,south,78,3407.28
2025-05-07,south,70,2231.62
2025-05-08,north,62,2420.27
2025-05-09,north,71,3484.36
2025-05-10,north,22,3489.97
2025-05-11,south,22,1545.63
2025-05-12,north,35,2568.76
2025-05-13,north,63,3963.01
2025-05-14,north,47,5125.12
2025-05-15,south,73,2241.11
2025-05-16,south,76,5031.53
2025-05-17,north,39,2948.36
2025-05-18,north,39,1675.95
2025-05-19,north,20,2728.02
2025-05-20,north,68,5648.35
2025-05-21,south,33,4323.34
2025-05-22,north,65,1844.17
2025-05-23,south,20,2420.57
2025-05-24,north,34,5689.01
2025-05-25,north,25,3054.14
2025-05-26,north,69,3117.16
2025-05-27,north,47,4530.21
2025-05-28,south,79,3867.42
2025-05-29,north,41,3878.01
2025-05-30,north,65,4122.23
2025-05-31,north,44,4730.1
2025-06-01,south,45,2583.82
2025-06-02,north,66,3814.37
2025-06-03,south,69,3212.86
2025-06-04,south,41,4794.18
2025-06-05,north,39,3200.5
2025-06-06,north,66,4854.58
2025-06-07,south,47,3639.0
2025-06-08,south,32,2504.02
2025-06-09,north,22,3362.48
2025-06-10,north,39,5690.15
2025-06-11,north,34,3987.06
2025-06-12,south,50,3443.94
2025-06-13,south,43,2605.61
2025-06-14,south,53,2583.12
2025-06-15,south,72,3024.93
2025-06-16,south,60,5162.51
2025-06-17,south,53,5628.33
2025-06-18,south,33,2559.92
2025-06-19,south,51,2812.09
2025-06-20,south,34,3364.86
2025-06-21,south,72,2053.87
2025-06-22,south,31,3872.46
2025-06-23,north,40,1950.59
2025-06-24,north,74,3470.96
2025-06-25,north,74,3392.61
2025-06-26,north,39,5700.67
2025-06-27,south,73,1789.04
2025-06-28,north,61,2496.3
2025-06-29,north,33,2691.82
2025-06-30,north,60,3229.46
2025-07-01,north,72,3612.07
2025-07-02,south,76,1867.56
2025-07-03,north,27,3196.7
2025-07-04,north,34,5225.49
2025-07-05,north,25,5916.53
2025-07-06,north,52,1620.4
2025-07-07,south,72,3439.34
2025-07-08,north,36,4901.67
2025-07-09,north,52,5056.85
2025-07-10,south,38,2660.74
2025-07-11,south,71,4038.43
2025-07-12,south,21,5091.35
2025-07-13,north,69,3067.59
2025-07-14,south,22,4589.81
2025-07-15,south,78,1690.73
2025-07-16,south,48,1736.65
2025-07-17,north,44,3058.99
2025-07-18,north,66,2517.63
2025-07-19,south,22,1654.69
2025-07-20,north,55,5760.29
2025-07-21,south,21,1566.18
2025-07-22,north,34,4813.46
2025-07-23,south,56,1947.74
2025-07-24,north,74,3834.36
2025-07-25,south,57,4970.11
2025-07-26,south,61,3944.95
2025-07-27,north,47,2129.73
2025-07-28,north,64,3280.38
2025-07-29,north,22,5695.72
2025-07-30,north,31,3474.74
2025-07-31,north,46,1855.58
2025-08-01,north,53,3977.02
2025-08-02,south,55,3247.99
2025-08-03,south,70,4169.23
2025-08-04,south,31,3752.75
2025-08-05,south,56,3704.58
2025-08-06,north,79,2539.42
2025-08-07,north,36,2990.14
2025-08-08,north,20,5067.49
2025-08-09,north,21,5972.32
2025-08-10,south,47,1719.93
2025-08-11,south,34,2246.46
2025-08-12,north,67,3450.26
2025-08-13,north,74,1923.93
2025-08-14,south,42,4520.1
2025-08-15,north,30,3871.01
2025-08-16,north,36,5315.67
2025-08-17,south,62,2953.98
2025-08-18,south,79,1505.12
2025-08-19,south,61,5702.63
2025-08-20,south,45,1559.1
2025-08-21,south,47,1849.7
2025-08-22,north,65,2557.79
2025-08-23,north,66,1780.55
2025-08-24,south,45,5205.26
2025-08-25,south,26,1744.35
2025-08-26,north,65,2418.29
2025-08-27,south,58,4585.36
2025-08-28,south,60,5894.13
2025-08-29,north,45,5688.48
2025-08-30,south,77,5684.39
2025-08-31,south,69,2558.2
2025-09-01,south,25,3474.78
2025-09-02,north,63,4095.36
2025-09-03,north,37,3422.79
2025-09-04,south,23,2855.47
2025-09-05,south,24,4951.16
2025-09-06,north,74,2146.16
2025-09-07,north,56,2519.01
2025-09-08,north,35,4401.7
2025-09-09,south,41,3519.02
2025-09-10,north,77,5176.05
2025-09-11,south,20,4050.93
2025-09-12,north,53,4705.37
2025-09-13,north,67,2411.51
2025-09-14,south,50,3276.46
2025-09-15,south,46,1712.21
2025-09-16,south,37,2535.66
2025-09-17,north,50,3400.99
2025-09-18,north,69,5019.57
2025-09-19,north,53,5735.27
2025-09-20,north,79,2616.95
2025-09-21,south,50,3941.45
2025-09-22,south,47,2892.52
2025-09-23,south,35,5080.96
2025-09-24,north,74,5547.15
2025-09-25,south,56,4274.84
2025-09-26,south,64,4726.15
2025-09-27,north,44,2961.43
2025-09-28,south,39,5626.0
2025-09-29,north,27,4139.26
2025-09-30,south,37,3080.39
2025-11-01,north,33,3932.78
2025-11-02,south,53,1601.36
2025-11-03,south,32,5980.56
2025-11-04,north,25,3719.22
2025-11-05,south,20,5131.48
2025-11-06,north,41,5445.87
2025-11-07,south,72,2217.99
2025-11-08,south,31,3782.75
2025-11-09,north,48,1917.84
2025-11-10,south,56,5922.28
2025-11-11,south,33,2842.6
2025-11-12,north,34,5675.07
2025-11-13,south,69,1574.02
2025-11-14,north,76,3110.15
2025-11-15,north,74,1746.72
2025-11-16,north,49,4316.89
2025-11-17,south,55,3747.88
2025-11-18,north,61,1552.92
2025-11-19,south,78,4027.13
2025-11-20,south,28,5033.99
2025-11-21,south,39,5179.84
2025-11-22,north,25,4503.66
2025-11-23,north,38,5397.65
2025-11-24,north,48,4786.17
2025-11-25,south,76,5517.45
2025-11-26,north,26,5940.71
2025-11-27,north,43,4152.17
2025-11-28,south,48,5183.96
2025-11-29,south,20,5461.4
2025-11-30,north,79,3823.85
2025-12-01,south,35,4920.75
2025-12-02,south,21,3809.22
2025-12-03,south,62,3233.04
2025-12-04,south,20,5117.03
2025-12-05,north,46,4348.69
2025-12-06,south,75,4467.08
2025-12-07,south,48,5780.5
2025-12-08,south,42,3220.95
2025-12-09,south,53,4231.52
2025-12-10,south,20,3436.95
2025-12-11,north,61,2819.04
2025-12-12,north,28,4744.98
2025-12-13,south,26,4409.1
2025-12-14,north,59,5186.98
2025-12-15,north,71,5853.51
2025-12-16,south,37,3610.84
2025-12-17,north,51,1796.19
2025-12-18,north,55,1725.22
2025-12-19,north,52,1693.63
2025-12-20,south,36,2811.99
2025-12-21,south,33,1789.53
2025-12-22,north,57,2900.46
2025-12-23,north,78,4515.31
2025-12-24,north,72,5158.63
2025-12-25,south,43,1679.61
2025-12-26,south,33,2886.27
2025-12-27,south,66,5557.02
2025-12-28,south,32,5148.15
2025-12-29,south,62,3084.75
2025-12-30,north,60,5511.76
2025-12-31,north,39,2453.22
