order_id,date,region,channel,product,units,unit_price,discount_pct,promo_code,customer_type,revenue
10001,2026-07-01,EU,online,Starter,1,49.0,5,,returning,46.55
10002,2026-07-01,EU,online,Starter,1,49.0,5,,new,46.55
10003,2026-07-01,EU,online,Starter,1,49.0,0,,new,49.0
10004,2026-07-01,EU,partner,Pro,1,199.0,0,,returning,199.0
10005,2026-07-01,EU,partner,Team,2,499.0,0,,new,998.0
10006,2026-07-01,US,partner,Starter,1,49.0,0,,returning,49.0
10007,2026-07-01,US,partner,Starter,1,49.0,0,,returning,49.0
10008,2026-07-01,US,partner,Starter,1,49.0,0,,returning,49.0
10009,2026-07-01,US,partner,Pro,1,199.0,0,,new,199.0
10010,2026-07-01,US,online,Team,1,499.0,0,,returning,499.0
10011,2026-07-02,EU,partner,Starter,1,49.0,0,,new,49.0
10012,2026-07-02,EU,online,Starter,1,49.0,5,,returning,46.55
10013,2026-07-02,EU,online,Starter,1,49.0,0,,new,49.0
10014,2026-07-02,EU,online,Pro,1,199.0,0,,new,199.0
10015,2026-07-02,EU,online,Pro,1,199.0,0,,returning,199.0
10016,2026-07-02,US,partner,Starter,1,49.0,0,,new,49.0
10017,2026-07-02,US,online,Starter,1,49.0,0,,returning,49.0
10018,2026-07-02,US,partner,Starter,1,49.0,0,,returning,49.0
10019,2026-07-02,US,online,Pro,1,199.0,0,,new,199.0
10020,2026-07-02,US,partner,Team,2,499.0,5,,returning,948.1
10021,2026-07-02,APAC,partner,Starter,1,49.0,10,,new,44.1
10022,2026-07-02,APAC,partner,Starter,1,49.0,0,,returning,49.0
10023,2026-07-02,APAC,online,Pro,1,199.0,5,,returning,189.05
10024,2026-07-03,EU,online,Starter,1,49.0,0,,new,49.0
10025,2026-07-03,EU,partner,Starter,1,49.0,5,,returning,46.55
10026,2026-07-03,EU,partner,Starter,1,49.0,5,,returning,46.55
10027,2026-07-03,EU,online,Pro,1,199.0,0,,new,199.0
10028,2026-07-03,EU,online,Pro,1,199.0,0,,returning,199.0
10029,2026-07-03,EU,partner,Team,1,499.0,0,,returning,499.0
10030,2026-07-03,US,online,Starter,1,49.0,5,,returning,46.55
10031,2026-07-03,US,partner,Starter,1,49.0,0,,returning,49.0
10032,2026-07-03,US,partner,Starter,1,49.0,10,,returning,44.1
10033,2026-07-03,US,online,Pro,1,199.0,5,,new,189.05
10034,2026-07-03,US,partner,Team,1,499.0,5,,returning,474.05
10035,2026-07-03,APAC,online,Starter,1,49.0,0,,returning,49.0
10036,2026-07-03,APAC,online,Starter,1,49.0,0,,returning,49.0
10037,2026-07-03,APAC,partner,Pro,1,199.0,5,,returning,189.05
10038,2026-07-04,EU,online,Starter,1,49.0,0,,returning,49.0
10039,2026-07-04,EU,online,Starter,1,49.0,0,,returning,49.0
10040,2026-07-04,EU,online,Pro,1,199.0,0,,returning,199.0
10041,2026-07-04,EU,partner,Pro,1,199.0,0,,new,199.0
10042,2026-07-04,US,online,Starter,1,49.0,5,,returning,46.55
10043,2026-07-04,US,partner,Starter,1,49.0,0,,returning,49.0
10044,2026-07-04,US,online,Starter,1,49.0,0,,returning,49.0
10045,2026-07-04,US,online,Starter,1,49.0,0,,new,49.0
10046,2026-07-04,US,partner,Starter,1,49.0,0,,new,49.0
10047,2026-07-04,US,partner,Pro,1,199.0,10,,new,179.1
10048,2026-07-04,US,partner,Pro,1,199.0,0,,new,199.0
10049,2026-07-04,APAC,partner,Starter,1,49.0,0,,returning,49.0
10050,2026-07-04,APAC,partner,Starter,1,49.0,5,,returning,46.55
10051,2026-07-04,APAC,online,Pro,1,199.0,0,,returning,199.0
10052,2026-07-05,EU,partner,Starter,1,49.0,0,,returning,49.0
10053,2026-07-05,EU,partner,Pro,1,199.0,0,,new,199.0
10054,2026-07-05,US,partner,Starter,1,49.0,0,,returning,49.0
10055,2026-07-05,US,online,Pro,1,199.0,0,,new,199.0
10056,2026-07-05,APAC,online,Starter,1,49.0,5,,returning,46.55
10057,2026-07-05,APAC,partner,Pro,1,199.0,0,,new,199.0
10058,2026-07-06,EU,partner,Starter,1,49.0,0,,new,49.0
10059,2026-07-06,EU,partner,Starter,1,49.0,10,,new,44.1
10060,2026-07-06,EU,partner,Starter,1,49.0,0,,new,49.0
10061,2026-07-06,EU,online,Starter,1,49.0,5,,returning,46.55
10062,2026-07-06,EU,online,Starter,1,49.0,0,,returning,49.0
10063,2026-07-06,EU,partner,Pro,1,199.0,0,,returning,199.0
10064,2026-07-06,US,online,Starter,1,49.0,5,,new,46.55
10065,2026-07-06,US,online,Starter,1,49.0,0,,returning,49.0
10066,2026-07-06,US,partner,Starter,1,49.0,0,,new,49.0
10067,2026-07-06,US,partner,Starter,1,49.0,10,,returning,44.1
10068,2026-07-06,US,partner,Starter,1,49.0,10,,new,44.1
10069,2026-07-06,US,partner,Pro,1,199.0,5,,new,189.05
10070,2026-07-06,US,partner,Pro,1,199.0,5,,returning,189.05
10071,2026-07-06,APAC,online,Starter,1,49.0,0,,new,49.0
10072,2026-07-06,APAC,online,Starter,1,49.0,0,,returning,49.0
10073,2026-07-06,APAC,online,Pro,1,199.0,0,,returning,199.0
10074,2026-07-07,EU,online,Starter,1,49.0,0,,returning,49.0
10075,2026-07-07,EU,partner,Starter,1,49.0,5,,returning,46.55
10076,2026-07-07,EU,partner,Starter,1,49.0,0,,returning,49.0
10077,2026-07-07,EU,partner,Starter,1,49.0,0,,new,49.0
10078,2026-07-07,EU,online,Pro,1,199.0,0,,new,199.0
10079,2026-07-07,US,online,Starter,1,49.0,0,,new,49.0
10080,2026-07-07,US,partner,Starter,1,49.0,0,,new,49.0
10081,2026-07-07,US,online,Starter,1,49.0,0,,returning,49.0
10082,2026-07-07,US,partner,Starter,1,49.0,10,,returning,44.1
10083,2026-07-07,US,partner,Team,2,499.0,0,,new,998.0
10084,2026-07-07,APAC,partner,Starter,1,49.0,10,,returning,44.1
10085,2026-07-07,APAC,partner,Pro,1,199.0,5,,new,189.05
10086,2026-07-07,APAC,online,Pro,1,199.0,0,,new,199.0
10087,2026-07-08,EU,online,Starter,1,49.0,0,,new,49.0
10088,2026-07-08,EU,partner,Starter,1,49.0,0,,returning,49.0
10089,2026-07-08,EU,partner,Pro,1,199.0,0,,returning,199.0
10090,2026-07-08,EU,partner,Pro,1,199.0,0,,returning,199.0
10091,2026-07-08,US,online,Starter,1,49.0,0,,returning,49.0
10092,2026-07-08,US,online,Starter,1,49.0,0,,returning,49.0
10093,2026-07-08,US,partner,Starter,1,49.0,0,,returning,49.0
10094,2026-07-08,US,partner,Pro,1,199.0,5,,returning,189.05
10095,2026-07-08,US,online,Pro,1,199.0,0,,returning,199.0
10096,2026-07-08,US,partner,Team,1,499.0,10,,returning,449.1
10097,2026-07-08,APAC,partner,Starter,1,49.0,0,,returning,49.0
10098,2026-07-08,APAC,partner,Starter,1,49.0,0,,new,49.0
10099,2026-07-08,APAC,partner,Starter,1,49.0,10,,returning,44.1
10100,2026-07-08,APAC,partner,Pro,1,199.0,0,,new,199.0
10101,2026-07-09,EU,partner,Starter,1,49.0,0,,returning,49.0
10102,2026-07-09,EU,online,Starter,1,49.0,0,,returning,49.0
10103,2026-07-09,EU,partner,Starter,1,49.0,5,,returning,46.55
10104,2026-07-09,EU,partner,Starter,1,49.0,0,,returning,49.0
10105,2026-07-09,EU,online,Pro,1,199.0,0,,returning,199.0
10106,2026-07-09,EU,online,Team,1,499.0,5,,new,474.05
10107,2026-07-09,US,online,Starter,1,49.0,0,,new,49.0
10108,2026-07-09,US,partner,Starter,1,49.0,10,,returning,44.1
10109,2026-07-09,US,online,Pro,1,199.0,0,,new,199.0
10110,2026-07-09,US,online,Team,1,499.0,0,,returning,499.0
10111,2026-07-09,APAC,online,Starter,1,49.0,0,,returning,49.0
10112,2026-07-09,APAC,partner,Starter,1,49.0,10,,returning,44.1
10113,2026-07-09,APAC,partner,Starter,1,49.0,0,,returning,49.0
10114,2026-07-09,APAC,online,Pro,1,199.0,5,,new,189.05
10115,2026-07-10,EU,partner,Starter,1,49.0,0,,returning,49.0
10116,2026-07-10,EU,partner,Pro,1,199.0,0,,returning,199.0
10117,2026-07-10,EU,partner,Pro,1,199.0,0,,returning,199.0
10118,2026-07-10,EU,online,Team,1,499.0,0,,returning,499.0
10119,2026-07-10,US,online,Starter,1,49.0,0,,returning,49.0
10120,2026-07-10,US,online,Starter,1,49.0,0,,returning,49.0
10121,2026-07-10,US,online,Starter,1,49.0,0,,returning,49.0
10122,2026-07-10,US,online,Starter,1,49.0,0,,returning,49.0
10123,2026-07-10,US,online,Starter,1,49.0,0,,returning,49.0
10124,2026-07-10,US,partner,Pro,1,199.0,5,,new,189.05
10125,2026-07-10,US,partner,Team,1,499.0,0,,returning,499.0
10126,2026-07-10,APAC,online,Starter,1,49.0,0,,returning,49.0
10127,2026-07-10,APAC,online,Starter,1,49.0,5,,new,46.55
10128,2026-07-10,APAC,partner,Pro,1,199.0,0,,returning,199.0
10129,2026-07-11,EU,partner,Starter,1,49.0,5,,returning,46.55
10130,2026-07-11,EU,online,Starter,1,49.0,5,,returning,46.55
10131,2026-07-11,EU,online,Starter,1,49.0,0,,new,49.0
10132,2026-07-11,EU,partner,Pro,1,199.0,0,,new,199.0
10133,2026-07-11,EU,online,Pro,1,199.0,5,,returning,189.05
10134,2026-07-11,US,partner,Starter,1,49.0,0,,new,49.0
10135,2026-07-11,US,online,Starter,1,49.0,0,,new,49.0
10136,2026-07-11,US,partner,Starter,1,49.0,0,,returning,49.0
10137,2026-07-11,US,online,Starter,1,49.0,0,,returning,49.0
10138,2026-07-11,US,partner,Pro,1,199.0,5,,new,189.05
10139,2026-07-11,APAC,partner,Starter,1,49.0,0,,returning,49.0
10140,2026-07-11,APAC,online,Starter,1,49.0,0,,returning,49.0
10141,2026-07-11,APAC,online,Pro,1,199.0,5,,returning,189.05
10142,2026-07-12,EU,online,Starter,1,49.0,0,,new,49.0
10143,2026-07-12,EU,online,Starter,1,49.0,5,,returning,46.55
10144,2026-07-12,EU,online,Starter,1,49.0,0,,new,49.0
10145,2026-07-12,EU,partner,Pro,1,199.0,0,,returning,199.0
10146,2026-07-12,US,partner,Starter,1,49.0,10,,returning,44.1
10147,2026-07-12,US,online,Starter,1,49.0,0,,returning,49.0
10148,2026-07-12,US,partner,Pro,1,199.0,5,,new,189.05
10149,2026-07-12,APAC,partner,Starter,1,49.0,0,,returning,49.0
10150,2026-07-12,APAC,online,Pro,1,199.0,0,,returning,199.0
10151,2026-07-13,EU,partner,Starter,1,49.0,0,,new,49.0
10152,2026-07-13,EU,online,Starter,1,49.0,0,,returning,49.0
10153,2026-07-13,EU,partner,Pro,1,199.0,5,,new,189.05
10154,2026-07-13,US,online,Starter,1,49.0,0,,new,49.0
10155,2026-07-13,US,online,Starter,1,49.0,5,,new,46.55
10156,2026-07-13,US,partner,Starter,1,49.0,0,,returning,49.0
10157,2026-07-13,US,online,Starter,1,49.0,5,,returning,46.55
10158,2026-07-13,US,partner,Starter,1,49.0,0,,returning,49.0
10159,2026-07-13,US,partner,Pro,1,199.0,0,,returning,199.0
10160,2026-07-13,US,partner,Pro,1,199.0,5,,returning,189.05
10161,2026-07-13,US,partner,Team,1,499.0,0,,returning,499.0
10162,2026-07-13,APAC,partner,Starter,1,49.0,5,,returning,46.55
10163,2026-07-13,APAC,partner,Pro,1,199.0,0,,new,199.0
10164,2026-07-14,EU,online,Starter,1,49.0,0,,returning,49.0
10165,2026-07-14,EU,online,Pro,1,199.0,0,,returning,199.0
10166,2026-07-14,EU,online,Pro,1,199.0,0,,returning,199.0
10167,2026-07-14,US,partner,Starter,1,49.0,0,,returning,49.0
10168,2026-07-14,US,partner,Starter,1,49.0,0,,returning,49.0
10169,2026-07-14,US,partner,Starter,1,49.0,0,,returning,49.0
10170,2026-07-14,US,partner,Pro,1,199.0,5,,returning,189.05
10171,2026-07-14,US,online,Pro,1,199.0,5,,returning,189.05
10172,2026-07-14,APAC,partner,Starter,1,49.0,5,,new,46.55
10173,2026-07-14,APAC,online,Starter,1,49.0,0,,returning,49.0
10174,2026-07-14,APAC,partner,Pro,1,199.0,0,,returning,199.0
10175,2026-07-15,EU,online,Starter,1,49.0,0,,new,49.0
10176,2026-07-15,EU,online,Starter,1,49.0,0,,returning,49.0
10177,2026-07-15,EU,partner,Starter,1,49.0,5,,returning,46.55
10178,2026-07-15,EU,partner,Pro,1,199.0,0,,returning,199.0
10179,2026-07-15,EU,online,Pro,1,199.0,0,,new,199.0
10180,2026-07-15,US,partner,Starter,1,49.0,5,,new,46.55
10181,2026-07-15,US,online,Starter,1,49.0,0,,returning,49.0
10182,2026-07-15,US,online,Starter,1,49.0,0,,new,49.0
10183,2026-07-15,US,online,Starter,1,49.0,0,,new,49.0
10184,2026-07-15,US,online,Pro,1,199.0,0,,new,199.0
10185,2026-07-15,US,online,Pro,1,199.0,0,,returning,199.0
10186,2026-07-15,US,partner,Pro,1,199.0,5,,new,189.05
10187,2026-07-15,APAC,partner,Starter,1,49.0,10,,returning,44.1
10188,2026-07-15,APAC,partner,Starter,1,49.0,0,,new,49.0
10189,2026-07-15,APAC,online,Pro,1,199.0,5,,returning,189.05
10190,2026-07-16,EU,partner,Starter,1,49.0,5,,new,46.55
10191,2026-07-16,EU,online,Starter,1,49.0,0,,returning,49.0
10192,2026-07-16,EU,online,Starter,1,49.0,5,,new,46.55
10193,2026-07-16,EU,online,Pro,1,199.0,0,,new,199.0
10194,2026-07-16,EU,partner,Pro,1,199.0,0,,new,199.0
10195,2026-07-16,EU,online,Team,2,499.0,0,,new,998.0
10196,2026-07-16,US,online,Starter,1,49.0,5,,returning,46.55
10197,2026-07-16,US,online,Starter,1,49.0,0,,new,49.0
10198,2026-07-16,US,partner,Starter,1,49.0,0,,new,49.0
10199,2026-07-16,US,partner,Starter,1,49.0,5,,new,46.55
10200,2026-07-16,US,partner,Starter,1,49.0,10,,new,44.1
10201,2026-07-16,US,partner,Starter,1,49.0,10,,returning,44.1
10202,2026-07-16,US,partner,Pro,1,199.0,0,,new,199.0
10203,2026-07-16,US,online,Pro,1,199.0,0,,returning,199.0
10204,2026-07-16,US,partner,Pro,1,199.0,0,,new,199.0
10205,2026-07-16,APAC,online,Starter,1,49.0,5,,new,46.55
10206,2026-07-16,APAC,partner,Starter,1,49.0,10,,new,44.1
10207,2026-07-16,APAC,partner,Starter,1,49.0,0,,returning,49.0
10208,2026-07-16,APAC,partner,Pro,1,199.0,5,,new,189.05
10209,2026-07-17,EU,online,Starter,1,49.0,0,,returning,49.0
10210,2026-07-17,EU,partner,Starter,1,49.0,10,,returning,44.1
10211,2026-07-17,EU,partner,Starter,1,49.0,5,,new,46.55
10212,2026-07-17,EU,partner,Starter,1,49.0,10,,new,44.1
10213,2026-07-17,EU,partner,Starter,1,49.0,5,,returning,46.55
10214,2026-07-17,EU,partner,Pro,1,199.0,5,,returning,189.05
10215,2026-07-17,US,online,Starter,1,49.0,0,,new,49.0
10216,2026-07-17,US,partner,Starter,1,49.0,0,,returning,49.0
10217,2026-07-17,US,online,Starter,1,49.0,5,,new,46.55
10218,2026-07-17,US,online,Starter,1,49.0,0,,new,49.0
10219,2026-07-17,US,online,Starter,1,49.0,0,,returning,49.0
10220,2026-07-17,US,partner,Pro,1,199.0,0,,returning,199.0
10221,2026-07-17,US,online,Pro,1,199.0,0,,returning,199.0
10222,2026-07-17,US,partner,Team,2,499.0,10,,new,898.2
10223,2026-07-17,APAC,partner,Starter,1,49.0,0,,returning,49.0
10224,2026-07-17,APAC,online,Starter,1,49.0,0,,returning,49.0
10225,2026-07-17,APAC,online,Pro,1,199.0,0,,new,199.0
10226,2026-07-17,APAC,partner,Pro,1,199.0,0,,returning,199.0
10227,2026-07-18,EU,online,Starter,1,49.0,0,,returning,49.0
10228,2026-07-18,EU,partner,Pro,1,199.0,0,,new,199.0
10229,2026-07-18,US,online,Starter,1,49.0,0,,new,49.0
10230,2026-07-18,US,partner,Starter,1,49.0,0,,returning,49.0
10231,2026-07-18,US,online,Pro,1,199.0,0,,new,199.0
10232,2026-07-18,US,online,Pro,1,199.0,0,,returning,199.0
10233,2026-07-18,APAC,online,Starter,1,49.0,5,,new,46.55
10234,2026-07-18,APAC,online,Starter,1,49.0,5,,new,46.55
10235,2026-07-18,APAC,online,Pro,1,199.0,0,,returning,199.0
10236,2026-07-19,EU,online,Starter,1,49.0,0,,returning,49.0
10237,2026-07-19,EU,online,Pro,1,199.0,0,,returning,199.0
10238,2026-07-19,US,online,Starter,1,49.0,0,,returning,49.0
10239,2026-07-19,US,partner,Starter,1,49.0,5,,new,46.55
10240,2026-07-19,US,online,Starter,1,49.0,0,,new,49.0
10241,2026-07-19,US,partner,Pro,1,199.0,10,,returning,179.1
10242,2026-07-19,APAC,online,Starter,1,49.0,0,,returning,49.0
10243,2026-07-19,APAC,partner,Starter,1,49.0,10,,returning,44.1
10244,2026-07-19,APAC,partner,Pro,1,199.0,0,,returning,199.0
10245,2026-07-20,EU,partner,Starter,1,49.0,0,,returning,49.0
10246,2026-07-20,EU,online,Starter,1,49.0,5,,returning,46.55
10247,2026-07-20,EU,online,Starter,1,49.0,0,,returning,49.0
10248,2026-07-20,EU,partner,Starter,1,49.0,0,,new,49.0
10249,2026-07-20,EU,partner,Pro,1,199.0,0,,returning,199.0
10250,2026-07-20,EU,partner,Team,1,499.0,0,,returning,499.0
10251,2026-07-20,US,online,Starter,1,49.0,0,,new,49.0
10252,2026-07-20,US,partner,Starter,1,49.0,0,,returning,49.0
10253,2026-07-20,APAC,online,Starter,1,49.0,0,,new,49.0
10254,2026-07-20,APAC,partner,Starter,1,49.0,10,,returning,44.1
10255,2026-07-20,APAC,partner,Pro,1,199.0,5,,returning,189.05
10256,2026-07-20,APAC,partner,Pro,1,199.0,0,,returning,199.0
10257,2026-07-21,EU,partner,Starter,1,49.0,5,,returning,46.55
10258,2026-07-21,EU,online,Starter,1,49.0,0,,new,49.0
10259,2026-07-21,EU,online,Starter,1,49.0,0,,returning,49.0
10260,2026-07-21,EU,online,Starter,1,49.0,5,,new,46.55
10261,2026-07-21,EU,online,Pro,1,199.0,0,,returning,199.0
10262,2026-07-21,EU,partner,Pro,1,199.0,0,,returning,199.0
10263,2026-07-21,EU,partner,Team,2,499.0,5,,returning,948.1
10264,2026-07-21,US,online,Starter,1,49.0,0,,returning,49.0
10265,2026-07-21,US,online,Starter,1,49.0,0,,new,49.0
10266,2026-07-21,US,online,Starter,1,49.0,5,,returning,46.55
10267,2026-07-21,US,partner,Pro,1,199.0,5,,new,189.05
10268,2026-07-21,US,partner,Pro,1,199.0,0,,new,199.0
10269,2026-07-21,US,partner,Pro,1,199.0,10,,returning,179.1
10270,2026-07-21,APAC,online,Starter,1,49.0,5,,new,46.55
10271,2026-07-21,APAC,online,Starter,1,49.0,0,,returning,49.0
10272,2026-07-21,APAC,partner,Pro,1,199.0,10,,returning,179.1
10273,2026-07-22,EU,partner,Starter,1,49.0,0,,new,49.0
10274,2026-07-22,EU,online,Starter,1,49.0,0,,new,49.0
10275,2026-07-22,EU,partner,Starter,1,49.0,0,,returning,49.0
10276,2026-07-22,EU,online,Starter,1,49.0,0,,returning,49.0
10277,2026-07-22,EU,online,Pro,1,199.0,0,,returning,199.0
10278,2026-07-22,US,partner,Starter,1,49.0,0,,new,49.0
10279,2026-07-22,US,partner,Starter,1,49.0,0,,returning,49.0
10280,2026-07-22,US,online,Starter,1,49.0,0,,returning,49.0
10281,2026-07-22,US,partner,Starter,1,49.0,0,,new,49.0
10282,2026-07-22,US,online,Starter,1,49.0,5,,returning,46.55
10283,2026-07-22,US,online,Pro,1,199.0,0,,new,199.0
10284,2026-07-22,US,online,Pro,1,199.0,5,,new,189.05
10285,2026-07-22,US,partner,Team,1,499.0,10,,returning,449.1
10286,2026-07-22,APAC,online,Starter,1,49.0,5,,returning,46.55
10287,2026-07-22,APAC,partner,Starter,1,49.0,0,,new,49.0
10288,2026-07-22,APAC,online,Starter,1,49.0,0,,returning,49.0
10289,2026-07-22,APAC,online,Pro,1,199.0,5,,returning,189.05
10290,2026-07-23,EU,online,Starter,1,49.0,5,,new,46.55
10291,2026-07-23,EU,online,Starter,1,49.0,0,,new,49.0
10292,2026-07-23,EU,online,Starter,1,49.0,5,,returning,46.55
10293,2026-07-23,EU,partner,Pro,1,199.0,0,,returning,199.0
10294,2026-07-23,EU,partner,Pro,1,199.0,5,,returning,189.05
10295,2026-07-23,US,partner,Starter,1,49.0,0,,new,49.0
10296,2026-07-23,US,online,Starter,1,49.0,5,,returning,46.55
10297,2026-07-23,US,online,Starter,1,49.0,5,,returning,46.55
10298,2026-07-23,US,online,Starter,1,49.0,0,,new,49.0
10299,2026-07-23,US,online,Starter,1,49.0,0,,returning,49.0
10300,2026-07-23,US,partner,Pro,1,199.0,0,,new,199.0
10301,2026-07-23,US,partner,Pro,1,199.0,0,,returning,199.0
10302,2026-07-23,US,partner,Team,2,499.0,5,,returning,948.1
10303,2026-07-23,APAC,partner,Starter,1,49.0,0,,new,49.0
10304,2026-07-23,APAC,online,Starter,1,49.0,0,,new,49.0
10305,2026-07-23,APAC,partner,Pro,1,199.0,5,,returning,189.05
10306,2026-07-24,EU,online,Starter,1,49.0,0,,new,49.0
10307,2026-07-24,EU,partner,Pro,1,199.0,0,,returning,199.0
10308,2026-07-24,US,partner,Starter,1,49.0,0,,returning,49.0
10309,2026-07-24,US,partner,Starter,1,49.0,0,,new,49.0
10310,2026-07-24,US,partner,Starter,1,49.0,10,,new,44.1
10311,2026-07-24,US,online,Starter,1,49.0,0,,new,49.0
10312,2026-07-24,US,partner,Pro,1,199.0,0,,returning,199.0
10313,2026-07-24,US,online,Pro,1,199.0,0,,returning,199.0
10314,2026-07-24,APAC,online,Starter,1,49.0,0,,returning,49.0
10315,2026-07-24,APAC,online,Starter,1,49.0,0,,new,49.0
10316,2026-07-24,APAC,online,Pro,1,199.0,0,,returning,199.0
10317,2026-07-25,EU,online,Starter,1,49.0,0,,new,49.0
10318,2026-07-25,EU,partner,Starter,1,49.0,0,,returning,49.0
10319,2026-07-25,EU,online,Starter,1,49.0,0,,new,49.0
10320,2026-07-25,EU,online,Starter,1,49.0,0,,returning,49.0
10321,2026-07-25,EU,online,Pro,1,199.0,0,,new,199.0
10322,2026-07-25,EU,online,Pro,1,199.0,5,,returning,189.05
10323,2026-07-25,US,online,Starter,1,49.0,0,,returning,49.0
10324,2026-07-25,US,partner,Starter,1,49.0,10,,returning,44.1
10325,2026-07-25,US,partner,Pro,1,199.0,0,,returning,199.0
10326,2026-07-25,US,partner,Team,1,499.0,10,,new,449.1
10327,2026-07-25,APAC,partner,Starter,1,49.0,5,,new,46.55
10328,2026-07-25,APAC,online,Starter,1,49.0,0,,returning,49.0
10329,2026-07-25,APAC,partner,Pro,1,199.0,0,,returning,199.0
10330,2026-07-26,EU,online,Starter,1,49.0,0,,new,49.0
10331,2026-07-26,EU,online,Starter,1,49.0,0,,returning,49.0
10332,2026-07-26,EU,partner,Pro,1,199.0,0,,returning,199.0
10333,2026-07-26,US,partner,Starter,1,49.0,10,,returning,44.1
10334,2026-07-26,US,online,Starter,1,49.0,0,,new,49.0
10335,2026-07-26,US,online,Pro,1,199.0,5,,new,189.05
10336,2026-07-26,US,online,Pro,1,199.0,0,,new,199.0
10337,2026-07-26,APAC,partner,Starter,1,49.0,5,,returning,46.55
10338,2026-07-26,APAC,partner,Starter,1,49.0,0,,new,49.0
10339,2026-07-26,APAC,online,Starter,1,49.0,0,,new,49.0
10340,2026-07-26,APAC,partner,Pro,1,199.0,0,,new,199.0
10341,2026-07-27,EU,online,Starter,1,49.0,0,,returning,49.0
10342,2026-07-27,EU,partner,Starter,1,49.0,0,,new,49.0
10343,2026-07-27,EU,partner,Starter,1,49.0,0,,new,49.0
10344,2026-07-27,EU,partner,Starter,1,49.0,0,,returning,49.0
10345,2026-07-27,EU,partner,Pro,1,199.0,0,,returning,199.0
10346,2026-07-27,EU,partner,Pro,1,199.0,0,,new,199.0
10347,2026-07-27,EU,online,Team,1,499.0,5,,returning,474.05
10348,2026-07-27,US,partner,Starter,1,49.0,10,,returning,44.1
10349,2026-07-27,US,partner,Starter,1,49.0,5,,new,46.55
10350,2026-07-27,US,online,Starter,1,49.0,0,,returning,49.0
10351,2026-07-27,US,online,Starter,1,49.0,0,,new,49.0
10352,2026-07-27,US,partner,Starter,1,49.0,10,,new,44.1
10353,2026-07-27,US,partner,Pro,1,199.0,0,,returning,199.0
10354,2026-07-27,US,online,Pro,1,199.0,0,,new,199.0
10355,2026-07-27,US,online,Team,1,499.0,5,,new,474.05
10356,2026-07-27,APAC,online,Starter,1,49.0,5,,returning,46.55
10357,2026-07-27,APAC,online,Starter,1,49.0,0,,returning,49.0
10358,2026-07-27,APAC,online,Pro,1,199.0,5,,new,189.05
10359,2026-07-28,EU,partner,Starter,1,49.0,0,,new,49.0
10360,2026-07-28,EU,partner,Starter,1,49.0,0,,new,49.0
10361,2026-07-28,EU,online,Starter,1,49.0,0,,returning,49.0
10362,2026-07-28,EU,online,Starter,1,49.0,5,,returning,46.55
10363,2026-07-28,EU,partner,Starter,1,49.0,5,,returning,46.55
10364,2026-07-28,EU,online,Pro,1,199.0,0,,new,199.0
10365,2026-07-28,EU,partner,Pro,1,199.0,5,,returning,189.05
10366,2026-07-28,EU,partner,Team,2,499.0,10,,returning,898.2
10367,2026-07-28,US,partner,Starter,1,49.0,10,,returning,44.1
10368,2026-07-28,US,partner,Starter,1,49.0,5,,returning,46.55
10369,2026-07-28,US,partner,Pro,1,199.0,0,,returning,199.0
10370,2026-07-28,US,partner,Pro,1,199.0,0,,new,199.0
10371,2026-07-28,APAC,online,Starter,1,49.0,5,,returning,46.55
10372,2026-07-28,APAC,partner,Starter,1,49.0,10,,returning,44.1
10373,2026-07-28,APAC,online,Starter,1,49.0,0,,new,49.0
10374,2026-07-28,APAC,online,Pro,1,199.0,5,,returning,189.05
10375,2026-07-29,EU,online,Starter,1,49.0,5,,new,46.55
10376,2026-07-29,EU,online,Starter,1,49.0,0,,returning,49.0
10377,2026-07-29,EU,partner,Starter,1,49.0,5,,new,46.55
10378,2026-07-29,EU,online,Starter,1,49.0,0,,returning,49.0
10379,2026-07-29,EU,partner,Pro,1,199.0,10,,returning,179.1
10380,2026-07-29,EU,partner,Pro,1,199.0,5,,returning,189.05
10381,2026-07-29,US,partner,Starter,1,49.0,0,,returning,49.0
10382,2026-07-29,US,partner,Starter,1,49.0,0,,new,49.0
10383,2026-07-29,US,partner,Starter,1,49.0,0,,returning,49.0
10384,2026-07-29,US,partner,Starter,1,49.0,10,,new,44.1
10385,2026-07-29,US,online,Pro,1,199.0,5,,new,189.05
10386,2026-07-29,US,online,Pro,1,199.0,5,,returning,189.05
10387,2026-07-29,US,partner,Team,1,499.0,0,,returning,499.0
10388,2026-07-29,APAC,partner,Starter,1,49.0,0,,new,49.0
10389,2026-07-29,APAC,online,Starter,1,49.0,5,,new,46.55
10390,2026-07-29,APAC,partner,Pro,1,199.0,10,,returning,179.1
10391,2026-07-30,EU,partner,Starter,1,49.0,0,,new,49.0
10392,2026-07-30,EU,online,Starter,1,49.0,0,,returning,49.0
10393,2026-07-30,EU,online,Pro,1,199.0,0,,returning,199.0
10394,2026-07-30,US,online,Starter,1,49.0,0,,returning,49.0
10395,2026-07-30,US,partner,Starter,1,49.0,0,,new,49.0
10396,2026-07-30,US,online,Starter,1,49.0,5,,returning,46.55
10397,2026-07-30,US,partner,Starter,1,49.0,0,,returning,49.0
10398,2026-07-30,US,online,Starter,1,49.0,5,,returning,46.55
10399,2026-07-30,US,online,Pro,1,199.0,0,,returning,199.0
10400,2026-07-30,US,partner,Pro,1,199.0,0,,new,199.0
10401,2026-07-30,US,online,Pro,1,199.0,0,,returning,199.0
10402,2026-07-30,APAC,partner,Starter,1,49.0,10,,new,44.1
10403,2026-07-30,APAC,online,Starter,1,49.0,0,,returning,49.0
10404,2026-07-30,APAC,partner,Pro,1,199.0,0,,returning,199.0
10405,2026-07-30,APAC,partner,Pro,1,199.0,5,,new,189.05
10406,2026-07-31,EU,online,Starter,1,49.0,0,,new,49.0
10407,2026-07-31,EU,partner,Starter,1,49.0,0,,returning,49.0
10408,2026-07-31,EU,partner,Pro,1,199.0,0,,returning,199.0
10409,2026-07-31,EU,partner,Pro,1,199.0,0,,returning,199.0
10410,2026-07-31,US,partner,Starter,1,49.0,10,,returning,44.1
10411,2026-07-31,US,partner,Starter,1,49.0,5,,returning,46.55
10412,2026-07-31,US,online,Starter,1,49.0,0,,new,49.0
10413,2026-07-31,US,partner,Starter,1,49.0,0,,returning,49.0
10414,2026-07-31,US,online,Starter,1,49.0,0,,returning,49.0
10415,2026-07-31,US,online,Starter,1,49.0,0,,new,49.0
10416,2026-07-31,US,online,Pro,1,199.0,0,,returning,199.0
10417,2026-07-31,APAC,partner,Starter,1,49.0,0,,new,49.0
10418,2026-07-31,APAC,online,Pro,1,199.0,5,,returning,189.05
10419,2026-08-01,EU,online,Starter,1,49.0,30,SUMMER30,returning,34.3
10420,2026-08-01,EU,partner,Pro,1,199.0,10,,returning,179.1
10421,2026-08-01,US,partner,Starter,1,49.0,0,,returning,49.0
10422,2026-08-01,US,partner,Starter,1,49.0,0,,returning,49.0
10423,2026-08-01,US,online,Pro,1,199.0,5,,new,189.05
10424,2026-08-01,APAC,online,Starter,1,49.0,30,SUMMER30,returning,34.3
10425,2026-08-01,APAC,online,Pro,1,199.0,5,,returning,189.05
10426,2026-08-02,EU,partner,Starter,1,49.0,5,,returning,46.55
10427,2026-08-02,EU,partner,Starter,1,49.0,0,,returning,49.0
10428,2026-08-02,US,online,Starter,1,49.0,30,SUMMER30,returning,34.3
10429,2026-08-02,US,partner,Starter,1,49.0,0,,new,49.0
10430,2026-08-02,US,partner,Starter,1,49.0,5,,returning,46.55
10431,2026-08-02,US,partner,Starter,1,49.0,0,,new,49.0
10432,2026-08-02,US,partner,Pro,1,199.0,10,,returning,179.1
10433,2026-08-02,APAC,online,Pro,1,199.0,0,,returning,199.0
10434,2026-08-03,EU,online,Starter,1,49.0,30,SUMMER30,returning,34.3
10435,2026-08-03,EU,online,Starter,1,49.0,30,SUMMER30,new,34.3
10436,2026-08-03,EU,partner,Starter,1,49.0,5,,new,46.55
10437,2026-08-03,EU,partner,Starter,1,49.0,10,,returning,44.1
10438,2026-08-03,EU,online,Starter,1,49.0,30,SUMMER30,new,34.3
10439,2026-08-03,EU,partner,Pro,1,199.0,10,,returning,179.1
10440,2026-08-03,EU,partner,Pro,1,199.0,0,,returning,199.0
10441,2026-08-03,US,partner,Starter,1,49.0,0,,new,49.0
10442,2026-08-03,US,partner,Starter,1,49.0,10,,returning,44.1
10443,2026-08-03,US,online,Starter,1,49.0,30,SUMMER30,returning,34.3
10444,2026-08-03,US,partner,Starter,1,49.0,0,,returning,49.0
10445,2026-08-03,US,partner,Pro,1,199.0,0,,new,199.0
10446,2026-08-03,APAC,online,Starter,1,49.0,30,SUMMER30,new,34.3
10447,2026-08-03,APAC,partner,Starter,1,49.0,0,,returning,49.0
10448,2026-08-03,APAC,partner,Starter,1,49.0,10,,returning,44.1
10449,2026-08-03,APAC,online,Starter,1,49.0,30,SUMMER30,returning,34.3
10450,2026-08-03,APAC,online,Pro,1,199.0,5,,returning,189.05
10451,2026-08-04,EU,partner,Starter,1,49.0,10,,returning,44.1
10452,2026-08-04,EU,online,Starter,1,49.0,30,SUMMER30,returning,34.3
10453,2026-08-04,EU,partner,Starter,1,49.0,0,,new,49.0
10454,2026-08-04,EU,online,Starter,1,49.0,30,SUMMER30,new,34.3
10455,2026-08-04,EU,partner,Pro,1,199.0,10,,returning,179.1
10456,2026-08-04,US,partner,Starter,1,49.0,5,,new,46.55
10457,2026-08-04,US,partner,Starter,1,49.0,10,,returning,44.1
10458,2026-08-04,US,partner,Starter,1,49.0,0,,returning,49.0
10459,2026-08-04,US,partner,Pro,1,199.0,5,,new,189.05
10460,2026-08-04,US,online,Pro,1,199.0,5,,returning,189.05
10461,2026-08-04,APAC,partner,Starter,1,49.0,0,,new,49.0
10462,2026-08-04,APAC,online,Starter,1,49.0,30,SUMMER30,returning,34.3
10463,2026-08-04,APAC,partner,Starter,1,49.0,0,,new,49.0
10464,2026-08-04,APAC,online,Pro,1,199.0,0,,returning,199.0
10465,2026-08-04,APAC,partner,Pro,1,199.0,0,,returning,199.0
10466,2026-08-05,EU,partner,Starter,1,49.0,0,,returning,49.0
10467,2026-08-05,EU,partner,Starter,1,49.0,0,,new,49.0
10468,2026-08-05,EU,partner,Pro,1,199.0,5,,returning,189.05
10469,2026-08-05,EU,partner,Pro,1,199.0,0,,returning,199.0
10470,2026-08-05,US,online,Starter,1,49.0,30,SUMMER30,returning,34.3
10471,2026-08-05,US,partner,Starter,1,49.0,0,,returning,49.0
10472,2026-08-05,US,online,Pro,1,199.0,0,,returning,199.0
10473,2026-08-05,US,partner,Team,1,499.0,0,,returning,499.0
10474,2026-08-05,APAC,online,Starter,1,49.0,30,SUMMER30,new,34.3
10475,2026-08-05,APAC,partner,Starter,1,49.0,10,,returning,44.1
10476,2026-08-05,APAC,partner,Starter,1,49.0,0,,new,49.0
10477,2026-08-05,APAC,partner,Pro,1,199.0,5,,new,189.05
10478,2026-08-06,EU,online,Starter,1,49.0,30,SUMMER30,new,34.3
10479,2026-08-06,EU,online,Starter,1,49.0,30,SUMMER30,returning,34.3
10480,2026-08-06,EU,online,Starter,1,49.0,30,SUMMER30,returning,34.3
10481,2026-08-06,EU,partner,Pro,1,199.0,5,,new,189.05
10482,2026-08-06,EU,online,Pro,1,199.0,0,,new,199.0
10483,2026-08-06,EU,partner,Team,1,499.0,0,,returning,499.0
10484,2026-08-06,US,online,Starter,1,49.0,30,SUMMER30,returning,34.3
10485,2026-08-06,US,partner,Starter,1,49.0,0,,returning,49.0
10486,2026-08-06,US,online,Starter,1,49.0,30,SUMMER30,returning,34.3
10487,2026-08-06,US,partner,Pro,1,199.0,0,,new,199.0
10488,2026-08-06,US,partner,Team,1,499.0,0,,returning,499.0
10489,2026-08-06,APAC,partner,Starter,1,49.0,10,,returning,44.1
10490,2026-08-06,APAC,partner,Starter,1,49.0,10,,returning,44.1
10491,2026-08-06,APAC,online,Starter,1,49.0,30,SUMMER30,returning,34.3
10492,2026-08-06,APAC,online,Pro,1,199.0,0,,returning,199.0
10493,2026-08-06,APAC,partner,Team,1,499.0,0,,returning,499.0
10494,2026-08-07,EU,partner,Starter,1,49.0,0,,returning,49.0
10495,2026-08-07,EU,partner,Starter,1,49.0,0,,returning,49.0
10496,2026-08-07,EU,partner,Starter,1,49.0,5,,returning,46.55
10497,2026-08-07,EU,partner,Starter,1,49.0,0,,returning,49.0
10498,2026-08-07,EU,partner,Starter,1,49.0,0,,returning,49.0
10499,2026-08-07,EU,partner,Pro,1,199.0,0,,returning,199.0
10500,2026-08-07,US,online,Starter,1,49.0,30,SUMMER30,new,34.3
10501,2026-08-07,US,online,Starter,1,49.0,30,SUMMER30,returning,34.3
10502,2026-08-07,US,online,Starter,1,49.0,30,SUMMER30,returning,34.3
10503,2026-08-07,US,partner,Pro,1,199.0,0,,returning,199.0
10504,2026-08-07,APAC,online,Starter,1,49.0,30,SUMMER30,returning,34.3
10505,2026-08-07,APAC,partner,Starter,1,49.0,0,,new,49.0
10506,2026-08-07,APAC,online,Pro,1,199.0,5,,returning,189.05
10507,2026-08-08,EU,online,Starter,1,49.0,30,SUMMER30,returning,34.3
10508,2026-08-08,EU,partner,Starter,1,49.0,0,,returning,49.0
10509,2026-08-08,EU,online,Pro,1,199.0,5,,returning,189.05
10510,2026-08-08,US,partner,Starter,1,49.0,10,,new,44.1
10511,2026-08-08,US,partner,Starter,1,49.0,5,,returning,46.55
10512,2026-08-08,US,online,Pro,1,199.0,0,,new,199.0
10513,2026-08-08,APAC,online,Starter,1,49.0,30,SUMMER30,returning,34.3
10514,2026-08-08,APAC,partner,Starter,1,49.0,0,,returning,49.0
10515,2026-08-08,APAC,partner,Pro,1,199.0,0,,new,199.0
10516,2026-08-09,EU,online,Starter,1,49.0,30,SUMMER30,new,34.3
10517,2026-08-09,EU,online,Starter,1,49.0,30,SUMMER30,returning,34.3
10518,2026-08-09,EU,online,Pro,1,199.0,0,,returning,199.0
10519,2026-08-09,US,online,Starter,1,49.0,30,SUMMER30,new,34.3
10520,2026-08-09,US,partner,Starter,1,49.0,0,,returning,49.0
10521,2026-08-09,US,online,Starter,1,49.0,30,SUMMER30,returning,34.3
10522,2026-08-09,US,partner,Pro,1,199.0,0,,returning,199.0
10523,2026-08-09,APAC,online,Starter,1,49.0,30,SUMMER30,returning,34.3
10524,2026-08-09,APAC,online,Starter,1,49.0,30,SUMMER30,new,34.3
10525,2026-08-09,APAC,online,Pro,1,199.0,0,,returning,199.0
10526,2026-08-10,EU,partner,Starter,1,49.0,0,,returning,49.0
10527,2026-08-10,EU,partner,Starter,1,49.0,0,,returning,49.0
10528,2026-08-10,EU,partner,Starter,1,49.0,0,,new,49.0
10529,2026-08-10,EU,partner,Pro,1,199.0,5,,new,189.05
10530,2026-08-10,US,partner,Starter,1,49.0,0,,new,49.0
10531,2026-08-10,US,partner,Starter,1,49.0,10,,returning,44.1
10532,2026-08-10,US,online,Starter,1,49.0,30,SUMMER30,returning,34.3
10533,2026-08-10,US,partner,Starter,1,49.0,5,,returning,46.55
10534,2026-08-10,US,partner,Starter,1,49.0,0,,returning,49.0
10535,2026-08-10,US,online,Starter,1,49.0,30,SUMMER30,returning,34.3
10536,2026-08-10,US,online,Pro,1,199.0,0,,new,199.0
10537,2026-08-10,US,online,Pro,1,199.0,0,,returning,199.0
10538,2026-08-10,US,online,Pro,1,199.0,0,,returning,199.0
10539,2026-08-10,US,partner,Team,1,499.0,10,,new,449.1
10540,2026-08-10,APAC,partner,Starter,1,49.0,5,,returning,46.55
10541,2026-08-10,APAC,partner,Starter,1,49.0,0,,new,49.0
10542,2026-08-10,APAC,partner,Pro,1,199.0,0,,returning,199.0
10543,2026-08-11,EU,partner,Starter,1,49.0,0,,returning,49.0
10544,2026-08-11,EU,online,Starter,1,49.0,30,SUMMER30,new,34.3
10545,2026-08-11,EU,online,Starter,1,49.0,30,SUMMER30,returning,34.3
10546,2026-08-11,EU,partner,Team,1,499.0,0,,returning,499.0
10547,2026-08-11,US,partner,Starter,1,49.0,0,,new,49.0
10548,2026-08-11,US,partner,Pro,1,199.0,5,,new,189.05
10549,2026-08-11,US,partner,Pro,1,199.0,0,,new,199.0
10550,2026-08-11,US,partner,Team,1,499.0,5,,returning,474.05
10551,2026-08-11,APAC,online,Starter,1,49.0,30,SUMMER30,new,34.3
10552,2026-08-11,APAC,partner,Starter,1,49.0,10,,returning,44.1
10553,2026-08-11,APAC,online,Pro,1,199.0,0,,new,199.0
10554,2026-08-12,EU,partner,Starter,1,49.0,5,,returning,46.55
10555,2026-08-12,EU,online,Starter,1,49.0,30,SUMMER30,returning,34.3
10556,2026-08-12,EU,online,Starter,1,49.0,30,SUMMER30,returning,34.3
10557,2026-08-12,EU,online,Starter,1,49.0,30,SUMMER30,returning,34.3
10558,2026-08-12,EU,partner,Starter,1,49.0,5,,returning,46.55
10559,2026-08-12,EU,partner,Team,1,499.0,0,,new,499.0
10560,2026-08-12,US,online,Starter,1,49.0,30,SUMMER30,returning,34.3
10561,2026-08-12,US,partner,Starter,1,49.0,0,,new,49.0
10562,2026-08-12,US,online,Starter,1,49.0,30,SUMMER30,returning,34.3
10563,2026-08-12,US,partner,Pro,1,199.0,0,,returning,199.0
10564,2026-08-12,US,partner,Pro,1,199.0,5,,returning,189.05
10565,2026-08-12,APAC,partner,Starter,1,49.0,0,,returning,49.0
10566,2026-08-12,APAC,partner,Starter,1,49.0,0,,new,49.0
10567,2026-08-12,APAC,online,Pro,1,199.0,5,,returning,189.05
10568,2026-08-13,EU,partner,Starter,1,49.0,5,,returning,46.55
10569,2026-08-13,EU,partner,Starter,1,49.0,0,,new,49.0
10570,2026-08-13,EU,partner,Team,1,499.0,0,,returning,499.0
10571,2026-08-13,US,partner,Starter,1,49.0,5,,returning,46.55
10572,2026-08-13,US,partner,Starter,1,49.0,0,,new,49.0
10573,2026-08-13,US,partner,Starter,1,49.0,0,,returning,49.0
10574,2026-08-13,US,partner,Starter,1,49.0,10,,returning,44.1
10575,2026-08-13,US,partner,Starter,1,49.0,5,,new,46.55
10576,2026-08-13,US,online,Pro,1,199.0,0,,returning,199.0
10577,2026-08-13,APAC,partner,Starter,1,49.0,5,,new,46.55
10578,2026-08-13,APAC,online,Starter,1,49.0,30,SUMMER30,returning,34.3
10579,2026-08-13,APAC,partner,Starter,1,49.0,0,,new,49.0
10580,2026-08-13,APAC,partner,Pro,1,199.0,0,,new,199.0
10581,2026-08-14,EU,partner,Starter,1,49.0,0,,new,49.0
10582,2026-08-14,EU,partner,Starter,1,49.0,5,,returning,46.55
10583,2026-08-14,EU,online,Starter,1,49.0,30,SUMMER30,returning,34.3
10584,2026-08-14,EU,online,Team,1,499.0,0,,returning,499.0
10585,2026-08-14,US,online,Starter,1,49.0,30,SUMMER30,returning,34.3
10586,2026-08-14,US,partner,Starter,1,49.0,5,,returning,46.55
10587,2026-08-14,US,partner,Starter,1,49.0,10,,new,44.1
10588,2026-08-14,US,partner,Pro,1,199.0,5,,returning,189.05
10589,2026-08-14,US,partner,Team,1,499.0,5,,returning,474.05
10590,2026-08-14,APAC,online,Starter,1,49.0,30,SUMMER30,new,34.3
10591,2026-08-14,APAC,online,Pro,1,199.0,5,,returning,189.05
10592,2026-08-15,EU,partner,Starter,1,49.0,0,,new,49.0
10593,2026-08-15,EU,online,Team,1,499.0,0,,returning,499.0
10594,2026-08-15,US,online,Starter,1,49.0,30,SUMMER30,returning,34.3
10595,2026-08-15,US,online,Starter,1,49.0,30,SUMMER30,returning,34.3
10596,2026-08-15,US,online,Starter,1,49.0,30,SUMMER30,returning,34.3
10597,2026-08-15,US,partner,Pro,1,199.0,0,,new,199.0
10598,2026-08-15,APAC,partner,Starter,1,49.0,0,,returning,49.0
10599,2026-08-15,APAC,partner,Starter,1,49.0,10,,new,44.1
10600,2026-08-15,APAC,online,Starter,1,49.0,30,SUMMER30,returning,34.3
10601,2026-08-15,APAC,partner,Pro,1,199.0,10,,returning,179.1
10602,2026-08-16,EU,online,Starter,1,49.0,30,SUMMER30,returning,34.3
10603,2026-08-16,EU,online,Starter,1,49.0,30,SUMMER30,new,34.3
10604,2026-08-16,EU,online,Starter,1,49.0,30,SUMMER30,returning,34.3
10605,2026-08-16,US,online,Starter,1,49.0,30,SUMMER30,returning,34.3
10606,2026-08-16,US,online,Starter,1,49.0,30,SUMMER30,returning,34.3
10607,2026-08-16,US,partner,Starter,1,49.0,5,,returning,46.55
10608,2026-08-16,US,partner,Starter,1,49.0,5,,new,46.55
10609,2026-08-16,US,partner,Pro,1,199.0,0,,new,199.0
10610,2026-08-16,APAC,partner,Starter,1,49.0,0,,returning,49.0
10611,2026-08-16,APAC,online,Starter,1,49.0,30,SUMMER30,returning,34.3
10612,2026-08-16,APAC,partner,Pro,1,199.0,10,,returning,179.1
10613,2026-08-17,EU,partner,Starter,1,49.0,0,,returning,49.0
10614,2026-08-17,EU,online,Starter,1,49.0,30,SUMMER30,returning,34.3
10615,2026-08-17,EU,online,Team,1,499.0,0,,new,499.0
10616,2026-08-17,US,partner,Starter,1,49.0,0,,new,49.0
10617,2026-08-17,US,partner,Starter,1,49.0,0,,returning,49.0
10618,2026-08-17,US,partner,Starter,1,49.0,10,,returning,44.1
10619,2026-08-17,US,online,Pro,1,199.0,0,,returning,199.0
10620,2026-08-17,US,partner,Pro,1,199.0,0,,new,199.0
10621,2026-08-17,US,partner,Pro,1,199.0,0,,returning,199.0
10622,2026-08-17,US,online,Team,2,499.0,5,,returning,948.1
10623,2026-08-17,APAC,online,Starter,1,49.0,30,SUMMER30,returning,34.3
10624,2026-08-17,APAC,online,Starter,1,49.0,30,SUMMER30,returning,34.3
10625,2026-08-17,APAC,partner,Starter,1,49.0,0,,returning,49.0
10626,2026-08-17,APAC,online,Pro,1,199.0,5,,returning,189.05
10627,2026-08-18,EU,partner,Starter,1,49.0,5,,returning,46.55
10628,2026-08-18,EU,online,Starter,1,49.0,30,SUMMER30,returning,34.3
10629,2026-08-18,EU,online,Starter,1,49.0,30,SUMMER30,returning,34.3
10630,2026-08-18,US,online,Starter,1,49.0,30,SUMMER30,new,34.3
10631,2026-08-18,US,partner,Starter,1,49.0,0,,new,49.0
10632,2026-08-18,US,online,Starter,1,49.0,30,SUMMER30,returning,34.3
10633,2026-08-18,US,partner,Starter,1,49.0,0,,returning,49.0
10634,2026-08-18,US,online,Starter,1,49.0,30,SUMMER30,returning,34.3
10635,2026-08-18,US,partner,Pro,1,199.0,5,,new,189.05
10636,2026-08-18,US,online,Pro,1,199.0,0,,returning,199.0
10637,2026-08-18,US,partner,Team,2,499.0,0,,returning,998.0
10638,2026-08-18,APAC,online,Starter,1,49.0,30,SUMMER30,new,34.3
10639,2026-08-18,APAC,partner,Starter,1,49.0,0,,returning,49.0
10640,2026-08-18,APAC,partner,Pro,1,199.0,0,,returning,199.0
10641,2026-08-18,APAC,online,Pro,1,199.0,0,,returning,199.0
10642,2026-08-19,EU,online,Starter,1,49.0,30,SUMMER30,new,34.3
10643,2026-08-19,EU,online,Starter,1,49.0,30,SUMMER30,returning,34.3
10644,2026-08-19,EU,partner,Starter,1,49.0,0,,returning,49.0
10645,2026-08-19,EU,partner,Starter,1,49.0,10,,returning,44.1
10646,2026-08-19,US,online,Starter,1,49.0,30,SUMMER30,new,34.3
10647,2026-08-19,US,partner,Starter,1,49.0,0,,new,49.0
10648,2026-08-19,US,partner,Starter,1,49.0,10,,returning,44.1
10649,2026-08-19,US,online,Pro,1,199.0,5,,returning,189.05
10650,2026-08-19,US,online,Pro,1,199.0,0,,returning,199.0
10651,2026-08-19,US,partner,Team,1,499.0,0,,returning,499.0
10652,2026-08-19,APAC,online,Starter,1,49.0,30,SUMMER30,returning,34.3
10653,2026-08-19,APAC,online,Starter,1,49.0,30,SUMMER30,returning,34.3
10654,2026-08-19,APAC,online,Starter,1,49.0,30,SUMMER30,new,34.3
10655,2026-08-19,APAC,online,Pro,1,199.0,0,,returning,199.0
10656,2026-08-20,EU,online,Starter,1,49.0,30,SUMMER30,returning,34.3
10657,2026-08-20,EU,online,Starter,1,49.0,30,SUMMER30,new,34.3
10658,2026-08-20,EU,partner,Starter,1,49.0,0,,new,49.0
10659,2026-08-20,EU,online,Starter,1,49.0,30,SUMMER30,new,34.3
10660,2026-08-20,EU,partner,Starter,1,49.0,0,,returning,49.0
10661,2026-08-20,US,partner,Starter,1,49.0,10,,new,44.1
10662,2026-08-20,US,online,Starter,1,49.0,30,SUMMER30,new,34.3
10663,2026-08-20,US,partner,Starter,1,49.0,0,,returning,49.0
10664,2026-08-20,US,partner,Pro,1,199.0,0,,new,199.0
10665,2026-08-20,US,online,Pro,1,199.0,5,,returning,189.05
10666,2026-08-20,US,online,Team,1,499.0,0,,new,499.0
10667,2026-08-20,APAC,online,Starter,1,49.0,30,SUMMER30,new,34.3
10668,2026-08-20,APAC,partner,Starter,1,49.0,10,,returning,44.1
10669,2026-08-20,APAC,online,Starter,1,49.0,30,SUMMER30,returning,34.3
10670,2026-08-20,APAC,partner,Starter,1,49.0,0,,returning,49.0
10671,2026-08-20,APAC,partner,Pro,1,199.0,0,,returning,199.0
10672,2026-08-21,EU,partner,Starter,1,49.0,10,,new,44.1
10673,2026-08-21,EU,partner,Starter,1,49.0,0,,returning,49.0
10674,2026-08-21,EU,partner,Team,1,499.0,0,,returning,499.0
10675,2026-08-21,US,online,Starter,1,49.0,30,SUMMER30,returning,34.3
10676,2026-08-21,US,online,Starter,1,49.0,30,SUMMER30,returning,34.3
10677,2026-08-21,US,online,Starter,1,49.0,30,SUMMER30,returning,34.3
10678,2026-08-21,US,online,Starter,1,49.0,30,SUMMER30,new,34.3
10679,2026-08-21,US,partner,Starter,1,49.0,0,,returning,49.0
10680,2026-08-21,US,online,Pro,1,199.0,0,,new,199.0
10681,2026-08-21,US,partner,Pro,1,199.0,5,,new,189.05
10682,2026-08-21,US,partner,Pro,1,199.0,5,,new,189.05
10683,2026-08-21,APAC,partner,Starter,1,49.0,10,,returning,44.1
10684,2026-08-21,APAC,partner,Starter,1,49.0,0,,returning,49.0
10685,2026-08-21,APAC,partner,Pro,1,199.0,10,,new,179.1
10686,2026-08-22,EU,partner,Starter,1,49.0,0,,returning,49.0
10687,2026-08-22,EU,online,Starter,1,49.0,30,SUMMER30,new,34.3
10688,2026-08-22,US,online,Starter,1,49.0,30,SUMMER30,returning,34.3
10689,2026-08-22,US,partner,Starter,1,49.0,10,,returning,44.1
10690,2026-08-22,US,partner,Pro,1,199.0,10,,returning,179.1
10691,2026-08-22,US,partner,Team,1,499.0,0,,new,499.0
10692,2026-08-22,APAC,partner,Starter,1,49.0,0,,returning,49.0
10693,2026-08-22,APAC,partner,Starter,1,49.0,0,,returning,49.0
10694,2026-08-23,EU,partner,Starter,1,49.0,0,,returning,49.0
10695,2026-08-23,EU,partner,Starter,1,49.0,0,,returning,49.0
10696,2026-08-23,EU,partner,Starter,1,49.0,0,,returning,49.0
10697,2026-08-23,US,partner,Starter,1,49.0,10,,new,44.1
10698,2026-08-23,US,partner,Starter,1,49.0,0,,returning,49.0
10699,2026-08-23,US,partner,Starter,1,49.0,0,,returning,49.0
10700,2026-08-23,US,online,Pro,1,199.0,0,,new,199.0
10701,2026-08-23,APAC,online,Starter,1,49.0,30,SUMMER30,returning,34.3
10702,2026-08-23,APAC,online,Starter,1,49.0,30,SUMMER30,new,34.3
10703,2026-08-23,APAC,online,Starter,1,49.0,30,SUMMER30,returning,34.3
10704,2026-08-23,APAC,partner,Pro,1,199.0,5,,returning,189.05
10705,2026-08-24,EU,online,Starter,1,49.0,30,SUMMER30,returning,34.3
10706,2026-08-24,EU,online,Starter,1,49.0,30,SUMMER30,new,34.3
10707,2026-08-24,EU,partner,Starter,1,49.0,10,,returning,44.1
10708,2026-08-24,EU,online,Starter,1,49.0,30,SUMMER30,returning,34.3
10709,2026-08-24,US,partner,Starter,1,49.0,5,,new,46.55
10710,2026-08-24,US,online,Starter,1,49.0,30,SUMMER30,returning,34.3
10711,2026-08-24,US,partner,Pro,1,199.0,0,,returning,199.0
10712,2026-08-24,US,online,Pro,1,199.0,0,,new,199.0
10713,2026-08-24,US,online,Team,2,499.0,5,,returning,948.1
10714,2026-08-24,APAC,online,Starter,1,49.0,30,SUMMER30,new,34.3
10715,2026-08-24,APAC,online,Starter,1,49.0,30,SUMMER30,new,34.3
10716,2026-08-24,APAC,partner,Pro,1,199.0,0,,new,199.0
10717,2026-08-25,EU,online,Starter,1,49.0,30,SUMMER30,returning,34.3
10718,2026-08-25,EU,partner,Starter,1,49.0,10,,returning,44.1
10719,2026-08-25,EU,partner,Starter,1,49.0,10,,new,44.1
10720,2026-08-25,EU,partner,Starter,1,49.0,0,,returning,49.0
10721,2026-08-25,EU,online,Team,1,499.0,0,,returning,499.0
10722,2026-08-25,US,online,Starter,1,49.0,30,SUMMER30,returning,34.3
10723,2026-08-25,US,online,Pro,1,199.0,0,,returning,199.0
10724,2026-08-25,US,partner,Team,2,499.0,0,,new,998.0
10725,2026-08-25,APAC,online,Starter,1,49.0,30,SUMMER30,new,34.3
10726,2026-08-25,APAC,online,Starter,1,49.0,30,SUMMER30,new,34.3
10727,2026-08-25,APAC,partner,Pro,1,199.0,0,,returning,199.0
10728,2026-08-25,APAC,online,Pro,1,199.0,5,,returning,189.05
10729,2026-08-26,EU,partner,Starter,1,49.0,10,,returning,44.1
10730,2026-08-26,EU,online,Starter,1,49.0,30,SUMMER30,new,34.3
10731,2026-08-26,EU,partner,Starter,1,49.0,5,,returning,46.55
10732,2026-08-26,EU,partner,Starter,1,49.0,10,,returning,44.1
10733,2026-08-26,EU,partner,Team,1,499.0,10,,new,449.1
10734,2026-08-26,US,partner,Starter,1,49.0,5,,returning,46.55
10735,2026-08-26,US,online,Starter,1,49.0,30,SUMMER30,new,34.3
10736,2026-08-26,US,online,Starter,1,49.0,30,SUMMER30,returning,34.3
10737,2026-08-26,US,partner,Starter,1,49.0,0,,returning,49.0
10738,2026-08-26,US,partner,Pro,1,199.0,0,,returning,199.0
10739,2026-08-26,APAC,partner,Starter,1,49.0,5,,returning,46.55
10740,2026-08-26,APAC,partner,Pro,1,199.0,0,,returning,199.0
10741,2026-08-27,EU,partner,Starter,1,49.0,10,,new,44.1
10742,2026-08-27,EU,online,Starter,1,49.0,30,SUMMER30,new,34.3
10743,2026-08-27,EU,online,Starter,1,49.0,30,SUMMER30,new,34.3
10744,2026-08-27,EU,partner,Starter,1,49.0,0,,new,49.0
10745,2026-08-27,US,partner,Starter,1,49.0,10,,new,44.1
10746,2026-08-27,US,partner,Starter,1,49.0,10,,returning,44.1
10747,2026-08-27,US,partner,Starter,1,49.0,0,,returning,49.0
10748,2026-08-27,APAC,partner,Starter,1,49.0,5,,returning,46.55
10749,2026-08-27,APAC,online,Starter,1,49.0,30,SUMMER30,returning,34.3
10750,2026-08-27,APAC,online,Pro,1,199.0,0,,returning,199.0
10751,2026-08-28,EU,online,Starter,1,49.0,30,SUMMER30,returning,34.3
10752,2026-08-28,EU,online,Starter,1,49.0,30,SUMMER30,returning,34.3
10753,2026-08-28,EU,partner,Starter,1,49.0,0,,new,49.0
10754,2026-08-28,EU,partner,Starter,1,49.0,5,,new,46.55
10755,2026-08-28,EU,partner,Team,2,499.0,5,,new,948.1
10756,2026-08-28,US,online,Starter,1,49.0,30,SUMMER30,returning,34.3
10757,2026-08-28,US,partner,Starter,1,49.0,10,,returning,44.1
10758,2026-08-28,US,online,Starter,1,49.0,30,SUMMER30,returning,34.3
10759,2026-08-28,US,online,Pro,1,199.0,0,,returning,199.0
10760,2026-08-28,US,partner,Pro,1,199.0,5,,new,189.05
10761,2026-08-28,US,online,Pro,1,199.0,0,,returning,199.0
10762,2026-08-28,US,partner,Team,1,499.0,0,,returning,499.0
10763,2026-08-28,APAC,online,Starter,1,49.0,30,SUMMER30,new,34.3
10764,2026-08-28,APAC,online,Starter,1,49.0,30,SUMMER30,new,34.3
10765,2026-08-28,APAC,partner,Starter,1,49.0,10,,returning,44.1
10766,2026-08-29,EU,online,Starter,1,49.0,30,SUMMER30,returning,34.3
10767,2026-08-29,EU,online,Starter,1,49.0,30,SUMMER30,returning,34.3
10768,2026-08-29,EU,online,Pro,1,199.0,5,,new,189.05
10769,2026-08-29,US,partner,Starter,1,49.0,5,,returning,46.55
10770,2026-08-29,US,online,Pro,1,199.0,0,,returning,199.0
10771,2026-08-29,US,partner,Team,1,499.0,10,,returning,449.1
10772,2026-08-29,APAC,online,Starter,1,49.0,30,SUMMER30,returning,34.3
10773,2026-08-29,APAC,online,Starter,1,49.0,30,SUMMER30,new,34.3
10774,2026-08-29,APAC,partner,Starter,1,49.0,5,,new,46.55
10775,2026-08-29,APAC,online,Pro,1,199.0,0,,returning,199.0
10776,2026-08-30,EU,online,Starter,1,49.0,30,SUMMER30,returning,34.3
10777,2026-08-30,EU,online,Starter,1,49.0,30,SUMMER30,new,34.3
10778,2026-08-30,EU,partner,Starter,1,49.0,0,,returning,49.0
10779,2026-08-30,EU,partner,Pro,1,199.0,5,,new,189.05
10780,2026-08-30,US,partner,Starter,1,49.0,0,,returning,49.0
10781,2026-08-30,US,online,Starter,1,49.0,30,SUMMER30,returning,34.3
10782,2026-08-30,US,partner,Starter,1,49.0,0,,returning,49.0
10783,2026-08-30,US,online,Pro,1,199.0,0,,returning,199.0
10784,2026-08-30,APAC,online,Starter,1,49.0,30,SUMMER30,returning,34.3
10785,2026-08-30,APAC,partner,Starter,1,49.0,10,,new,44.1
10786,2026-08-30,APAC,online,Starter,1,49.0,30,SUMMER30,new,34.3
10787,2026-08-30,APAC,online,Pro,1,199.0,0,,returning,199.0
10788,2026-08-31,EU,online,Starter,1,49.0,30,SUMMER30,returning,34.3
10789,2026-08-31,EU,online,Team,1,499.0,0,,returning,499.0
10790,2026-08-31,US,online,Starter,1,49.0,30,SUMMER30,new,34.3
10791,2026-08-31,US,partner,Pro,1,199.0,0,,new,199.0
10792,2026-08-31,APAC,online,Starter,1,49.0,30,SUMMER30,returning,34.3
10793,2026-08-31,APAC,online,Pro,1,199.0,5,,returning,189.05
