line_id,invoice_date,supplier,sku,quantity,unit_price
1,2026-02-01,Norfield,SKU-300,25,31.0
2,2026-02-02,Pinecrest,SKU-200,140,7.25
3,2026-02-02,Norfield,SKU-200,72,7.25
4,2026-02-02,Quayside,SKU-300,20,31.0
5,2026-02-04,Quayside,SKU-200,76,7.25
6,2026-02-04,Norfield,SKU-300,42,31.0
7,2026-02-07,Pinecrest,SKU-300,17,31.0
8,2026-02-07,Oakmont,SKU-100,47,12.5
9,2026-02-08,Norfield,SKU-200,177,7.25
10,2026-02-08,Pinecrest,SKU-300,65,31.0
11,2026-02-09,Quayside,SKU-200,157,7.25
12,2026-02-10,Pinecrest,SKU-200,74,7.25
13,2026-02-10,Oakmont,SKU-100,129,12.5
14,2026-02-10,Oakmont,SKU-100,129,12.5
15,2026-02-11,Oakmont,SKU-200,51,7.25
16,2026-02-13,Norfield,SKU-100,100,12.5
17,2026-02-13,Pinecrest,SKU-300,108,31.0
18,2026-02-14,Norfield,SKU-300,112,31.0
19,2026-02-15,Norfield,SKU-300,88,31.0
20,2026-02-15,Quayside,SKU-100,131,12.5
21,2026-02-15,Quayside,SKU-200,74,7.25
22,2026-02-18,Norfield,SKU-100,37,12.5
23,2026-02-18,Oakmont,SKU-200,112,7.25
24,2026-02-19,Pinecrest,SKU-100,196,12.5
25,2026-02-19,Oakmont,SKU-200,157,7.25
26,2026-02-20,Quayside,SKU-200,36,7.25
27,2026-02-20,Pinecrest,SKU-200,57,7.25
28,2026-02-20,Oakmont,SKU-200,45,7.25
29,2026-02-21,Oakmont,SKU-200,39,7.25
30,2026-02-21,Pinecrest,SKU-100,17,12.5
31,2026-02-21,Quayside,SKU-200,102,7.25
32,2026-02-22,Oakmont,SKU-100,97,12.5
33,2026-02-23,Pinecrest,SKU-300,44,31.0
34,2026-02-24,Quayside,SKU-300,62,31.0
35,2026-02-25,Oakmont,SKU-100,160,12.5
36,2026-02-26,Quayside,SKU-100,70,12.5
37,2026-02-26,Oakmont,SKU-100,176,12.5
38,2026-02-26,Quayside,SKU-200,161,7.25
39,2026-02-27,Quayside,SKU-300,82,31.0
40,2026-02-27,Oakmont,SKU-300,133,31.0
41,2026-02-28,Oakmont,SKU-200,171,7.25
42,2026-02-28,Norfield,SKU-100,39,12.5
43,2026-03-01,Quayside,SKU-300,99,31.0
44,2026-03-01,Quayside,SKU-100,26,12.5
45,2026-03-02,Pinecrest,SKU-100,140,12.5
46,2026-03-03,Norfield,SKU-300,166,31.0
47,2026-03-03,Oakmont,SKU-300,36,31.0
48,2026-03-03,Pinecrest,SKU-200,13,7.25
49,2026-03-04,Pinecrest,SKU-300,103,31.0
50,2026-03-04,Norfield,SKU-200,65,7.25
51,2026-03-04,Norfield,SKU-100,49,12.5
52,2026-03-05,Norfield,SKU-300,121,31.0
53,2026-03-05,Norfield,SKU-100,62,12.5
54,2026-03-06,Norfield,SKU-300,41,31.0
55,2026-03-06,Norfield,SKU-300,198,31.0
56,2026-03-07,Quayside,SKU-300,48,31.0
57,2026-03-07,Norfield,SKU-100,96,12.5
58,2026-03-10,Norfield,SKU-100,122,12.5
59,2026-03-10,Norfield,SKU-100,107,12.5
60,2026-03-11,Norfield,SKU-300,40,31.0
61,2026-03-11,Pinecrest,SKU-200,25,7.25
62,2026-03-11,Quayside,SKU-300,65,31.0
63,2026-03-12,Oakmont,SKU-300,93,31.0
64,2026-03-14,Norfield,SKU-200,181,7.25
65,2026-03-14,Pinecrest,SKU-200,57,7.25
66,2026-03-14,Norfield,SKU-300,61,31.0
67,2026-03-15,Oakmont,SKU-300,108,31.0
68,2026-03-17,Quayside,SKU-200,61,7.25
69,2026-03-20,Oakmont,SKU-300,54,31.0
70,2026-03-21,Norfield,SKU-100,98,12.5
71,2026-03-21,Oakmont,SKU-200,88,7.25
72,2026-03-27,Norfield,SKU-200,114,7.25
73,2026-03-27,Norfield,SKU-200,158,7.25
74,2026-03-28,Norfield,SKU-300,75,31.0
75,2026-03-28,Pinecrest,SKU-300,16,31.0
76,2026-03-28,Norfield,SKU-100,165,12.5
77,2026-03-29,Norfield,SKU-300,188,31.0
78,2026-03-29,Pinecrest,SKU-200,147,7.25
79,2026-03-29,Quayside,SKU-200,154,7.25
80,2026-03-30,Oakmont,SKU-200,86,7.25
81,2026-03-30,Oakmont,SKU-200,67,7.25
82,2026-03-31,Oakmont,SKU-300,192,31.0
83,2026-03-31,Norfield,SKU-200,32,7.25
84,2026-04-01,Pinecrest,SKU-200,12,8.12
85,2026-04-01,Pinecrest,SKU-300,15,34.72
86,2026-04-01,Norfield,SKU-300,92,31.0
87,2026-04-02,Norfield,SKU-300,167,31.0
88,2026-04-02,Norfield,SKU-300,45,31.0
89,2026-04-03,Oakmont,SKU-100,38,12.5
90,2026-04-05,Quayside,SKU-100,150,12.5
91,2026-04-05,Norfield,SKU-100,164,12.5
92,2026-04-07,Pinecrest,SKU-200,85,8.12
93,2026-04-07,Oakmont,SKU-200,195,7.25
94,2026-04-07,Pinecrest,SKU-200,138,8.12
95,2026-04-08,Quayside,SKU-200,10,7.25
96,2026-04-08,Norfield,SKU-300,118,31.0
97,2026-04-09,Oakmont,SKU-100,120,12.5
98,2026-04-09,Quayside,SKU-300,108,31.0
99,2026-04-10,Quayside,SKU-100,188,12.5
100,2026-04-10,Pinecrest,SKU-300,27,34.72
101,2026-04-10,Norfield,SKU-300,13,31.0
102,2026-04-12,Norfield,SKU-300,42,31.0
103,2026-04-12,Oakmont,SKU-200,183,7.25
104,2026-04-12,Norfield,SKU-200,11,7.25
105,2026-04-13,Norfield,SKU-100,180,12.5
106,2026-04-14,Norfield,SKU-100,29,12.5
107,2026-04-14,Norfield,SKU-300,118,31.0
108,2026-04-15,Quayside,SKU-200,125,7.25
109,2026-04-15,Norfield,SKU-200,183,7.25
110,2026-04-17,Norfield,SKU-100,81,12.5
111,2026-04-18,Oakmont,SKU-100,10,12.5
112,2026-04-18,Oakmont,SKU-100,105,12.5
113,2026-04-19,Quayside,SKU-200,25,7.25
114,2026-04-19,Norfield,SKU-100,13,12.5
115,2026-04-20,Quayside,SKU-300,14,31.0
116,2026-04-25,Oakmont,SKU-300,120,31.0
117,2026-04-26,Quayside,SKU-300,156,31.0
118,2026-04-27,Norfield,SKU-100,135,12.5
119,2026-04-27,Pinecrest,SKU-200,146,8.12
120,2026-04-27,Oakmont,SKU-200,134,7.25
121,2026-05-01,Quayside,SKU-100,169,12.5
122,2026-05-01,Oakmont,SKU-200,34,7.25
123,2026-05-01,Norfield,SKU-200,99,7.25
124,2026-05-04,Norfield,SKU-200,148,7.25
125,2026-05-05,Pinecrest,SKU-100,141,14.0
126,2026-05-06,Quayside,SKU-100,23,12.5
127,2026-05-06,Quayside,SKU-300,155,31.0
128,2026-05-06,Oakmont,SKU-200,27,7.25
129,2026-05-11,Oakmont,SKU-300,75,31.0
130,2026-05-12,Norfield,SKU-200,151,7.25
131,2026-05-12,Oakmont,SKU-300,190,31.0
132,2026-05-16,Quayside,SKU-100,122,12.5
133,2026-05-16,Norfield,SKU-200,198,7.25
134,2026-05-16,Pinecrest,SKU-300,110,34.72
135,2026-05-17,Norfield,SKU-200,30,7.25
136,2026-05-17,Oakmont,SKU-100,59,12.5
137,2026-05-17,Quayside,SKU-100,141,12.5
138,2026-05-18,Pinecrest,SKU-100,51,14.0
139,2026-05-18,Quayside,SKU-300,89,31.0
140,2026-05-19,Quayside,SKU-100,20,12.5
141,2026-05-20,Oakmont,SKU-100,63,12.5
142,2026-05-21,Pinecrest,SKU-100,94,14.0
143,2026-05-21,Oakmont,SKU-300,132,31.0
144,2026-05-22,Oakmont,SKU-200,147,7.25
145,2026-05-23,Pinecrest,SKU-200,42,8.12
146,2026-05-23,Pinecrest,SKU-100,95,14.0
147,2026-05-24,Norfield,SKU-100,78,12.5
148,2026-05-27,Oakmont,SKU-300,179,31.0
149,2026-05-27,Quayside,SKU-200,199,7.25
150,2026-05-28,Norfield,SKU-200,135,7.25
151,2026-05-28,Norfield,SKU-300,67,31.0
152,2026-05-30,Pinecrest,SKU-300,25,34.72
153,2026-05-30,Oakmont,SKU-100,56,12.5
154,2026-06-02,Norfield,SKU-200,178,7.25
155,2026-06-02,Norfield,SKU-100,140,12.5
156,2026-06-03,Oakmont,SKU-100,127,12.5
157,2026-06-03,Norfield,SKU-100,155,12.5
158,2026-06-06,Quayside,SKU-300,113,31.0
159,2026-06-06,Oakmont,SKU-200,184,7.25
160,2026-06-06,Pinecrest,SKU-300,18,34.72
161,2026-06-08,Quayside,SKU-200,50,7.25
162,2026-06-09,Quayside,SKU-300,170,31.0
163,2026-06-09,Oakmont,SKU-200,60,7.25
164,2026-06-11,Norfield,SKU-100,20,12.5
165,2026-06-11,Oakmont,SKU-100,183,12.5
166,2026-06-11,Pinecrest,SKU-200,90,8.12
167,2026-06-12,Oakmont,SKU-200,76,7.25
168,2026-06-12,Quayside,SKU-300,122,31.0
169,2026-06-15,Oakmont,SKU-300,168,31.0
170,2026-06-15,Pinecrest,SKU-100,133,14.0
171,2026-06-15,Pinecrest,SKU-100,184,14.0
172,2026-06-16,Pinecrest,SKU-300,194,34.72
173,2026-06-17,Norfield,SKU-300,11,31.0
174,2026-06-17,Norfield,SKU-100,118,12.5
175,2026-06-17,Pinecrest,SKU-100,116,14.0
176,2026-06-18,Quayside,SKU-200,153,7.25
177,2026-06-18,Pinecrest,SKU-100,78,14.0
178,2026-06-18,Norfield,SKU-300,46,31.0
179,2026-06-19,Norfield,SKU-100,35,12.5
180,2026-06-19,Norfield,SKU-200,141,7.25
181,2026-06-19,Pinecrest,SKU-100,184,14.0
182,2026-06-20,Oakmont,SKU-300,122,31.0
183,2026-06-20,Pinecrest,SKU-300,189,34.72
184,2026-06-23,Oakmont,SKU-200,181,7.25
185,2026-06-23,Pinecrest,SKU-100,180,14.0
186,2026-06-23,Oakmont,SKU-200,56,7.25
187,2026-06-26,Pinecrest,SKU-300,149,34.72
188,2026-06-27,Quayside,SKU-200,78,7.25
189,2026-06-27,Pinecrest,SKU-200,178,8.12
190,2026-06-27,Quayside,SKU-300,144,31.0
191,2026-06-28,Norfield,SKU-200,125,7.25
192,2026-06-30,Norfield,SKU-200,10,7.25
193,2026-07-01,Quayside,SKU-300,118,31.0
194,2026-07-01,Norfield,SKU-200,54,7.25
195,2026-07-02,Norfield,SKU-200,167,7.25
196,2026-07-04,Norfield,SKU-100,32,12.5
197,2026-07-05,Pinecrest,SKU-200,15,8.12
198,2026-07-05,Oakmont,SKU-100,144,12.5
199,2026-07-06,Oakmont,SKU-200,168,7.25
200,2026-07-06,Quayside,SKU-300,57,31.0
201,2026-07-06,Quayside,SKU-200,107,7.25
202,2026-07-07,Oakmont,SKU-200,11,7.25
203,2026-07-09,Oakmont,SKU-100,58,12.5
204,2026-07-10,Pinecrest,SKU-100,143,14.0
205,2026-07-18,Pinecrest,SKU-200,152,8.12
206,2026-07-18,Norfield,SKU-300,78,31.0
207,2026-07-19,Oakmont,SKU-100,97,12.5
208,2026-07-20,Oakmont,SKU-100,140,12.5
209,2026-07-20,Pinecrest,SKU-300,176,34.72
210,2026-07-23,Norfield,SKU-300,57,31.0
211,2026-07-25,Oakmont,SKU-300,55,31.0
212,2026-07-25,Pinecrest,SKU-300,16,34.72
213,2026-07-25,Quayside,SKU-200,42,7.25
214,2026-07-26,Norfield,SKU-100,142,12.5
215,2026-07-26,Oakmont,SKU-100,190,12.5
216,2026-07-26,Pinecrest,SKU-300,150,34.72
217,2026-07-27,Quayside,SKU-300,139,31.0
218,2026-07-28,Quayside,SKU-100,137,12.5
219,2026-07-30,Pinecrest,SKU-100,131,14.0
220,2026-07-30,Quayside,SKU-300,145,31.0
