payment_id,paid_on,vendor,invoice_no,amount
211,2026-09-18,Delta Office,DEL-1025,512.52
22,2026-09-05,Acme Supplies,ACM-1021,5057.9
81,2026-05-09,Brightline,BRI-1020,1418.19
131,2026-02-15,Corvus Freight,COR-1009,6771.4
315,2026-02-13,Fulton Print,FUL-1009,4922.63
307,2026-09-20,Fulton Print,FUL-1001,7221.97
68,2026-04-09,Brightline,BRI-1007,562.51
271,2026-04-26,Evergreen IT,EVE-1025,7878.54
42,2026-02-06,Acme Supplies,ACM-1041,272.95
67,2026-04-24,Brightline,BRI-1006,286.55
209,2026-02-15,Delta Office,DEL-1023,4961.47
24,2026-03-29,Acme Supplies,ACM-1023,8495.28
150,2026-08-24,Corvus Freight,COR-1027,2334.43
218,2026-06-04,Delta Office,DEL-1032,6300.47
219,2026-01-26,Delta Office,DEL-1033,6459.54
230,2026-06-12,Delta Office,DEL-1044,5255.91
320,2026-05-01,Fulton Print,FUL-1014,804.23
361,2026-06-29,Fulton Print,FUL-1055,3893.69
233,2026-07-30,Delta Office,DEL-1047,5031.09
206,2026-01-05,Delta Office,DEL-1020,2316.82
66,2026-01-03,Brightline,BRI-1005,5398.43
106,2026-06-05,Brightline,BRI-1045,3046.0
168,2026-04-20,Corvus Freight,COR-1043,6588.33
88,2026-05-05,Brightline,BRI-1027,8480.18
148,2026-07-08,Corvus Freight,COR-1025,1634.38
77,2026-01-24,Brightline,BRI-1016,2538.06
343,2026-03-11,Fulton Print,FUL-1037,5422.43
171,2026-04-27,Corvus Freight,COR-1046,5573.49
23,2026-06-21,Acme Supplies,ACM-1022,8155.33
325,2026-01-03,Fulton Print,FUL-1019,6297.64
126,2026-06-21,Corvus Freight,COR-1005,6500.39
260,2026-08-11,Evergreen IT,EVE-1014,4217.27
174,2026-07-27,Corvus Freight,COR-1049,2571.09
101,2026-04-24,Brightline,BRI-1040,7863.97
201,2026-02-22,Delta Office,DEL-1015,8990.43
225,2026-07-18,Delta Office,DEL-1039,4160.17
273,2026-05-30,Evergreen IT,EVE-1027,4748.61
173,2026-04-30,Corvus Freight,COR-1048,5735.7
193,2026-09-01,Delta Office,DEL-1007,2867.65
293,2026-04-26,Evergreen IT,EVE-1047,954.26
185,2026-06-30,Corvus Freight,COR-1059,2779.21
268,2026-07-14,Evergreen IT,EVE-1022,7294.91
56,2026-06-25,Acme Supplies,ACM-1055,8120.59
333,2026-03-25,Fulton Print,FUL-1027,1528.13
220,2026-05-11,Delta Office,DEL-1034,7691.64
339,2026-08-17,Fulton Print,FUL-1033,5847.36
199,2026-01-31,Delta Office,DEL-1013,7181.27
152,2026-01-10,Corvus Freight,COR-1029,4318.15
99,2026-08-31,Brightline,BRI-1038,5897.97
120,2026-03-17,Brightline,BRI-1059,4090.13
13,2026-04-19,Acme Supplies,ACM-1012,3019.64
40,2026-08-01,Acme Supplies,ACM-1039,3924.02
232,2026-07-04,Delta Office,DEL-1046,2232.36
89,2026-09-17,Brightline,BRI-1028,6065.77
109,2026-06-16,Brightline,BRI-1048,7939.43
312,2026-07-10,Fulton Print,FUL-1006,8792.69
269,2026-06-02,Evergreen IT,EVE-1023,3808.83
330,2026-09-22,Fulton Print,FUL-1024,8658.29
52,2026-02-24,Acme Supplies,ACM-1051,1805.95
16,2026-09-07,Acme Supplies,ACM-1015,1959.06
140,2026-04-09,Corvus Freight,COR-1017,4249.07
302,2026-07-05,Evergreen IT,EVE-1056,3849.58
313,2026-07-27,Fulton Print,FUL-1007,1505.48
9,2026-09-15,Acme Supplies,ACM-1008,5363.06
72,2026-01-14,Brightline,BRI-1011,916.97
8,2026-03-03,Acme Supplies,ACM-1007,6061.44
100,2026-01-11,Brightline,BRI-1039,5997.85
115,2026-02-27,Brightline,BRI-1054,6937.68
188,2026-09-17,Delta Office,DEL-1002,3829.05
91,2026-04-11,Brightline,BRI-1030,2775.44
36,2026-08-26,Acme Supplies,ACM-1035,1367.8
151,2026-08-10,Corvus Freight,COR-1028,6529.06
14,2026-03-27,Acme Supplies,ACM-1013,4102.63
342,2026-03-07,Fulton Print,FUL-1036,5956.85
241,2026-03-06,Delta Office,DEL-1055,3162.9
284,2026-01-15,Evergreen IT,EVE-1038,1833.55
31,2026-04-03,Acme Supplies,ACM-1030,3929.77
267,2026-06-03,Evergreen IT,EVE-1021,5921.57
35,2026-01-30,Acme Supplies,ACM-1034,5154.01
229,2026-01-30,Delta Office,DEL-1043,4984.19
137,2026-03-07,Corvus Freight,COR-1015,1721.11
357,2026-09-11,Fulton Print,FUL-1051,7752.89
108,2026-09-21,Brightline,BRI-1047,8997.58
198,2026-07-22,Delta Office,DEL-1012,5976.4
195,2026-02-27,Delta Office,DEL-1009,8163.22
212,2026-09-12,Delta Office,DEL-1026,4215.79
128,2026-03-07,Corvus Freight,COR-1006,8044.32
263,2026-02-01,Evergreen IT,EVE-1017,2182.51
186,2026-04-11,Delta Office,DEL-1000,5841.95
39,2026-08-07,Acme Supplies,ACM-1038,4327.19
54,2026-08-22,Acme Supplies,ACM-1053,3354.19
349,2026-04-27,Fulton Print,FUL-1043,5636.83
157,2026-06-03,Corvus Freight,COR-1033,5320.82
175,2026-07-13,Corvus Freight,COR-1050,5405.43
28,2026-05-13,Acme Supplies,ACM-1027,2142.87
189,2026-04-20,Delta Office,DEL-1003,3828.17
30,2026-04-18,Acme Supplies,ACM-1029,7524.12
324,2026-04-18,Fulton Print,FUL-1018,7583.46
202,2026-05-31,Delta Office,DEL-1016,2417.44
308,2026-06-21,Fulton Print,FUL-1002,1499.2
167,2026-05-19,Corvus Freight,COR-1042,3994.15
226,2026-03-06,Delta Office,DEL-1040,4929.48
159,2026-04-05,Corvus Freight,COR-1035,4563.12
161,2026-09-22,Corvus Freight,COR-1037,6631.47
277,2026-09-22,Evergreen IT,EVE-1031,1540.6
169,2026-01-23,Corvus Freight,COR-1044,2267.18
338,2026-07-29,Fulton Print,FUL-1032,5975.69
86,2026-07-21,Brightline,BRI-1025,1371.29
344,2026-05-25,Fulton Print,FUL-1038,8133.23
78,2026-05-14,Brightline,BRI-1017,8522.42
337,2026-07-08,Fulton Print,FUL-1031,8529.8
107,2026-05-03,Brightline,BRI-1046,3926.71
160,2026-01-04,Corvus Freight,COR-1036,4692.56
304,2026-02-09,Evergreen IT,EVE-1058,8469.33
176,2026-02-17,Corvus Freight,COR-1051,7116.4
317,2026-01-06,Fulton Print,FUL-1011,6601.25
332,2026-08-26,Fulton Print,FUL-1026,7156.6
237,2026-05-08,Delta Office,DEL-1051,6465.82
362,2026-05-16,Fulton Print,FUL-1056,6239.68
256,2026-04-29,Evergreen IT,EVE-1010,636.86
246,2026-04-25,Evergreen IT,EVE-1000,8280.59
118,2026-03-01,Brightline,BRI-1057,2120.07
234,2026-07-07,Delta Office,DEL-1048,6633.02
114,2026-03-02,Brightline,BRI-1053,8664.92
276,2026-04-06,Evergreen IT,EVE-1030,8917.36
135,2026-01-25,Corvus Freight,COR-1013,2515.07
73,2026-09-08,Brightline,BRI-1012,3336.74
83,2026-01-07,Brightline,BRI-1022,7937.46
213,2026-04-25,Delta Office,DEL-1027,7402.76
63,2026-02-12,Brightline,BRI-1002,6020.11
113,2026-09-11,Brightline,BRI-1052,5613.81
62,2026-07-02,Brightline,BRI-1001,1712.47
7,2026-06-11,Acme Supplies,ACM-1006,1806.13
350,2026-02-12,Fulton Print,FUL-1044,5166.89
5,2026-01-30,Acme Supplies,ACM-1004,715.36
74,2026-04-30,Brightline,BRI-1013,5741.83
165,2026-01-15,Corvus Freight,COR-1041,7771.32
139,2026-03-14,Corvus Freight,COR-1017,4249.07
299,2026-05-03,Evergreen IT,EVE-1053,1951.34
316,2026-01-25,Fulton Print,FUL-1010,5406.87
351,2026-06-29,Fulton Print,FUL-1045,2470.48
124,2026-02-09,Corvus Freight,COR-1003,6209.23
223,2026-01-26,Delta Office,DEL-1037,1814.01
363,2026-06-10,Fulton Print,FUL-1057,3369.25
243,2026-09-23,Delta Office,DEL-1057,3359.17
347,2026-04-22,Fulton Print,FUL-1041,789.46
158,2026-09-13,Corvus Freight,COR-1034,8504.28
311,2026-09-02,Fulton Print,FUL-1005,6424.79
82,2026-04-26,Brightline,BRI-1021,1914.81
282,2026-08-02,Evergreen IT,EVE-1036,709.4
51,2026-03-27,Acme Supplies,ACM-1050,8935.44
130,2026-07-13,Corvus Freight,COR-1008,5348.7
149,2026-04-18,Corvus Freight,COR-1026,3983.29
98,2026-03-31,Brightline,BRI-1037,250.27
274,2026-09-22,Evergreen IT,EVE-1028,823.64
331,2026-02-20,Fulton Print,FUL-1025,3808.2
252,2026-07-20,Evergreen IT,EVE-1006,3194.51
348,2026-05-24,Fulton Print,FUL-1042,1842.36
327,2026-01-03,Fulton Print,FUL-1021,2508.53
45,2026-02-03,Acme Supplies,ACM-1044,2592.68
262,2026-08-29,Evergreen IT,EVE-1016,6814.35
93,2026-09-17,Brightline,BRI-1032,6875.56
303,2026-08-10,Evergreen IT,EVE-1057,1389.31
146,2026-04-21,Corvus Freight,COR-1023,3698.28
181,2026-05-08,Corvus Freight,COR-1055,3481.36
200,2026-03-12,Delta Office,DEL-1014,7559.96
279,2026-04-14,Evergreen IT,EVE-1033,5839.19
111,2026-03-05,Brightline,BRI-1050,5506.7
1,2026-03-31,Acme Supplies,ACM-1000,8429.03
144,2026-01-23,Corvus Freight,COR-1021,2732.53
117,2026-02-07,Brightline,BRI-1056,2437.54
133,2026-09-25,Corvus Freight,COR-1011,5387.14
21,2026-07-17,Acme Supplies,ACM-1020,8866.91
278,2026-07-18,Evergreen IT,EVE-1032,8469.91
210,2026-05-01,Delta Office,DEL-1024,2401.97
265,2026-04-27,Evergreen IT,EVE-1019,6658.3
90,2026-04-17,Brightline,BRI-1029,5758.25
328,2026-04-25,Fulton Print,FUL-1022,5878.31
364,2026-01-31,Fulton Print,FUL-1058,712.59
231,2026-01-01,Delta Office,DEL-1045,7269.86
353,2026-02-12,Fulton Print,FUL-1047,489.3
305,2026-07-31,Evergreen IT,EVE-1059,898.59
291,2026-03-06,Evergreen IT,EVE-1045,8362.88
187,2026-03-02,Delta Office,DEL-1001,8703.69
38,2026-05-02,Acme Supplies,ACM-1037,2888.17
84,2026-01-04,Brightline,BRI-1023,5846.84
222,2026-01-14,Delta Office,DEL-1036,3684.51
29,2026-07-27,Acme Supplies,ACM-1028,3146.56
48,2026-04-15,Acme Supplies,ACM-1047,6509.24
341,2026-08-26,Fulton Print,FUL-1035,3660.52
127,2026-07-05,Corvus Freight,COR-1005,6500.39
197,2026-08-05,Delta Office,DEL-1011,1562.85
216,2026-04-25,Delta Office,DEL-1030,4331.37
196,2026-06-29,Delta Office,DEL-1010,1340.45
205,2026-07-20,Delta Office,DEL-1019,1868.13
359,2026-08-02,Fulton Print,FUL-1053,1425.07
272,2026-03-28,Evergreen IT,EVE-1026,814.14
270,2026-06-13,Evergreen IT,EVE-1024,5605.78
123,2026-02-05,Corvus Freight,COR-1002,6791.96
281,2026-09-04,Evergreen IT,EVE-1035,8692.85
2,2026-03-06,Acme Supplies,ACM-1001,2210.6
358,2026-08-01,Fulton Print,FUL-1052,6632.44
208,2026-07-21,Delta Office,DEL-1022,520.62
136,2026-09-18,Corvus Freight,COR-1014,5154.68
290,2026-04-30,Evergreen IT,EVE-1044,1994.43
143,2026-05-13,Corvus Freight,COR-1020,2345.65
336,2026-06-11,Fulton Print,FUL-1030,512.77
44,2026-03-06,Acme Supplies,ACM-1043,2891.28
34,2026-09-14,Acme Supplies,ACM-1033,2572.69
258,2026-06-23,Evergreen IT,EVE-1012,3668.12
87,2026-05-04,Brightline,BRI-1026,7774.03
329,2026-04-14,Fulton Print,FUL-1023,7312.91
121,2026-03-20,Corvus Freight,COR-1000,8031.0
103,2026-01-18,Brightline,BRI-1042,2008.32
3,2026-01-23,Acme Supplies,ACM-1002,7590.77
71,2026-09-10,Brightline,BRI-1010,5869.06
190,2026-03-09,Delta Office,DEL-1004,852.39
92,2026-05-23,Brightline,BRI-1031,5549.31
345,2026-02-22,Fulton Print,FUL-1039,8923.57
61,2026-06-13,Brightline,BRI-1000,2216.29
224,2026-01-19,Delta Office,DEL-1038,1416.85
43,2026-08-20,Acme Supplies,ACM-1042,4610.14
4,2026-03-20,Acme Supplies,ACM-1003,2790.48
122,2026-02-06,Corvus Freight,COR-1001,6987.9
321,2026-09-19,Fulton Print,FUL-1015,4426.95
314,2026-05-22,Fulton Print,FUL-1008,5390.42
306,2026-01-17,Fulton Print,FUL-1000,4431.32
191,2026-08-06,Delta Office,DEL-1005,5286.57
217,2026-03-21,Delta Office,DEL-1031,6202.06
301,2026-04-18,Evergreen IT,EVE-1055,996.37
172,2026-04-24,Corvus Freight,COR-1047,4177.22
70,2026-08-05,Brightline,BRI-1009,3105.63
322,2026-07-17,Fulton Print,FUL-1016,7800.69
309,2026-02-17,Fulton Print,FUL-1003,1105.19
60,2026-06-30,Acme Supplies,ACM-1059,938.8
259,2026-03-06,Evergreen IT,EVE-1013,4514.06
298,2026-04-27,Evergreen IT,EVE-1052,5778.86
177,2026-05-04,Corvus Freight,COR-1052,2294.8
310,2026-05-27,Fulton Print,FUL-1004,7303.13
154,2026-01-01,Corvus Freight,COR-1030,3496.16
80,2026-02-23,Brightline,BRI-1019,1910.18
138,2026-05-12,Corvus Freight,COR-1016,3778.74
18,2026-05-11,Acme Supplies,ACM-1017,8249.78
319,2026-08-19,Fulton Print,FUL-1013,5738.63
251,2026-05-03,Evergreen IT,EVE-1005,2670.88
248,2026-07-21,Evergreen IT,EVE-1002,3966.52
367,2026-05-02,Delta Office,DEL-1007,290.0
334,2026-03-06,Fulton Print,FUL-1028,1384.01
245,2026-05-02,Delta Office,DEL-1059,2595.92
214,2026-05-04,Delta Office,DEL-1028,7904.88
354,2026-09-07,Fulton Print,FUL-1048,4776.27
76,2026-01-07,Brightline,BRI-1015,2195.71
340,2026-02-12,Fulton Print,FUL-1034,806.18
179,2026-02-18,Corvus Freight,COR-1053,8946.88
264,2026-04-01,Evergreen IT,EVE-1018,7370.8
104,2026-09-24,Brightline,BRI-1043,615.29
33,2026-03-09,Acme Supplies,ACM-1032,1997.17
257,2026-05-06,Evergreen IT,EVE-1011,7261.17
261,2026-05-03,Evergreen IT,EVE-1015,3705.92
221,2026-02-08,Delta Office,DEL-1035,5356.36
19,2026-02-18,Acme Supplies,ACM-1018,7562.21
46,2026-01-08,Acme Supplies,ACM-1045,8947.49
20,2026-07-28,Acme Supplies,ACM-1019,8956.1
32,2026-05-11,Acme Supplies,ACM-1031,1546.91
41,2026-02-14,Acme Supplies,ACM-1040,7772.61
288,2026-09-10,Evergreen IT,EVE-1042,8562.94
365,2026-07-03,Fulton Print,FUL-1059,6976.79
142,2026-04-19,Corvus Freight,COR-1019,6922.74
69,2026-06-20,Brightline,BRI-1008,8344.48
47,2026-05-07,Acme Supplies,ACM-1046,1811.74
204,2026-07-02,Delta Office,DEL-1018,3141.73
57,2026-04-02,Acme Supplies,ACM-1056,7457.14
55,2026-05-12,Acme Supplies,ACM-1054,6792.57
352,2026-09-25,Fulton Print,FUL-1046,5414.34
183,2026-02-13,Corvus Freight,COR-1057,1057.46
275,2026-07-30,Evergreen IT,EVE-1029,5720.52
153,2026-02-06,Corvus Freight,COR-1029,4318.15
236,2026-06-03,Delta Office,DEL-1050,2944.96
300,2026-08-29,Evergreen IT,EVE-1054,6775.44
283,2026-09-01,Evergreen IT,EVE-1037,4998.23
292,2026-04-03,Evergreen IT,EVE-1046,802.39
94,2026-06-09,Brightline,BRI-1033,4573.55
141,2026-05-25,Corvus Freight,COR-1018,2982.81
286,2026-05-11,Evergreen IT,EVE-1040,260.81
356,2026-02-14,Fulton Print,FUL-1050,6975.58
239,2026-01-24,Delta Office,DEL-1053,900.79
132,2026-03-24,Corvus Freight,COR-1010,1416.57
58,2026-08-26,Acme Supplies,ACM-1057,6673.63
116,2026-01-16,Brightline,BRI-1055,8635.88
255,2026-05-05,Evergreen IT,EVE-1009,5532.91
10,2026-07-01,Acme Supplies,ACM-1009,3189.91
155,2026-08-15,Corvus Freight,COR-1031,3116.15
215,2026-01-16,Delta Office,DEL-1029,1404.61
240,2026-09-28,Delta Office,DEL-1054,2493.27
285,2026-03-20,Evergreen IT,EVE-1039,2788.74
297,2026-07-19,Evergreen IT,EVE-1051,3886.96
95,2026-09-15,Brightline,BRI-1034,7686.19
110,2026-05-08,Brightline,BRI-1049,3167.74
156,2026-07-10,Corvus Freight,COR-1032,3195.91
50,2026-05-20,Acme Supplies,ACM-1049,8757.75
244,2026-06-14,Delta Office,DEL-1058,4243.85
170,2026-01-04,Corvus Freight,COR-1045,7025.9
25,2026-05-07,Acme Supplies,ACM-1024,6982.7
254,2026-07-30,Evergreen IT,EVE-1008,6006.19
49,2026-07-01,Acme Supplies,ACM-1048,2540.34
112,2026-09-16,Brightline,BRI-1051,3277.02
37,2026-03-15,Acme Supplies,ACM-1036,5513.36
15,2026-08-14,Acme Supplies,ACM-1014,734.81
247,2026-05-07,Evergreen IT,EVE-1001,6835.75
180,2026-08-19,Corvus Freight,COR-1054,2435.32
280,2026-01-14,Evergreen IT,EVE-1034,5308.64
207,2026-01-17,Delta Office,DEL-1021,8387.98
85,2026-04-26,Brightline,BRI-1024,7788.54
335,2026-02-22,Fulton Print,FUL-1029,8282.65
105,2026-03-02,Brightline,BRI-1044,2697.99
238,2026-03-07,Delta Office,DEL-1052,5949.95
366,2026-05-02,Delta Office,DEL-1007,-310.0
119,2026-04-18,Brightline,BRI-1058,2475.07
75,2026-05-21,Brightline,BRI-1014,7285.79
134,2026-09-25,Corvus Freight,COR-1012,7238.63
11,2026-09-24,Acme Supplies,ACM-1010,3448.66
360,2026-04-22,Fulton Print,FUL-1054,1001.94
287,2026-07-09,Evergreen IT,EVE-1041,5674.56
64,2026-05-12,Brightline,BRI-1003,5908.49
227,2026-03-01,Delta Office,DEL-1041,5548.33
289,2026-07-01,Evergreen IT,EVE-1043,6583.53
323,2026-09-03,Fulton Print,FUL-1017,3197.93
318,2026-01-27,Fulton Print,FUL-1012,4242.01
250,2026-02-23,Evergreen IT,EVE-1004,4176.6
53,2026-04-09,Acme Supplies,ACM-1052,5552.68
12,2026-06-22,Acme Supplies,ACM-1011,5460.2
27,2026-06-14,Acme Supplies,ACM-1026,6944.55
17,2026-03-13,Acme Supplies,ACM-1016,3205.99
6,2026-09-18,Acme Supplies,ACM-1005,8099.81
166,2026-02-03,Corvus Freight,COR-1041,7771.32
147,2026-04-17,Corvus Freight,COR-1024,2735.47
97,2026-03-18,Brightline,BRI-1036,6682.72
163,2026-07-14,Corvus Freight,COR-1039,6661.41
184,2026-03-09,Corvus Freight,COR-1058,3868.7
145,2026-06-24,Corvus Freight,COR-1022,4988.98
65,2026-09-09,Brightline,BRI-1004,2665.57
194,2026-09-03,Delta Office,DEL-1008,7483.14
355,2026-09-15,Fulton Print,FUL-1049,3092.53
266,2026-07-25,Evergreen IT,EVE-1020,6470.59
125,2026-08-04,Corvus Freight,COR-1004,987.32
326,2026-07-31,Fulton Print,FUL-1020,4730.9
59,2026-03-27,Acme Supplies,ACM-1058,8836.73
164,2026-06-07,Corvus Freight,COR-1040,2089.71
79,2026-02-16,Brightline,BRI-1018,6036.18
182,2026-06-03,Corvus Freight,COR-1056,5838.67
235,2026-01-29,Delta Office,DEL-1049,1574.09
162,2026-04-08,Corvus Freight,COR-1038,3538.6
346,2026-09-23,Fulton Print,FUL-1040,621.84
178,2026-01-29,Corvus Freight,COR-1053,8946.88
295,2026-09-18,Evergreen IT,EVE-1049,3425.51
253,2026-08-15,Evergreen IT,EVE-1007,4597.75
26,2026-05-18,Acme Supplies,ACM-1025,6264.48
203,2026-04-06,Delta Office,DEL-1017,3675.67
129,2026-02-20,Corvus Freight,COR-1007,2425.98
294,2026-07-15,Evergreen IT,EVE-1048,6162.35
242,2026-03-23,Delta Office,DEL-1056,2199.05
96,2026-03-16,Brightline,BRI-1035,8244.91
249,2026-08-21,Evergreen IT,EVE-1003,4322.16
102,2026-07-11,Brightline,BRI-1041,340.06
296,2026-04-17,Evergreen IT,EVE-1050,3834.38
228,2026-09-01,Delta Office,DEL-1042,4096.68
192,2026-05-17,Delta Office,DEL-1006,2222.05
